#
# There is insufficient memory for the Java Runtime Environment to continue.
# Native memory allocation (mmap) failed to map 65536 bytes. Error detail: Failed to commit metaspace.
# Possible reasons:
#   The system is out of physical RAM or swap space
#   This process is running with CompressedOops enabled, and the Java Heap may be blocking the growth of the native heap
# Possible solutions:
#   Reduce memory load on the system
#   Increase physical memory or swap space
#   Check if swap backing store is full
#   Decrease Java heap size (-Xmx/-Xms)
#   Decrease number of Java threads
#   Decrease Java thread stack sizes (-Xss)
#   Set larger code cache with -XX:ReservedCodeCacheSize=
#   JVM is running with Zero Based Compressed Oops mode in which the Java heap is
#     placed in the first 32GB address space. The Java Heap base address is the
#     maximum limit for the native heap growth. Please use -XX:HeapBaseMinAddress
#     to set the Java Heap base and to place the Java Heap above 32GB virtual address.
# This output file may be truncated or incomplete.
#
#  Out of Memory Error (virtualSpaceNode.cpp:113), pid=35052, tid=26484
#
# JRE version: OpenJDK Runtime Environment (21.0.9) (build 21.0.9+-14649483-b1163.86)
# Java VM: OpenJDK 64-Bit Server VM (21.0.9+-14649483-b1163.86, mixed mode, tiered, compressed oops, compressed class ptrs, g1 gc, windows-amd64)
# No core dump will be written. Minidumps are not enabled by default on client versions of Windows
#

---------------  S U M M A R Y ------------

Command Line: --add-opens=java.base/java.lang=ALL-UNNAMED --add-opens=java.base/java.lang.invoke=ALL-UNNAMED --add-opens=java.base/java.util=ALL-UNNAMED --add-opens=java.prefs/java.util.prefs=ALL-UNNAMED --add-exports=jdk.compiler/com.sun.tools.javac.api=ALL-UNNAMED --add-exports=jdk.compiler/com.sun.tools.javac.util=ALL-UNNAMED --add-opens=java.base/java.util=ALL-UNNAMED --add-opens=java.prefs/java.util.prefs=ALL-UNNAMED --add-opens=java.base/java.nio.charset=ALL-UNNAMED --add-opens=java.base/java.net=ALL-UNNAMED --add-opens=java.base/java.util.concurrent.atomic=ALL-UNNAMED --add-opens=java.xml/javax.xml.namespace=ALL-UNNAMED -XX:MaxMetaspaceSize=4G -XX:ReservedCodeCacheSize=512m -XX:+HeapDumpOnOutOfMemoryError -Xmx8G -Dfile.encoding=UTF-8 -Duser.country=US -Duser.language=en -Duser.variant -javaagent:C:\Users\vansh\.gradle\wrapper\dists\gradle-8.13-bin\5xuhj0ry160q40clulazy9h7d\gradle-8.13\lib\agents\gradle-instrumentation-agent-8.13.jar org.gradle.launcher.daemon.bootstrap.GradleDaemon 8.13

Host: Intel(R) Core(TM) Ultra 7 258V, 8 cores, 31G,  Windows 11 , 64 bit Build 26100 (10.0.26100.7920)
Time: Sat May  9 00:54:04 2026 India Standard Time elapsed time: 113.116555 seconds (0d 0h 1m 53s)

---------------  T H R E A D  ---------------

Current thread (0x00000215c02db970):  JavaThread "Execution worker Thread 2"        [_thread_in_vm, id=26484, stack(0x000000e9a8000000,0x000000e9a8100000) (1024K)]

Stack: [0x000000e9a8000000,0x000000e9a8100000]
Native frames: (J=compiled Java code, j=interpreted, Vv=VM code, C=native code)
V  [jvm.dll+0x6d6c99]
V  [jvm.dll+0x866b83]
V  [jvm.dll+0x86919e]
V  [jvm.dll+0x869883]
V  [jvm.dll+0x280776]
V  [jvm.dll+0x861a3e]
V  [jvm.dll+0x67a1b5]
V  [jvm.dll+0x1e4571]
V  [jvm.dll+0x1e433e]
V  [jvm.dll+0x67cb08]
V  [jvm.dll+0x67c942]
V  [jvm.dll+0x67abae]
V  [jvm.dll+0x26b30f]
V  [jvm.dll+0x684d25]
V  [jvm.dll+0x2164dc]
V  [jvm.dll+0x216a25]
V  [jvm.dll+0x217406]
V  [jvm.dll+0x20c3ba]
V  [jvm.dll+0x5b7535]
V  [jvm.dll+0x7decf3]
V  [jvm.dll+0x7dee3b]
V  [jvm.dll+0x472707]
V  [jvm.dll+0x478058]
C  [java.dll+0x17ec]

Java frames: (J=compiled Java code, j=interpreted, Vv=VM code)
J 1062  java.lang.ClassLoader.defineClass1(Ljava/lang/ClassLoader;Ljava/lang/String;[BIILjava/security/ProtectionDomain;Ljava/lang/String;)Ljava/lang/Class; java.base@21.0.9 (0 bytes) @ 0x000002159e911291 [0x000002159e9111c0+0x00000000000000d1]
J 11243 c2 java.security.SecureClassLoader.defineClass(Ljava/lang/String;[BIILjava/security/CodeSource;)Ljava/lang/Class; java.base@21.0.9 (16 bytes) @ 0x000002159eb6b86c [0x000002159eb6b6c0+0x00000000000001ac]
J 11648 c2 java.net.URLClassLoader$1.run()Ljava/lang/Object; java.base@21.0.9 (5 bytes) @ 0x000002159eb2f7c4 [0x000002159eb2e980+0x0000000000000e44]
J 12585 c2 org.gradle.internal.classloader.VisitableURLClassLoader$InstrumentingVisitableURLClassLoader.findClass(Ljava/lang/String;)Ljava/lang/Class; (36 bytes) @ 0x000002159ef723c4 [0x000002159ef71fa0+0x0000000000000424]
J 17868 c2 java.lang.ClassLoader.loadClass(Ljava/lang/String;Z)Ljava/lang/Class; java.base@21.0.9 (121 bytes) @ 0x000002159f42bbcc [0x000002159f42b8a0+0x000000000000032c]
J 3769 c2 java.lang.ClassLoader.loadClass(Ljava/lang/String;)Ljava/lang/Class; java.base@21.0.9 (7 bytes) @ 0x000002159e92a2ec [0x000002159e92a2a0+0x000000000000004c]
v  ~StubRoutines::call_stub 0x000002159e2f100d
j  com.google.protobuf.GeneratedMessageV3$FieldAccessorTable.ensureFieldAccessorsInitialized(Ljava/lang/Class;Ljava/lang/Class;)Lcom/google/protobuf/GeneratedMessageV3$FieldAccessorTable;+156
j  com.android.tools.build.libraries.metadata.AppDependencies.internalGetFieldAccessorTable()Lcom/google/protobuf/GeneratedMessageV3$FieldAccessorTable;+7
j  com.google.protobuf.GeneratedMessageV3.getDescriptorForType()Lcom/google/protobuf/Descriptors$Descriptor;+1
j  com.google.protobuf.TextFormat$Printer.print(Lcom/google/protobuf/MessageOrBuilder;Lcom/google/protobuf/TextFormat$TextGenerator;)V+1
j  com.google.protobuf.TextFormat$Printer.print(Lcom/google/protobuf/MessageOrBuilder;Ljava/lang/Appendable;)V+6
j  com.google.protobuf.TextFormat$Printer.printToString(Lcom/google/protobuf/MessageOrBuilder;)Ljava/lang/String;+11
j  com.google.protobuf.AbstractMessage.toString()Ljava/lang/String;+4
j  com.android.build.gradle.internal.tasks.SdkDependencyDataGeneratorTask.doTaskAction()V+264
j  com.android.build.gradle.internal.tasks.NonIncrementalTask$taskAction$$inlined$recordTaskAction$1.invoke()V+16
j  com.android.build.gradle.internal.tasks.Blocks.recordSpan(Ljava/lang/String;Lcom/google/wireless/android/sdk/stats/GradleBuildProfileSpan$ExecutionType;Lcom/android/build/gradle/internal/profile/AnalyticsService;Lcom/android/build/gradle/internal/tasks/Blocks$ThrowingBlock;)V+12
j  com.android.build.gradle.internal.tasks.NonIncrementalTask.taskAction()V+37
J 11231 c1 java.lang.invoke.DirectMethodHandle$Holder.invokeSpecial(Ljava/lang/Object;Ljava/lang/Object;)V java.base@21.0.9 (14 bytes) @ 0x000002158f098404 [0x000002158f098060+0x00000000000003a4]
J 14545 c1 java.lang.invoke.LambdaForm$MH+0x000000080032c800.invoke(Ljava/lang/Object;Ljava/lang/Object;)Ljava/lang/Object; java.base@21.0.9 (36 bytes) @ 0x000002158fcfed74 [0x000002158fcfe800+0x0000000000000574]
J 12307 c2 jdk.internal.reflect.DirectMethodHandleAccessor.invoke(Ljava/lang/Object;[Ljava/lang/Object;)Ljava/lang/Object; java.base@21.0.9 (92 bytes) @ 0x000002159ef458d0 [0x000002159ef45740+0x0000000000000190]
J 3543 c1 org.gradle.internal.reflect.JavaMethod.invoke(Ljava/lang/Object;[Ljava/lang/Object;)Ljava/lang/Object; (74 bytes) @ 0x000002158ecc114c [0x000002158ecc0bc0+0x000000000000058c]
j  org.gradle.api.internal.project.taskfactory.StandardTaskAction.doExecute(Lorg/gradle/api/Task;Ljava/lang/String;)V+16
j  org.gradle.api.internal.project.taskfactory.StandardTaskAction.execute(Lorg/gradle/api/Task;)V+32
j  org.gradle.api.internal.project.taskfactory.StandardTaskAction.execute(Ljava/lang/Object;)V+5
j  org.gradle.api.internal.tasks.execution.TaskExecution$3.run(Lorg/gradle/internal/operations/BuildOperationContext;)V+23
J 14735 c2 org.gradle.internal.operations.DefaultBuildOperationRunner$1.execute(Lorg/gradle/internal/operations/BuildOperation;Lorg/gradle/internal/operations/BuildOperationContext;)V (10 bytes) @ 0x000002159f0e64cc [0x000002159f0e5c20+0x00000000000008ac]
J 20902 c2 org.gradle.internal.operations.DefaultBuildOperationRunner.execute(Lorg/gradle/internal/operations/BuildOperationDescriptor$Builder;Lorg/gradle/internal/operations/BuildOperationState;Lorg/gradle/internal/operations/DefaultBuildOperationRunner$BuildOperationExecution;)Ljava/lang/Object; (147 bytes) @ 0x000002159f6e89f4 [0x000002159f6e7d40+0x0000000000000cb4]
J 16627 c2 org.gradle.internal.operations.DefaultBuildOperationRunner.run(Lorg/gradle/internal/operations/RunnableBuildOperation;)V (13 bytes) @ 0x000002159f2f170c [0x000002159f2f1580+0x000000000000018c]
j  org.gradle.api.internal.tasks.execution.TaskExecution.executeAction(Ljava/lang/String;Lorg/gradle/api/internal/TaskInternal;Lorg/gradle/api/internal/tasks/InputChangesAwareTaskAction;Lorg/gradle/internal/execution/history/changes/InputChangesInternal;Z)V+30
j  org.gradle.api.internal.tasks.execution.TaskExecution.executeActions(Lorg/gradle/api/internal/TaskInternal;Lorg/gradle/internal/execution/history/changes/InputChangesInternal;)V+131
j  org.gradle.api.internal.tasks.execution.TaskExecution.executeWithPreviousOutputFiles(Lorg/gradle/internal/execution/history/changes/InputChangesInternal;)Lorg/gradle/internal/execution/UnitOfWork$WorkResult;+46
j  org.gradle.api.internal.tasks.execution.TaskExecution.execute(Lorg/gradle/internal/execution/UnitOfWork$ExecutionRequest;)Lorg/gradle/internal/execution/UnitOfWork$WorkOutput;+61
j  org.gradle.internal.execution.steps.ExecuteStep.executeInternal(Lorg/gradle/internal/execution/UnitOfWork;Lorg/gradle/internal/execution/steps/InputChangesContext;)Lorg/gradle/internal/execution/steps/Result;+16
j  org.gradle.internal.execution.steps.ExecuteStep.access$000(Lorg/gradle/internal/execution/UnitOfWork;Lorg/gradle/internal/execution/steps/InputChangesContext;)Lorg/gradle/internal/execution/steps/Result;+2
j  org.gradle.internal.execution.steps.ExecuteStep$1.call(Lorg/gradle/internal/operations/BuildOperationContext;)Lorg/gradle/internal/execution/steps/Result;+8
j  org.gradle.internal.execution.steps.ExecuteStep$1.call(Lorg/gradle/internal/operations/BuildOperationContext;)Ljava/lang/Object;+2
J 14217 c2 org.gradle.internal.operations.DefaultBuildOperationRunner$CallableBuildOperationWorker.execute(Lorg/gradle/internal/operations/BuildOperation;Lorg/gradle/internal/operations/BuildOperationContext;)V (10 bytes) @ 0x000002159f09581c [0x000002159f0957a0+0x000000000000007c]
J 20902 c2 org.gradle.internal.operations.DefaultBuildOperationRunner.execute(Lorg/gradle/internal/operations/BuildOperationDescriptor$Builder;Lorg/gradle/internal/operations/BuildOperationState;Lorg/gradle/internal/operations/DefaultBuildOperationRunner$BuildOperationExecution;)Ljava/lang/Object; (147 bytes) @ 0x000002159f6e89f4 [0x000002159f6e7d40+0x0000000000000cb4]
J 14309 c2 org.gradle.internal.operations.DefaultBuildOperationRunner.call(Lorg/gradle/internal/operations/CallableBuildOperation;)Ljava/lang/Object; (24 bytes) @ 0x000002159f0a2064 [0x000002159f0a1e80+0x00000000000001e4]
j  org.gradle.internal.execution.steps.ExecuteStep.execute(Lorg/gradle/internal/execution/UnitOfWork;Lorg/gradle/internal/execution/steps/ChangingOutputsContext;)Lorg/gradle/internal/execution/steps/Result;+28
j  org.gradle.internal.execution.steps.ExecuteStep.execute(Lorg/gradle/internal/execution/UnitOfWork;Lorg/gradle/internal/execution/steps/Context;)Lorg/gradle/internal/execution/steps/Result;+6
j  org.gradle.internal.execution.steps.CancelExecutionStep.execute(Lorg/gradle/internal/execution/UnitOfWork;Lorg/gradle/internal/execution/steps/Context;)Lorg/gradle/internal/execution/steps/Result;+35
j  org.gradle.internal.execution.steps.TimeoutStep.executeWithoutTimeout(Lorg/gradle/internal/execution/UnitOfWork;Lorg/gradle/internal/execution/steps/Context;)Lorg/gradle/internal/execution/steps/Result;+6
j  org.gradle.internal.execution.steps.TimeoutStep.execute(Lorg/gradle/internal/execution/UnitOfWork;Lorg/gradle/internal/execution/steps/Context;)Lorg/gradle/internal/execution/steps/Result;+92
j  org.gradle.internal.execution.steps.PreCreateOutputParentsStep.execute(Lorg/gradle/internal/execution/UnitOfWork;Lorg/gradle/internal/execution/steps/ChangingOutputsContext;)Lorg/gradle/internal/execution/steps/Result;+24
j  org.gradle.internal.execution.steps.PreCreateOutputParentsStep.execute(Lorg/gradle/internal/execution/UnitOfWork;Lorg/gradle/internal/execution/steps/Context;)Lorg/gradle/internal/execution/steps/Result;+6
j  org.gradle.internal.execution.steps.RemovePreviousOutputsStep.execute(Lorg/gradle/internal/execution/UnitOfWork;Lorg/gradle/internal/execution/steps/ChangingOutputsContext;)Lorg/gradle/internal/execution/steps/Result;+57
j  org.gradle.internal.execution.steps.RemovePreviousOutputsStep.execute(Lorg/gradle/internal/execution/UnitOfWork;Lorg/gradle/internal/execution/steps/Context;)Lorg/gradle/internal/execution/steps/Result;+6
j  org.gradle.internal.execution.steps.BroadcastChangingOutputsStep.execute(Lorg/gradle/internal/execution/UnitOfWork;Lorg/gradle/internal/execution/steps/InputChangesContext;)Lorg/gradle/internal/execution/steps/Result;+53
j  org.gradle.internal.execution.steps.BroadcastChangingOutputsStep.execute(Lorg/gradle/internal/execution/UnitOfWork;Lorg/gradle/internal/execution/steps/Context;)Lorg/gradle/internal/execution/steps/Result;+6
j  org.gradle.internal.execution.steps.CaptureOutputsAfterExecutionStep.execute(Lorg/gradle/internal/execution/UnitOfWork;Lorg/gradle/internal/execution/steps/WorkspaceContext;)Lorg/gradle/internal/execution/steps/AfterExecutionResult;+6
j  org.gradle.internal.execution.steps.CaptureOutputsAfterExecutionStep.execute(Lorg/gradle/internal/execution/UnitOfWork;Lorg/gradle/internal/execution/steps/Context;)Lorg/gradle/internal/execution/steps/Result;+6
j  org.gradle.internal.execution.steps.ResolveInputChangesStep.execute(Lorg/gradle/internal/execution/UnitOfWork;Lorg/gradle/internal/execution/steps/IncrementalCachingContext;)Lorg/gradle/internal/execution/steps/Result;+22
j  org.gradle.internal.execution.steps.ResolveInputChangesStep.execute(Lorg/gradle/internal/execution/UnitOfWork;Lorg/gradle/internal/execution/steps/Context;)Lorg/gradle/internal/execution/steps/Result;+6
j  org.gradle.internal.execution.steps.BuildCacheStep.executeWithoutCache(Lorg/gradle/internal/execution/UnitOfWork;Lorg/gradle/internal/execution/steps/WorkspaceContext;)Lorg/gradle/internal/execution/steps/AfterExecutionResult;+6
j  org.gradle.internal.execution.steps.BuildCacheStep.lambda$execute$1(Lorg/gradle/internal/execution/UnitOfWork;Lorg/gradle/internal/execution/steps/WorkspaceContext;Lorg/gradle/internal/execution/caching/CachingState$Disabled;)Lorg/gradle/internal/execution/steps/AfterExecutionResult;+3
j  org.gradle.internal.execution.steps.BuildCacheStep$$Lambda+0x000000080142abe0.apply(Ljava/lang/Object;)Ljava/lang/Object;+16
j  org.gradle.internal.Either$Right.fold(Ljava/util/function/Function;Ljava/util/function/Function;)Ljava/lang/Object;+5
j  org.gradle.internal.execution.caching.CachingState.fold(Ljava/util/function/Function;Ljava/util/function/Function;)Ljava/lang/Object;+6
j  org.gradle.internal.execution.steps.BuildCacheStep.execute(Lorg/gradle/internal/execution/UnitOfWork;Lorg/gradle/internal/execution/steps/WorkspaceContext;)Lorg/gradle/internal/execution/steps/AfterExecutionResult;+25
j  org.gradle.internal.execution.steps.BuildCacheStep.execute(Lorg/gradle/internal/execution/UnitOfWork;Lorg/gradle/internal/execution/steps/Context;)Lorg/gradle/internal/execution/steps/Result;+6
j  org.gradle.internal.execution.steps.StoreExecutionStateStep.execute(Lorg/gradle/internal/execution/UnitOfWork;Lorg/gradle/internal/execution/steps/PreviousExecutionContext;)Lorg/gradle/internal/execution/steps/AfterExecutionResult;+6
j  org.gradle.internal.execution.steps.StoreExecutionStateStep.execute(Lorg/gradle/internal/execution/UnitOfWork;Lorg/gradle/internal/execution/steps/Context;)Lorg/gradle/internal/execution/steps/Result;+6
j  org.gradle.internal.execution.steps.SkipUpToDateStep.executeBecause(Lorg/gradle/internal/execution/UnitOfWork;Lcom/google/common/collect/ImmutableList;Lorg/gradle/internal/execution/steps/IncrementalChangesContext;)Lorg/gradle/internal/execution/steps/UpToDateResult;+11
j  org.gradle.internal.execution.steps.SkipUpToDateStep.lambda$execute$2(Lorg/gradle/internal/execution/UnitOfWork;Lcom/google/common/collect/ImmutableList;Lorg/gradle/internal/execution/steps/IncrementalChangesContext;)Lorg/gradle/internal/execution/steps/UpToDateResult;+4
j  org.gradle.internal.execution.steps.SkipUpToDateStep$$Lambda+0x0000000800ceba08.get()Ljava/lang/Object;+16
J 23713 c1 org.gradle.internal.execution.steps.SkipUpToDateStep.execute(Lorg/gradle/internal/execution/UnitOfWork;Lorg/gradle/internal/execution/steps/IncrementalChangesContext;)Lorg/gradle/internal/execution/steps/UpToDateResult; (72 bytes) @ 0x000002158e788824 [0x000002158e786d00+0x0000000000001b24]
J 23712 c1 org.gradle.internal.execution.steps.SkipUpToDateStep.execute(Lorg/gradle/internal/execution/UnitOfWork;Lorg/gradle/internal/execution/steps/Context;)Lorg/gradle/internal/execution/steps/Result; (10 bytes) @ 0x000002158f2e9eac [0x000002158f2e9d40+0x000000000000016c]
j  org.gradle.internal.execution.steps.legacy.MarkSnapshottingInputsFinishedStep.execute(Lorg/gradle/internal/execution/UnitOfWork;Lorg/gradle/internal/execution/steps/CachingContext;)Lorg/gradle/internal/execution/steps/Result;+18
j  org.gradle.internal.execution.steps.legacy.MarkSnapshottingInputsFinishedStep.execute(Lorg/gradle/internal/execution/UnitOfWork;Lorg/gradle/internal/execution/steps/Context;)Lorg/gradle/internal/execution/steps/Result;+6
J 23352 c1 org.gradle.internal.execution.steps.ResolveIncrementalCachingStateStep.executeDelegate(Lorg/gradle/internal/execution/UnitOfWork;Lorg/gradle/internal/execution/steps/IncrementalChangesContext;Lorg/gradle/internal/execution/caching/CachingState;)Lorg/gradle/internal/execution/steps/UpToDateResult; (23 bytes) @ 0x000002158ea27914 [0x000002158ea276e0+0x0000000000000234]
J 23351 c1 org.gradle.internal.execution.steps.ResolveIncrementalCachingStateStep.executeDelegate(Lorg/gradle/internal/execution/UnitOfWork;Lorg/gradle/internal/execution/steps/ValidationFinishedContext;Lorg/gradle/internal/execution/caching/CachingState;)Lorg/gradle/internal/execution/steps/UpToDateResult; (11 bytes) @ 0x000002158eef49bc [0x000002158eef4840+0x000000000000017c]
J 23682 c1 org.gradle.internal.execution.steps.AbstractResolveCachingStateStep.execute(Lorg/gradle/internal/execution/UnitOfWork;Lorg/gradle/internal/execution/steps/ValidationFinishedContext;)Lorg/gradle/internal/execution/steps/CachingResult; (67 bytes) @ 0x000002158f21feac [0x000002158f21e440+0x0000000000001a6c]
J 23323 c1 org.gradle.internal.execution.steps.AbstractResolveCachingStateStep.execute(Lorg/gradle/internal/execution/UnitOfWork;Lorg/gradle/internal/execution/steps/Context;)Lorg/gradle/internal/execution/steps/Result; (10 bytes) @ 0x000002158f161d24 [0x000002158f161b40+0x00000000000001e4]
J 23347 c1 org.gradle.internal.execution.steps.ResolveChangesStep.execute(Lorg/gradle/internal/execution/UnitOfWork;Lorg/gradle/internal/execution/steps/ValidationFinishedContext;)Lorg/gradle/internal/execution/steps/Result; (49 bytes) @ 0x000002158f3d5b84 [0x000002158f3d4240+0x0000000000001944]
J 23346 c1 org.gradle.internal.execution.steps.ResolveChangesStep.execute(Lorg/gradle/internal/execution/UnitOfWork;Lorg/gradle/internal/execution/steps/Context;)Lorg/gradle/internal/execution/steps/Result; (10 bytes) @ 0x000002158ee3663c [0x000002158ee364c0+0x000000000000017c]
J 22580 c1 org.gradle.internal.execution.steps.ValidateStep.execute(Lorg/gradle/internal/execution/UnitOfWork;Lorg/gradle/internal/execution/steps/BeforeExecutionContext;)Lorg/gradle/internal/execution/steps/Result; (261 bytes) @ 0x000002158f22834c [0x000002158f2244e0+0x0000000000003e6c]
J 22579 c1 org.gradle.internal.execution.steps.ValidateStep.execute(Lorg/gradle/internal/execution/UnitOfWork;Lorg/gradle/internal/execution/steps/Context;)Lorg/gradle/internal/execution/steps/Result; (10 bytes) @ 0x000002158e5ec23c [0x000002158e5ec0c0+0x000000000000017c]
J 22576 c1 org.gradle.internal.execution.steps.AbstractCaptureStateBeforeExecutionStep.execute(Lorg/gradle/internal/execution/UnitOfWork;Lorg/gradle/internal/execution/steps/PreviousExecutionContext;)Lorg/gradle/internal/execution/steps/CachingResult; (41 bytes) @ 0x000002158e69ec9c [0x000002158e69e460+0x000000000000083c]
J 22575 c1 org.gradle.internal.execution.steps.AbstractCaptureStateBeforeExecutionStep.execute(Lorg/gradle/internal/execution/UnitOfWork;Lorg/gradle/internal/execution/steps/Context;)Lorg/gradle/internal/execution/steps/Result; (10 bytes) @ 0x000002158e6021a4 [0x000002158e601fc0+0x00000000000001e4]
J 23208 c1 org.gradle.internal.execution.steps.AbstractSkipEmptyWorkStep.execute(Lorg/gradle/internal/execution/UnitOfWork;Lorg/gradle/internal/execution/steps/WorkspaceContext;)Lorg/gradle/internal/execution/steps/CachingResult; (87 bytes) @ 0x000002158f23e2dc [0x000002158f23c820+0x0000000000001abc]
J 23207 c1 org.gradle.internal.execution.steps.AbstractSkipEmptyWorkStep.execute(Lorg/gradle/internal/execution/UnitOfWork;Lorg/gradle/internal/execution/steps/Context;)Lorg/gradle/internal/execution/steps/Result; (10 bytes) @ 0x000002158ed200a4 [0x000002158ed1fec0+0x00000000000001e4]
J 22434 c1 org.gradle.internal.execution.steps.legacy.MarkSnapshottingInputsStartedStep.execute(Lorg/gradle/internal/execution/UnitOfWork;Lorg/gradle/internal/execution/steps/Context;)Lorg/gradle/internal/execution/steps/Result; (37 bytes) @ 0x00000215909d6e64 [0x00000215909d6c80+0x00000000000001e4]
J 23204 c1 org.gradle.internal.execution.steps.LoadPreviousExecutionStateStep.execute(Lorg/gradle/internal/execution/UnitOfWork;Lorg/gradle/internal/execution/steps/WorkspaceContext;)Lorg/gradle/internal/execution/steps/AfterExecutionResult; (70 bytes) @ 0x000002158f234c44 [0x000002158f234160+0x0000000000000ae4]
J 22443 c1 org.gradle.internal.execution.steps.LoadPreviousExecutionStateStep.execute(Lorg/gradle/internal/execution/UnitOfWork;Lorg/gradle/internal/execution/steps/Context;)Lorg/gradle/internal/execution/steps/Result; (10 bytes) @ 0x00000215909ddb3c [0x00000215909dd9c0+0x000000000000017c]
J 23583 c1 org.gradle.internal.execution.steps.HandleStaleOutputsStep.execute(Lorg/gradle/internal/execution/UnitOfWork;Lorg/gradle/internal/execution/steps/WorkspaceContext;)Lorg/gradle/internal/execution/steps/AfterExecutionResult; (45 bytes) @ 0x000002158f01d67c [0x000002158f01d420+0x000000000000025c]
J 23582 c1 org.gradle.internal.execution.steps.HandleStaleOutputsStep.execute(Lorg/gradle/internal/execution/UnitOfWork;Lorg/gradle/internal/execution/steps/Context;)Lorg/gradle/internal/execution/steps/Result; (10 bytes) @ 0x000002158f06442c [0x000002158f0642c0+0x000000000000016c]
J 23581 c1 org.gradle.internal.execution.steps.AssignMutableWorkspaceStep.lambda$execute$0(Lorg/gradle/internal/execution/steps/IdentityContext;Lorg/gradle/internal/execution/UnitOfWork;Ljava/io/File;Lorg/gradle/internal/execution/history/ExecutionHistoryStore;)Lorg/gradle/internal/execution/steps/WorkspaceResult; (51 bytes) @ 0x000002158ebe198c [0x000002158ebe16a0+0x00000000000002ec]
J 23580 c1 org.gradle.internal.execution.steps.AssignMutableWorkspaceStep$$Lambda+0x0000000800cbe490.executeInWorkspace(Ljava/io/File;Lorg/gradle/internal/execution/history/ExecutionHistoryStore;)Ljava/lang/Object; (18 bytes) @ 0x000002158f066164 [0x000002158f0660c0+0x00000000000000a4]
J 23579 c1 org.gradle.api.internal.tasks.execution.TaskExecution$4.withWorkspace(Ljava/lang/String;Lorg/gradle/internal/execution/workspace/MutableWorkspaceProvider$WorkspaceAction;)Ljava/lang/Object; (39 bytes) @ 0x000002158f3a2e64 [0x000002158f3a2c60+0x0000000000000204]
J 23575 c1 org.gradle.internal.execution.steps.AssignMutableWorkspaceStep.execute(Lorg/gradle/internal/execution/UnitOfWork;Lorg/gradle/internal/execution/steps/IdentityContext;)Lorg/gradle/internal/execution/steps/WorkspaceResult; (35 bytes) @ 0x000002158f1d80b4 [0x000002158f1d7800+0x00000000000008b4]
J 22650 c2 org.gradle.internal.execution.steps.ChoosePipelineStep.execute(Lorg/gradle/internal/execution/UnitOfWork;Lorg/gradle/internal/execution/steps/Context;)Lorg/gradle/internal/execution/steps/Result; (10 bytes) @ 0x000002159e99ccf4 [0x000002159e99cbe0+0x0000000000000114]
J 22707 c1 org.gradle.internal.execution.steps.ExecuteWorkBuildOperationFiringStep$$Lambda+0x0000000800669f00.get()Ljava/lang/Object; (16 bytes) @ 0x000002158e714c54 [0x000002158e714ae0+0x0000000000000174]
J 9968 c1 org.gradle.internal.execution.steps.ExecuteWorkBuildOperationFiringStep.execute(Lorg/gradle/internal/execution/UnitOfWork;Lorg/gradle/internal/execution/steps/Context;)Lorg/gradle/internal/execution/steps/Result; (10 bytes) @ 0x000002158f70ee34 [0x000002158f70dec0+0x0000000000000f74]
J 22254 c1 org.gradle.internal.execution.steps.IdentityCacheStep.execute(Lorg/gradle/internal/execution/UnitOfWork;Lorg/gradle/internal/execution/steps/Context;)Lorg/gradle/internal/execution/steps/Result; (10 bytes) @ 0x00000215909671ac [0x0000021590966f60+0x000000000000024c]
J 22705 c1 org.gradle.internal.execution.steps.IdentifyStep.execute(Lorg/gradle/internal/execution/UnitOfWork;Lorg/gradle/internal/execution/steps/ExecutionRequestContext;)Lorg/gradle/internal/execution/steps/Result; (17 bytes) @ 0x000002158e68d794 [0x000002158e68d640+0x0000000000000154]
J 22253 c1 org.gradle.internal.execution.steps.IdentifyStep.execute(Lorg/gradle/internal/execution/UnitOfWork;Lorg/gradle/internal/execution/steps/Context;)Lorg/gradle/internal/execution/steps/Result; (10 bytes) @ 0x0000021590966bbc [0x0000021590966a40+0x000000000000017c]
J 23200 c1 org.gradle.api.internal.tasks.execution.ExecuteActionsTaskExecuter.executeIfValid(Lorg/gradle/api/internal/TaskInternal;Lorg/gradle/api/internal/tasks/TaskStateInternal;Lorg/gradle/api/internal/tasks/TaskExecutionContext;Lorg/gradle/api/internal/tasks/execution/TaskExecution;)Lorg/gradle/api/internal/tasks/TaskExecuterResult; (95 bytes) @ 0x000002158f1b68b4 [0x000002158f1b5e40+0x0000000000000a74]
J 23198 c1 org.gradle.api.internal.tasks.execution.ExecuteActionsTaskExecuter.execute(Lorg/gradle/api/internal/TaskInternal;Lorg/gradle/api/internal/tasks/TaskStateInternal;Lorg/gradle/api/internal/tasks/TaskExecutionContext;)Lorg/gradle/api/internal/tasks/TaskExecuterResult; (81 bytes) @ 0x000002158e70f4e4 [0x000002158e70f280+0x0000000000000264]
J 22442 c1 org.gradle.api.internal.tasks.execution.ProblemsTaskPathTrackingTaskExecuter.execute(Lorg/gradle/api/internal/TaskInternal;Lorg/gradle/api/internal/tasks/TaskStateInternal;Lorg/gradle/api/internal/tasks/TaskExecutionContext;)Lorg/gradle/api/internal/tasks/TaskExecuterResult; (40 bytes) @ 0x00000215909dc8ec [0x00000215909dc240+0x00000000000006ac]
J 21673 c1 org.gradle.api.internal.tasks.execution.FinalizePropertiesTaskExecuter.execute(Lorg/gradle/api/internal/TaskInternal;Lorg/gradle/api/internal/tasks/TaskStateInternal;Lorg/gradle/api/internal/tasks/TaskExecutionContext;)Lorg/gradle/api/internal/tasks/TaskExecuterResult; (168 bytes) @ 0x0000021590858884 [0x0000021590858220+0x0000000000000664]
J 22440 c1 org.gradle.api.internal.tasks.execution.ResolveTaskExecutionModeExecuter.execute(Lorg/gradle/api/internal/TaskInternal;Lorg/gradle/api/internal/tasks/TaskStateInternal;Lorg/gradle/api/internal/tasks/TaskExecutionContext;)Lorg/gradle/api/internal/tasks/TaskExecuterResult; (107 bytes) @ 0x00000215909d96bc [0x00000215909d8f40+0x000000000000077c]
J 22370 c1 org.gradle.api.internal.tasks.execution.SkipTaskWithNoActionsExecuter.execute(Lorg/gradle/api/internal/TaskInternal;Lorg/gradle/api/internal/tasks/TaskStateInternal;Lorg/gradle/api/internal/tasks/TaskExecutionContext;)Lorg/gradle/api/internal/tasks/TaskExecuterResult; (126 bytes) @ 0x00000215909aba74 [0x00000215909aadc0+0x0000000000000cb4]
j  org.gradle.api.internal.tasks.execution.SkipOnlyIfTaskExecuter.execute(Lorg/gradle/api/internal/TaskInternal;Lorg/gradle/api/internal/tasks/TaskStateInternal;Lorg/gradle/api/internal/tasks/TaskExecutionContext;)Lorg/gradle/api/internal/tasks/TaskExecuterResult;+199
j  org.gradle.api.internal.tasks.execution.CatchExceptionTaskExecuter.execute(Lorg/gradle/api/internal/TaskInternal;Lorg/gradle/api/internal/tasks/TaskStateInternal;Lorg/gradle/api/internal/tasks/TaskExecutionContext;)Lorg/gradle/api/internal/tasks/TaskExecuterResult;+7
J 23768 c1 org.gradle.api.internal.tasks.execution.EventFiringTaskExecuter$1.executeTask(Lorg/gradle/internal/operations/BuildOperationContext;)Lorg/gradle/api/internal/tasks/TaskExecuterResult; (279 bytes) @ 0x000002158f480f14 [0x000002158f480400+0x0000000000000b14]
J 23767 c1 org.gradle.api.internal.tasks.execution.EventFiringTaskExecuter$1.call(Lorg/gradle/internal/operations/BuildOperationContext;)Lorg/gradle/api/internal/tasks/TaskExecuterResult; (49 bytes) @ 0x000002158ecccb14 [0x000002158eccca80+0x0000000000000094]
J 23766 c1 org.gradle.api.internal.tasks.execution.EventFiringTaskExecuter$1.call(Lorg/gradle/internal/operations/BuildOperationContext;)Ljava/lang/Object; (6 bytes) @ 0x000002158f2c86bc [0x000002158f2c8640+0x000000000000007c]
J 14217 c2 org.gradle.internal.operations.DefaultBuildOperationRunner$CallableBuildOperationWorker.execute(Lorg/gradle/internal/operations/BuildOperation;Lorg/gradle/internal/operations/BuildOperationContext;)V (10 bytes) @ 0x000002159f09581c [0x000002159f0957a0+0x000000000000007c]
J 20902 c2 org.gradle.internal.operations.DefaultBuildOperationRunner.execute(Lorg/gradle/internal/operations/BuildOperationDescriptor$Builder;Lorg/gradle/internal/operations/BuildOperationState;Lorg/gradle/internal/operations/DefaultBuildOperationRunner$BuildOperationExecution;)Ljava/lang/Object; (147 bytes) @ 0x000002159f6e89f4 [0x000002159f6e7d40+0x0000000000000cb4]
J 14309 c2 org.gradle.internal.operations.DefaultBuildOperationRunner.call(Lorg/gradle/internal/operations/CallableBuildOperation;)Ljava/lang/Object; (24 bytes) @ 0x000002159f0a2064 [0x000002159f0a1e80+0x00000000000001e4]
J 23762 c1 org.gradle.api.internal.tasks.execution.EventFiringTaskExecuter.execute(Lorg/gradle/api/internal/TaskInternal;Lorg/gradle/api/internal/tasks/TaskStateInternal;Lorg/gradle/api/internal/tasks/TaskExecutionContext;)Lorg/gradle/api/internal/tasks/TaskExecuterResult; (24 bytes) @ 0x000002158ee84f4c [0x000002158ee84d00+0x000000000000024c]
J 23759 c1 org.gradle.execution.plan.LocalTaskNodeExecutor.execute(Lorg/gradle/execution/plan/Node;Lorg/gradle/api/internal/tasks/NodeExecutionContext;)Z (97 bytes) @ 0x000002158fbd9664 [0x000002158fbd88c0+0x0000000000000da4]
J 22088 c1 org.gradle.execution.taskgraph.DefaultTaskExecutionGraph$InvokeNodeExecutorsAction.execute(Lorg/gradle/execution/plan/Node;)V (85 bytes) @ 0x00000215909272c4 [0x0000021590926b60+0x0000000000000764]
J 22087 c1 org.gradle.execution.taskgraph.DefaultTaskExecutionGraph$InvokeNodeExecutorsAction.execute(Ljava/lang/Object;)V (9 bytes) @ 0x0000021590929bac [0x0000021590929a40+0x000000000000016c]
J 22085 c1 org.gradle.execution.taskgraph.DefaultTaskExecutionGraph$BuildOperationAwareExecutionAction$$Lambda+0x0000000800c966e8.run()V (12 bytes) @ 0x000002159092662c [0x00000215909264c0+0x000000000000016c]
J 21002 c1 org.gradle.internal.operations.CurrentBuildOperationRef.with(Lorg/gradle/internal/operations/BuildOperationRef;Ljava/lang/Runnable;)V (35 bytes) @ 0x000002158f550aa4 [0x000002158f550520+0x0000000000000584]
J 21743 c1 org.gradle.execution.taskgraph.DefaultTaskExecutionGraph$BuildOperationAwareExecutionAction.execute(Ljava/lang/Object;)V (9 bytes) @ 0x00000215908730f4 [0x0000021590872ac0+0x0000000000000634]
J 21741 c1 org.gradle.execution.plan.DefaultPlanExecutor$ExecutorWorker.execute(Ljava/lang/Object;Lorg/gradle/execution/plan/WorkSource;Lorg/gradle/api/Action;)V (88 bytes) @ 0x0000021590871c6c [0x0000021590871ac0+0x00000000000001ac]
j  org.gradle.execution.plan.DefaultPlanExecutor$ExecutorWorker.run()V+75
J 6195 c1 org.gradle.internal.concurrent.ExecutorPolicy$CatchAndRecordFailures.onExecute(Ljava/lang/Runnable;)V (29 bytes) @ 0x000002158efff404 [0x000002158efff2e0+0x0000000000000124]
j  org.gradle.internal.concurrent.AbstractManagedExecutor$1.run()V+25
j  java.util.concurrent.ThreadPoolExecutor.runWorker(Ljava/util/concurrent/ThreadPoolExecutor$Worker;)V+92 java.base@21.0.9
j  java.util.concurrent.ThreadPoolExecutor$Worker.run()V+5 java.base@21.0.9
j  java.lang.Thread.runWith(Ljava/lang/Object;Ljava/lang/Runnable;)V+5 java.base@21.0.9
j  java.lang.Thread.run()V+19 java.base@21.0.9
v  ~StubRoutines::call_stub 0x000002159e2f100d

Compiled method (n/a) 113145 1062     n 0       java.lang.ClassLoader::defineClass1 (native)
 total in heap  [0x000002159e911010,0x000002159e9115a8] = 1432
 relocation     [0x000002159e911170,0x000002159e9111a8] = 56
 main code      [0x000002159e9111c0,0x000002159e9115a1] = 993
 stub code      [0x000002159e9115a1,0x000002159e9115a8] = 7

[Constant Pool (empty)]

[MachCode]
[Entry Point]
  # {method} {0x00000215bc024ff8} 'defineClass1' '(Ljava/lang/ClassLoader;Ljava/lang/String;[BIILjava/security/ProtectionDomain;Ljava/lang/String;)Ljava/lang/Class;' in 'java/lang/ClassLoader'
  # parm0:    rdx:rdx   = 'java/lang/ClassLoader'
  # parm1:    r8:r8     = 'java/lang/String'
  # parm2:    r9:r9     = '[B'
  # parm3:    rdi       = int
  # parm4:    rsi       = int
  # parm5:    rcx:rcx   = 'java/security/ProtectionDomain'
  # parm6:    [sp+0xa0]   = 'java/lang/String'  (sp of caller)
  0x000002159e9111c0: 448b 5208 | 49bb 0000 | 0000 0800 | 0000 4d03 | d349 3bc2 | 0f84 0600 

  0x000002159e9111d8: ;   {runtime_call ic_miss_stub}
  0x000002159e9111d8: 0000 e9a1 | d5a2 ff90 
[Verified Entry Point]
  0x000002159e9111e0: 8984 2400 | 80ff ff55 | 488b ec48 | 81ec 9000 | 0000 6690 | 4181 7f20 | 1b00 0000 

  0x000002159e9111fc: ;   {runtime_call StubRoutines (final stubs)}
  0x000002159e9111fc: 7405 e8dd | a0a1 ff48 | 837d 1000 | 488d 4510 | 480f 4445 | 1048 8944 | 2440 4889 | 4c24 7048 
  0x000002159e91121c: 83f9 0048 | 8d44 2470 | 480f 4444 | 2470 4889 | 4424 3848 | 8974 2430 | 4889 7c24 | 284c 894c 
  0x000002159e91123c: 2458 4983 | f900 488d | 4424 5848 | 0f44 4424 | 5848 8944 | 2420 4c89 | 4424 5049 | 83f8 004c 
  0x000002159e91125c: 8d4c 2450 | 4c0f 444c | 2450 4889 | 5424 4848 | 83fa 004c | 8d44 2448 | 4c0f 4444 

  0x000002159e911278: ;   {oop(a 'java/lang/Class'{0x00000006004c5178} = 'java/lang/ClassLoader')}
  0x000002159e911278: 2448 49be | 7851 4c00 | 0600 0000 | 4c89 7424 | 784c 8d74 | 2478 498b | d6c5 f877 

  0x000002159e911294: ;   {internal_word}
  0x000002159e911294: 49ba 9112 | 919e 1502 | 0000 4d89 | 97a0 0300 | 0049 89a7 | 9803 0000 

  0x000002159e9112ac: ;   {external_word}
  0x000002159e9112ac: 49ba 78fa | 55c8 fe7f | 0000 4180 | 3a00 0f84 | 4e00 0000 | 5241 5041 

  0x000002159e9112c4: ;   {metadata({method} {0x00000215bc024ff8} 'defineClass1' '(Ljava/lang/ClassLoader;Ljava/lang/String;[BIILjava/security/ProtectionDomain;Ljava/lang/String;)Ljava/lang/Class;' in 'java/lang/ClassLoader')}
  0x000002159e9112c4: 5148 baf0 | 4f02 bc15 | 0200 0049 | 8bcf 4883 | ec20 40f6 | c40f 0f84 | 1900 0000 | 4883 ec08 
  0x000002159e9112e4: ;   {runtime_call}
  0x000002159e9112e4: 48b8 20dd | 0fc8 fe7f | 0000 ffd0 | 4883 c408 | e90c 0000 

  0x000002159e9112f8: ;   {runtime_call}
  0x000002159e9112f8: 0048 b820 | dd0f c8fe | 7f00 00ff | d048 83c4 | 2041 5941 | 585a 498d | 8fb8 0300 | 0041 c787 
  0x000002159e911318: 4404 0000 | 0400 0000 

  0x000002159e911320: ;   {runtime_call}
  0x000002159e911320: 48b8 ac16 | 1990 ff7f | 0000 ffd0 | c5f8 7741 | c787 4404 | 0000 0500 | 0000 f083 | 4424 c000 
  0x000002159e911340: 493b af48 | 0400 000f | 870e 0000 | 0041 83bf | 4004 0000 | 000f 842b | 0000 00c5 | f877 4889 
  0x000002159e911360: 45f8 498b | cf4c 8be4 | 4883 ec20 | 4883 e4f0 

  0x000002159e911370: ;   {runtime_call}
  0x000002159e911370: 48b8 3016 | dbc7 fe7f | 0000 ffd0 | 498b e44d | 33e4 488b | 45f8 41c7 | 8744 0400 | 0008 0000 
  0x000002159e911390: 0041 83bf | c004 0000 | 020f 84d5 

  0x000002159e91139c: ;   {external_word}
  0x000002159e91139c: 0100 0049 | ba78 fa55 | c8fe 7f00 | 0041 803a | 000f 844c | 0000 0048 

  0x000002159e9113b4: ;   {metadata({method} {0x00000215bc024ff8} 'defineClass1' '(Ljava/lang/ClassLoader;Ljava/lang/String;[BIILjava/security/ProtectionDomain;Ljava/lang/String;)Ljava/lang/Class;' in 'java/lang/ClassLoader')}
  0x000002159e9113b4: 8945 f848 | baf0 4f02 | bc15 0200 | 0049 8bcf | 4883 ec20 | 40f6 c40f | 0f84 1900 | 0000 4883 
  0x000002159e9113d4: ;   {runtime_call}
  0x000002159e9113d4: ec08 48b8 | 20dd 0fc8 | fe7f 0000 | ffd0 4883 | c408 e90c 

  0x000002159e9113e8: ;   {runtime_call}
  0x000002159e9113e8: 0000 0048 | b820 dd0f | c8fe 7f00 | 00ff d048 | 83c4 2048 | 8b45 f849 | c787 9803 | 0000 0000 
  0x000002159e911408: 0000 49c7 | 87a0 0300 | 0000 0000 | 00c5 f877 | 4885 c00f | 8430 0100 | 00a8 030f | 8508 0000 
  0x000002159e911428: 0048 8b00 | e920 0100 | 00a8 010f | 8509 0000 | 0048 8b40 | fee9 0f01 | 0000 488b | 40ff 4180 
  0x000002159e911448: 7f40 000f | 8400 0100 | 0048 83f8 | 000f 84f6 | 0000 0049 | 8b4f 2848 | 83f9 000f | 8414 0000 
  0x000002159e911468: 0048 83e9 | 0849 894f | 2849 034f | 3848 8901 | e9d4 0000 | 0048 83ec | 7048 8904 | 2448 894c 
  0x000002159e911488: 2408 4889 | 5424 104c | 8944 2418 | 4c89 4c24 | 204c 8954 | 2428 4c89 | 5c24 30c5 | fb11 4424 
  0x000002159e9114a8: 40c5 fb11 | 4c24 48c5 | fb11 5424 | 50c5 fb11 | 5c24 58c5 | fb11 6424 | 60c5 fb11 | 6c24 6849 
  0x000002159e9114c8: 8bd7 488b | c848 83ec | 2040 f6c4 | 0f0f 8419 | 0000 0048 

  0x000002159e9114dc: ;   {runtime_call}
  0x000002159e9114dc: 83ec 0848 | b8b0 22ce | c7fe 7f00 | 00ff d048 | 83c4 08e9 | 0c00 0000 

  0x000002159e9114f4: ;   {runtime_call}
  0x000002159e9114f4: 48b8 b022 | cec7 fe7f | 0000 ffd0 | 4883 c420 | c5fb 106c | 2468 c5fb | 1064 2460 | c5fb 105c 
  0x000002159e911514: 2458 c5fb | 1054 2450 | c5fb 104c | 2448 c5fb | 1044 2440 | 4c8b 5c24 | 304c 8b54 | 2428 4c8b 
  0x000002159e911534: 4c24 204c | 8b44 2418 | 488b 5424 | 1048 8b4c | 2408 488b | 0424 4883 | c470 c5f8 | 7749 8b8f 
  0x000002159e911554: 2804 0000 | c781 0001 | 0000 0000 | 0000 c949 | 837f 0800 | 0f85 0100 

  0x000002159e91156c: ;   {runtime_call StubRoutines (initial stubs)}
  0x000002159e91156c: 0000 c3e9 | 8cf9 9dff | c5f8 7748 | 8945 f84c | 8be4 4883 | ec20 4883 

  0x000002159e911584: ;   {runtime_call}
  0x000002159e911584: e4f0 48b8 | 7014 10c8 | fe7f 0000 | ffd0 498b | e44d 33e4 | 488b 45f8 | e9fe fdff | fff4 f4f4 
  0x000002159e9115a4: f4f4 f4f4 
[/MachCode]


Compiled method (c2) 113153 11243       4       java.security.SecureClassLoader::defineClass (16 bytes)
 total in heap  [0x000002159eb6b310,0x000002159eb6eab0] = 14240
 relocation     [0x000002159eb6b470,0x000002159eb6b6c0] = 592
 main code      [0x000002159eb6b6c0,0x000002159eb6d528] = 7784
 stub code      [0x000002159eb6d528,0x000002159eb6d620] = 248
 oops           [0x000002159eb6d620,0x000002159eb6d630] = 16
 metadata       [0x000002159eb6d630,0x000002159eb6d870] = 576
 scopes data    [0x000002159eb6d870,0x000002159eb6e240] = 2512
 scopes pcs     [0x000002159eb6e240,0x000002159eb6e720] = 1248
 dependencies   [0x000002159eb6e720,0x000002159eb6e7b0] = 144
 handler table  [0x000002159eb6e7b0,0x000002159eb6ea20] = 624
 nul chk table  [0x000002159eb6ea20,0x000002159eb6eab0] = 144

[Constant Pool (empty)]

[MachCode]
[Entry Point]
  # {method} {0x00000215bc03d768} 'defineClass' '(Ljava/lang/String;[BIILjava/security/CodeSource;)Ljava/lang/Class;' in 'java/security/SecureClassLoader'
  # this:     rdx:rdx   = 'java/security/SecureClassLoader'
  # parm0:    r8:r8     = 'java/lang/String'
  # parm1:    r9:r9     = '[B'
  # parm2:    rdi       = int
  # parm3:    rsi       = int
  # parm4:    rcx:rcx   = 'java/security/CodeSource'
  #           [sp+0xc0]  (sp of caller)
  0x000002159eb6b6c0: 448b 5208 | 49bb 0000 | 0000 0800 | 0000 4d03 | d349 3bc2 

  0x000002159eb6b6d4: ;   {runtime_call ic_miss_stub}
  0x000002159eb6b6d4: 0f85 a630 | 7dff 6690 | 0f1f 4000 
[Verified Entry Point]
  0x000002159eb6b6e0: 8984 2400 | 80ff ff55 | 4881 ecb0 | 0000 0090 | 4181 7f20 | 1b00 0000 | 0f85 1e1e | 0000 8974 
  0x000002159eb6b700: 243c 897c | 2438 4c89 | 4c24 304c | 8944 2420 | 4889 5424 | 2848 8be9 | 4885 c90f | 8453 1500 
  0x000002159eb6b720: 004d 8b87 | b801 0000 | 4d8b d049 | 83c2 104d | 3b97 c801 | 0000 0f83 | d911 0000 | 4d89 97b8 
  0x000002159eb6b740: 0100 0041 | 0f0d 8a00 | 0100 0049 | c700 0100 

  0x000002159eb6b750: ;   {metadata('java/security/SecureClassLoader$CodeSourceKey')}
  0x000002159eb6b750: 0000 41c7 | 4008 988b | 0900 4c8b | dd49 c1eb | 0345 8958 | 0c4d 8b8f | b801 0000 | 4c8b 5424 
  0x000002159eb6b770: 2841 8b6a | 504d 8bd1 | 4983 c210 | 4d3b 97c8 | 0100 000f | 8360 1100 | 004d 8997 | b801 0000 
  0x000002159eb6b790: 410f 0d8a | 0001 0000 | 49c7 0101 

  0x000002159eb6b79c: ;   {metadata('java/security/SecureClassLoader$1')}
  0x000002159eb6b79c: 0000 0041 | c741 08d8 | 8d09 004c | 8b54 2428 | 4d8b da49 | c1eb 0345 | 8959 0c45 | 8b5c ec08 
  0x000002159eb6b7bc: ;   {metadata('java/util/concurrent/ConcurrentHashMap')}
  0x000002159eb6b7bc: 4181 fbf0 | 6605 000f | 853f 1400 | 0049 8d14 | ec66 6690 

  0x000002159eb6b7d0: ;   {optimized virtual_call}
  0x000002159eb6b7d0: c5f8 77e8 

  0x000002159eb6b7d4: ; ImmutableOopMap {[32]=Oop [40]=Oop [48]=Oop }
                      ;*invokeinterface computeIfAbsent {reexecute=0 rethrow=0 return_oop=1}
                      ; - java.security.SecureClassLoader::getProtectionDomain@28
                      ; - java.security.SecureClassLoader::defineClass@9
  0x000002159eb6b7d4: a8ad 5100 

  0x000002159eb6b7d8: ;   {other}
  0x000002159eb6b7d8: 0f1f 8400 | c804 0000 

  0x000002159eb6b7e0: ; implicit exception: dispatches to 0x000002159eb6d278
  0x000002159eb6b7e0: 448b 5008 

  0x000002159eb6b7e4: ;   {metadata('java/security/ProtectionDomain')}
  0x000002159eb6b7e4: 4181 fa78 | 4604 000f | 8507 1a00 | 004c 8bc8 | 488b 5424 | 284c 8b44 | 2420 6690 

  0x000002159eb6b800: ;   {optimized virtual_call}
  0x000002159eb6b800: c5f8 77e8 

  0x000002159eb6b804: ; ImmutableOopMap {[32]=Oop [40]=Oop [48]=Oop }
                      ;*invokevirtual preDefineClass {reexecute=0 rethrow=0 return_oop=1}
                      ; - java.lang.ClassLoader::defineClass@4
                      ; - java.security.SecureClassLoader::defineClass@12
  0x000002159eb6b804: 1855 21f1 

  0x000002159eb6b808: ;   {other}
  0x000002159eb6b808: 0f1f 8400 | f804 0001 | 4889 4424 | 4044 8b50 | 1043 8b6c | d40c 458b | 54ec 3845 | 85d2 0f84 
  0x000002159eb6b828: ad13 0000 | 4b8d 14d4 | 4d8d 04ec 

  0x000002159eb6b834: ;   {optimized virtual_call}
  0x000002159eb6b834: c5f8 77e8 

  0x000002159eb6b838: ; ImmutableOopMap {[32]=Oop [40]=Oop [48]=Oop [64]=Oop }
                      ;*invokevirtual toExternalForm {reexecute=0 rethrow=0 return_oop=1}
                      ; - java.net.URL::toExternalForm@5
                      ; - java.net.URL::toString@1
                      ; - java.lang.ClassLoader::defineClassSourceLocation@22
                      ; - java.lang.ClassLoader::defineClass@12
                      ; - java.security.SecureClassLoader::defineClass@12
  0x000002159eb6b838: 44c8 daff 

  0x000002159eb6b83c: ;   {other}
  0x000002159eb6b83c: 0f1f 8400 | 2c05 0002 | 488b 5424 | 284c 8b44 | 2420 4c8b | 4c24 308b | 7c24 388b | 7424 3c48 
  0x000002159eb6b85c: 8b4c 2440 | 4889 0424 

  0x000002159eb6b864: ;   {static_call}
  0x000002159eb6b864: c5f8 77e8 

  0x000002159eb6b868: ; ImmutableOopMap {[40]=Oop [64]=Oop }
                      ;*invokestatic defineClass1 {reexecute=0 rethrow=0 return_oop=1}
                      ; - java.lang.ClassLoader::defineClass@27
                      ; - java.security.SecureClassLoader::defineClass@12
  0x000002159eb6b868: 7459 daff 

  0x000002159eb6b86c: ;   {other}
  0x000002159eb6b86c: 0f1f 8400 | 5c05 0003 | 4889 4424 | 3844 8b50 | 3c45 85d2 | 0f85 ed02 | 0000 4c8b | 5010 458b 
  0x000002159eb6b88c: 5a08 4585 | db0f 8c59 | 1400 0044 | 8b50 2c45 | 85d2 0f84 | 9c08 0000 | 4f8d 0cd4 | 458b 4114 
  0x000002159eb6b8ac: ; implicit exception: dispatches to 0x000002159eb6d384
  0x000002159eb6b8ac: 438b 7cc4 | 0c45 0fbe | 5910 c4e2 | 22f7 cf44 | 8d51 ff45 | 85db 0f85 | f815 0000 | 4b8d 2cc4 
  0x000002159eb6b8cc: 448d 5fff | 453b da45 | 0f4f da45 | 85db 0f8c | e90c 0000 | 4533 d248 | bb00 00b1 | ac15 0200 
  0x000002159eb6b8ec: 0044 8954 | 2430 4889 | 5c24 5066 | 0f1f 8400 | 0000 0000 | 443b df0f | 831a 1200 | 0042 807c 
  0x000002159eb6b90c: 1d10 2e74 | 1749 8b9f | 5004 0000 

  0x000002159eb6b918: ; ImmutableOopMap {r8=NarrowOop r9=Oop rbp=Oop [40]=Oop [56]=Oop [64]=Oop }
                      ;*goto {reexecute=1 rethrow=0 return_oop=0}
                      ; - (reexecute) java.lang.StringLatin1::lastIndexOf@35
                      ; - java.lang.String::lastIndexOf@13
                      ; - java.lang.String::lastIndexOf@8
                      ; - java.lang.Class::getPackageName@47
                      ; - java.lang.ClassLoader::postDefineClass@2
                      ; - java.lang.ClassLoader::defineClass@37
                      ; - java.security.SecureClassLoader::defineClass@12
                      ;   {poll}
  0x000002159eb6b918: 41ff cb85 | 0345 85db | 7dde 41bb | ffff ffff | 4183 fbff | 0f84 0610 | 0000 4585 | db0f 8cd9 
  0x000002159eb6b938: 1500 0044 | 3bd9 0f8f | 1816 0000 | 443b d90f | 84bf 0800 | 0045 85db | 0f84 be08 | 0000 498b 
  0x000002159eb6b958: 9fb8 0100 | 004c 8bd3 | 4983 c218 | 4d3b 97c8 | 0100 000f | 838f 1000 | 004d 8997 | b801 0000 
  0x000002159eb6b978: 410f 0d8a | 0001 0000 | 48c7 0301 

  0x000002159eb6b984: ;   {metadata('java/lang/String')}
  0x000002159eb6b984: 0000 00c7 | 4308 9020 | 0400 4489 | 630c 4c89 | 6310 4f8d | 4cc4 1044 | 3bdf 0f84 | d807 0000 
  0x000002159eb6b9a4: 4181 fb00 | 0010 000f | 875b 1300 | 0049 63cb | 413b fb44 | 8bd7 450f | 4fd3 4489 | 9424 9000 
  0x000002159eb6b9c4: 0000 413b | fa0f 82ae | 1300 0045 | 3bda 0f82 | a513 0000 | 4883 c117 | 4c8b c149 | 83e0 f841 
  0x000002159eb6b9e4: 81fb 0000 | 1000 0f87 | 9410 0000 | 498b b7b8 | 0100 004c | 8bd6 4d03 | d04d 3b97 | c801 0000 
  0x000002159eb6ba04: 0f83 7a10 | 0000 4d89 | 97b8 0100 | 0041 0f0d | 8a00 0100 | 0048 c706 | 0100 0000 | 410f 0d8a 
  0x000002159eb6ba24: 4001 0000 

  0x000002159eb6ba28: ;   {metadata({type array byte})}
  0x000002159eb6ba28: c746 08c8 | 0a04 0044 | 895e 0c41 | 0f0d 8a80 | 0100 0048 | 8bd6 4883 | c210 48c1 | e903 448b 
  0x000002159eb6ba48: 9424 9000 | 0000 4585 | d20f 84bd | 1200 0045 | 3bd3 0f8c | 980d 0000 | 4983 c0f0 | 49c1 e803 
  0x000002159eb6ba68: 498b c9c5 | f877 49ba | 6099 329e | 1502 0000 

  0x000002159eb6ba78: ;   {other}
  0x000002159eb6ba78: 41ff d20f | 1f84 0000 | 0000 0041 | 807f 4000 | 0f85 a80c | 0000 4c8b | de49 c1eb | 0344 895b 
  0x000002159eb6ba98: 144c 8bd3 | 4c8b de4d | 33da 49c1 | eb16 4d85 | db74 1a49 | c1ea 0948 | b900 00b1 | ac15 0200 
  0x000002159eb6bab8: 0049 03ca | 8039 020f | 85a8 0c00 | 0044 8863 | 1048 8bd3 | 488b 6c24 | 3866 6690 

  0x000002159eb6bad4: ;   {optimized virtual_call}
  0x000002159eb6bad4: c5f8 77e8 

  0x000002159eb6bad8: ; ImmutableOopMap {rbp=Oop [40]=Oop [56]=Oop [64]=Oop }
                      ;*invokevirtual intern {reexecute=0 rethrow=0 return_oop=1}
                      ; - java.lang.Class::getPackageName@65
                      ; - java.lang.ClassLoader::postDefineClass@2
                      ; - java.lang.ClassLoader::defineClass@37
                      ; - java.security.SecureClassLoader::defineClass@12
  0x000002159eb6bad8: 0411 d4ff 

  0x000002159eb6badc: ;   {other}
  0x000002159eb6badc: 0f1f 8400 | cc07 0005 | 488b d841 | 807f 4000 | 0f85 080c | 0000 4c8b | db49 c1eb | 034c 8b54 
  0x000002159eb6bafc: 2438 4589 | 5a3c 4c8b | db4d 33da | 49c1 eb16 | 4d85 db74 | 7d48 85db | 7478 49c1 | ea09 48b9 
  0x000002159eb6bb1c: 0000 b1ac | 1502 0000 | 4903 ca80 | 3902 7462 | 4d8b 5758 | 4d8b 5f48 | f083 4424 | c000 8039 
  0x000002159eb6bb3c: 0074 4f44 | 8821 4d85 | db75 1d49 | 8bd7 c5f8 | 7749 ba90 | 22ce c7fe | 7f00 0041 

  0x000002159eb6bb58: ;   {other}
  0x000002159eb6bb58: ffd2 0f1f | 8400 0000 | 0000 eb2a | 4b89 4c1a | f849 83c3 | f84d 895f | 48eb 1b4b | 8d1c d445 
  0x000002159eb6bb78: 33d2 49bb | 0000 b1ac | 1502 0000 | 4489 5424 | 304c 895c | 2450 4c8b | 5424 2845 | 8b42 3845 
  0x000002159eb6bb98: 85c0 0f84 | 5010 0000 | 4c8b f38b | 430c 4c8b | 5424 3845 | 8b6a 3085 | c00f 8420 | 0500 0047 
  0x000002159eb6bbb8: 8b44 c428 | 4585 c00f | 8406 0300 | 0043 8b6c | c40c 85ed | 0f86 6e10 | 0000 448b | d041 c1ea 
  0x000002159eb6bbd8: 1044 33d0 | 4f8d 1cc4 | 4181 e2ff | ffff 7fff | cd41 23ea | 4c63 c547 | 8b44 8310 | 4585 c00f 
  0x000002159eb6bbf8: 84ce 0200 | 0043 8b4c | c40c 413b | ca0f 84f9 | 0000 004f | 8d1c c485 | c90f 8c97 | 0200 0045 
  0x000002159eb6bc18: 8b5b 1845 | 85db 0f84 | a702 0000 | 4f8d 04dc | 498b 9f50 | 0400 0041 

  0x000002159eb6bc30: ; ImmutableOopMap {r8=Oop r13=NarrowOop r14=Oop [40]=Oop [56]=Oop [64]=Oop }
                      ;*if_icmpne {reexecute=1 rethrow=0 return_oop=0}
                      ; - (reexecute) java.util.concurrent.ConcurrentHashMap::get@127
                      ; - java.lang.ClassLoader::getNamedPackage@5
                      ; - java.lang.ClassLoader::postDefineClass@9
                      ; - java.lang.ClassLoader::defineClass@37
                      ; - java.security.SecureClassLoader::defineClass@12
                      ;   {poll}
  0x000002159eb6bc30: 8b48 0c85 | 0341 3bca | 7413 458b | 5818 4585 | db0f 8484 | 0200 004f | 8d04 dceb | db41 8b68 
  0x000002159eb6bc50: 104c 8bdd | 49c1 e303 | 4d3b de0f | 8492 0000 | 0085 ed0f | 84a6 1300 | 004c 8944 | 2468 4489 
  0x000002159eb6bc70: 5424 6044 | 896c 244c | 4c89 7424 | 5844 8b5c | 2430 4489 | 5c24 484c | 8b54 2440 | 4c89 5424 
  0x000002159eb6bc90: 304c 8b54 | 2428 4c89 | 5424 204d | 8d04 ec49 | 8bd6 6690 

  0x000002159eb6bca4: ;   {optimized virtual_call}
  0x000002159eb6bca4: c5f8 77e8 

  0x000002159eb6bca8: ; ImmutableOopMap {[32]=Oop [48]=Oop [56]=Oop [76]=NarrowOop [88]=Oop [104]=Oop }
                      ;*invokevirtual equals {reexecute=0 rethrow=0 return_oop=0}
                      ; - java.util.concurrent.ConcurrentHashMap::get@149
                      ; - java.lang.ClassLoader::getNamedPackage@5
                      ; - java.lang.ClassLoader::postDefineClass@9
                      ; - java.lang.ClassLoader::defineClass@37
                      ; - java.security.SecureClassLoader::defineClass@12
  0x000002159eb6bca8: 9491 feff 

  0x000002159eb6bcac: ;   {other}
  0x000002159eb6bcac: 0f1f 8400 | 9c09 0007 | 4d8b 9750 

  0x000002159eb6bcb8: ; ImmutableOopMap {[32]=Oop [48]=Oop [56]=Oop [76]=NarrowOop [88]=Oop [104]=Oop }
                      ;*ifeq {reexecute=1 rethrow=0 return_oop=0}
                      ; - (reexecute) java.util.concurrent.ConcurrentHashMap::get@152
                      ; - java.lang.ClassLoader::getNamedPackage@5
                      ; - java.lang.ClassLoader::postDefineClass@9
                      ; - java.lang.ClassLoader::defineClass@37
                      ; - java.security.SecureClassLoader::defineClass@12
                      ;   {poll}
  0x000002159eb6bcb8: 0400 0041 | 8502 85c0 | 0f84 ec0b | 0000 4c8b | 5424 204c | 8954 2428 | 4c8b 5424 | 304c 8954 
  0x000002159eb6bcd8: 2440 448b | 5424 4844 | 8954 2430 | 4c8b 7424 | 5844 8b6c | 244c 4c8b | 4424 6841 | 8b68 1485 
  0x000002159eb6bcf8: ed0f 84cc | 0100 00e9 | 3e01 0000 | 438b 6cc4 | 104c 8bdd | 49c1 e303 | 4d3b de0f | 841c 0100 
  0x000002159eb6bd18: 0045 8b4c | ec08 4d8d | 1cec 4d3b | f30f 840a 

  0x000002159eb6bd28: ;   {metadata('java/lang/String')}
  0x000002159eb6bd28: 0100 0041 | 81f9 9020 | 0400 0f85 | 0d11 0000 | 450f be4e | 1041 0fbe | 6b10 443b | cd0f 853d 
  0x000002159eb6bd48: 1200 0045 | 8b4b 1445 | 8b5e 1443 | 8b7c cc0c | 438b 4cdc | 0c3b cf0f | 85e0 1000 | 004b 8d1c 
  0x000002159eb6bd68: cc4b 8d74 | cc10 4f8d | 0cdc 4b8d | 7cdc 1085 | c90f 849d | 0000 008b | c183 e01f | 83e1 e00f 
  0x000002159eb6bd88: 844b 0000 | 0048 8d3c | 0f48 8d34 | 0e48 f7d9 | c5fe 6f0c | 0fc5 fe6f | 040e c5f5 | efc8 c4e2 
  0x000002159eb6bda8: 7d17 c90f | 8572 0000 | 0048 83c1 | 2075 e185 | c00f 845d | 0000 00c5 | fe6f 4c07 | e0c5 fe6f 
  0x000002159eb6bdc8: 4406 e0c5 | f5ef c8c4 | e27d 17c9 | 754d eb44 | 8bc8 83e1 | fc74 1948 | 8d3c 0f48 | 8d34 0e48 
  0x000002159eb6bde8: f7d9 8b1c | 0f3b 1c0e | 7531 4883 | c104 75f2 | a802 7412 | 0fb7 1f0f | b70e 3bd9 | 751d 488d 
  0x000002159eb6be08: 7f02 488d | 7602 a801 | 740a 0fb6 | 1f0f b60e | 3bd9 7507 | b801 0000 | 00eb 0233 | c0c5 f5ef 
  0x000002159eb6be28: ;   {no_reloc}
  0x000002159eb6be28: c9c5 fdef | c085 c00f | 8410 1000 | 0043 8b6c | c414 85ed | 0f84 8900 | 0000 458b | 54ec 0849 
  0x000002159eb6be48: bb00 0000 | 0008 0000 | 004d 03da | 4d8b 5338 

  0x000002159eb6be58: ;   {metadata('java/lang/NamedPackage')}
  0x000002159eb6be58: 49bb 987a | 0900 0800 | 0000 4d3b | d30f 85bd | 0d00 004c | 8b54 2440 | 458b 4210 

  0x000002159eb6be74: ; implicit exception: dispatches to 0x000002159eb6d39c
  0x000002159eb6be74: 478b 4cc4 | 1445 85c9 | 0f85 a103 | 0000 478b | 5cc4 1045 | 85db 0f85 | 3a04 0000 | 488b 4424 
  0x000002159eb6be94: 38c5 f877 | 4881 c4b0 | 0000 005d 

  0x000002159eb6bea0: ;   {poll_return}
  0x000002159eb6bea0: 493b a748 | 0400 000f | 8759 1600 | 00c3 438b 

  0x000002159eb6beb0: ;   {metadata('java/util/concurrent/ConcurrentHashMap$ForwardingNode')}
  0x000002159eb6beb0: 4cc4 0881 | f9d8 d109 | 000f 8499 

  0x000002159eb6bebc: ;   {metadata('java/util/concurrent/ConcurrentHashMap$ReservationNode')}
  0x000002159eb6bebc: 0100 0081 | f900 b606 | 000f 858d | 1200 0049 | 8b87 b801 | 0000 4c8b | d049 83c2 | 184d 3b97 
  0x000002159eb6bedc: c801 0000 | 0f83 b40a | 0000 4d89 | 97b8 0100 | 0041 0f0d | 8a00 0100 | 0048 c700 | 0100 0000 
  0x000002159eb6befc: ;   {metadata('java/lang/NamedPackage')}
  0x000002159eb6befc: c740 0898 | 7a09 0044 | 8960 0c4c | 8960 1045 | 8b5e 1447 | 8b54 dc0c | 4585 d20f | 86a1 0800 
  0x000002159eb6bf1c: 004c 8974 | 2420 4889 | 4424 4849 | 8bed 48c1 | e503 4489 | 6c24 3448 | 8b54 2420 

  0x000002159eb6bf38: ;   {optimized virtual_call}
  0x000002159eb6bf38: c5f8 77e8 

  0x000002159eb6bf3c: ; ImmutableOopMap {rbp=Oop [32]=Oop [40]=Oop [52]=NarrowOop [56]=Oop [64]=Oop [72]=Oop }
                      ;*invokevirtual intern {reexecute=0 rethrow=0 return_oop=1}
                      ; - java.lang.NamedPackage::<init>@47
                      ; - java.lang.ClassLoader::getNamedPackage@22
                      ; - java.lang.ClassLoader::postDefineClass@9
                      ; - java.lang.ClassLoader::defineClass@37
                      ; - java.security.SecureClassLoader::defineClass@12
  0x000002159eb6bf3c: a00c d4ff 

  0x000002159eb6bf40: ;   {other}
  0x000002159eb6bf40: 0f1f 8400 | 300c 0009 | 488b d841 | 807f 4000 | 0f85 8f06 | 0000 488b | 7c24 484c | 8bd7 4c8b 
  0x000002159eb6bf60: db4d 33da | 4c8b c349 | c1e8 0344 | 8947 0c49 | c1eb 164d | 85db 741f | 4885 db74 | 1a49 c1ea 
  0x000002159eb6bf80: 0948 b900 | 00b1 ac15 | 0200 0049 | 03ca 8039 | 020f 8512 | 0700 0041 | 807f 4000 | 0f85 7f06 
  0x000002159eb6bfa0: 0000 8b5c | 2434 895f | 104c 8bd5 | 4c8b df4d | 33d3 49c1 | ea16 4d85 | d274 1e85 | db74 1a49 
  0x000002159eb6bfc0: c1eb 0948 | b900 00b1 | ac15 0200 | 0049 03cb | 8039 020f | 857f 0600 | 004c 8b54 | 2428 458b 
  0x000002159eb6bfe0: 5a38 4585 | db0f 84ce | 0c00 0048 | 897c 2448 | 4b8d 14dc | 4c8b 4424 | 204c 8bcf 

  0x000002159eb6bffc: ;   {optimized virtual_call}
  0x000002159eb6bffc: c5f8 77e8 

  0x000002159eb6c000: ; ImmutableOopMap {[40]=Oop [52]=NarrowOop [56]=Oop [64]=Oop [72]=Oop }
                      ;*invokevirtual putIfAbsent {reexecute=0 rethrow=0 return_oop=1}
                      ; - java.lang.ClassLoader::getNamedPackage@32
                      ; - java.lang.ClassLoader::postDefineClass@9
                      ; - java.lang.ClassLoader::defineClass@37
                      ; - java.security.SecureClassLoader::defineClass@12
  0x000002159eb6c000: bce4 e3ff 

  0x000002159eb6c004: ;   {other}
  0x000002159eb6c004: 0f1f 8400 | f40c 000a | 4885 c00f | 8456 feff | ff44 8b58 | 0849 ba00 | 0000 0008 | 0000 004d 
  0x000002159eb6c024: 03d3 4d8b 

  0x000002159eb6c028: ;   {metadata('java/lang/NamedPackage')}
  0x000002159eb6c028: 5238 49bb | 987a 0900 | 0800 0000 | 4d3b d30f | 849b 0c00 | 00ba deff | ffff 488b | e866 6690 
  0x000002159eb6c048: ;   {runtime_call UncommonTrapBlob}
  0x000002159eb6c048: c5f8 77e8 

  0x000002159eb6c04c: ; ImmutableOopMap {rbp=Oop }
                      ;*checkcast {reexecute=0 rethrow=0 return_oop=0}
                      ; - java.lang.ClassLoader::getNamedPackage@35
                      ; - java.lang.ClassLoader::postDefineClass@9
                      ; - java.lang.ClassLoader::defineClass@37
                      ; - java.security.SecureClassLoader::defineClass@12
  0x000002159eb6c04c: 3083 7dff 

  0x000002159eb6c050: ;   {other}
  0x000002159eb6c050: 0f1f 8400 | 400d 000b | 4489 6c24 | 4c4c 8974 | 2458 448b | 4424 3044 | 8944 2448 | 4c8b 4424 
  0x000002159eb6c070: 404c 8944 | 2430 4c8b | 4424 284c | 8944 2420 | 498b d345 | 8bc2 4d8b | ce48 8b6c | 2438 6690 
  0x000002159eb6c090: ;   {optimized virtual_call}
  0x000002159eb6c090: c5f8 77e8 

  0x000002159eb6c094: ; ImmutableOopMap {rbp=Oop [32]=Oop [48]=Oop [56]=Oop [76]=NarrowOop [88]=Oop }
                      ;*invokevirtual find {reexecute=0 rethrow=0 return_oop=1}
                      ; - java.util.concurrent.ConcurrentHashMap::get@93
                      ; - java.lang.ClassLoader::getNamedPackage@5
                      ; - java.lang.ClassLoader::postDefineClass@9
                      ; - java.lang.ClassLoader::defineClass@37
                      ; - java.security.SecureClassLoader::defineClass@12
  0x000002159eb6c094: e829 7dff 

  0x000002159eb6c098: ;   {other}
  0x000002159eb6c098: 0f1f 8400 | 880d 000c | 4885 c00f | 84c4 0800 | 008b 6814 | 85ed 0f84 | d80b 0000 | 4c8b 5424 
  0x000002159eb6c0b8: 204c 8954 | 2428 4c8b | 5424 304c | 8954 2440 | 448b 5c24 | 4844 895c | 2430 e96b | fdff ff44 
  0x000002159eb6c0d8: 0fb6 5311 | 4585 d20f | 85ab 0700 | 0044 8b53 | 144b 8d2c | c449 8bd2 | 48c1 e203 | 807b 1000 
  0x000002159eb6c0f8: 0f85 4908 | 0000 4489 | 6c24 4844 | 8944 2434 | 4889 5c24 | 2066 6690 

  0x000002159eb6c110: ;   {static_call}
  0x000002159eb6c110: c5f8 77e8 

  0x000002159eb6c114: ; ImmutableOopMap {rbp=Oop [32]=Oop [40]=Oop [52]=NarrowOop [56]=Oop [64]=Oop [72]=NarrowOop }
                      ;*invokestatic hashCode {reexecute=0 rethrow=0 return_oop=0}
                      ; - java.lang.String::hashCode@27
                      ; - java.util.concurrent.ConcurrentHashMap::get@1
                      ; - java.lang.ClassLoader::getNamedPackage@5
                      ; - java.lang.ClassLoader::postDefineClass@9
                      ; - java.lang.ClassLoader::defineClass@37
                      ; - java.security.SecureClassLoader::defineClass@12
  0x000002159eb6c114: 682f 7dff 

  0x000002159eb6c118: ;   {other}
  0x000002159eb6c118: 0f1f 8400 | 080e 000d | 85c0 0f84 | 6f07 0000 | 4c8b 7424 | 2041 8946 | 0c44 8b44 | 2434 448b 
  0x000002159eb6c138: 6c24 48e9 | 77fa ffff | 488b d048 | 8be8 6690 

  0x000002159eb6c148: ;   {optimized virtual_call}
  0x000002159eb6c148: c5f8 77e8 

  0x000002159eb6c14c: ; ImmutableOopMap {rbp=Oop [40]=Oop [56]=Oop [64]=Oop }
                      ;*invokevirtual initClassName {reexecute=0 rethrow=0 return_oop=1}
                      ; - java.lang.Class::getName@14
                      ; - java.lang.Class::getPackageName@40
                      ; - java.lang.ClassLoader::postDefineClass@2
                      ; - java.lang.ClassLoader::defineClass@37
                      ; - java.security.SecureClassLoader::defineClass@12
  0x000002159eb6c14c: 10a6 d4ff 

  0x000002159eb6c150: ;   {other}
  0x000002159eb6c150: 0f1f 8400 | 400e 000e | 4c8b c848 | 85c0 0f85 | 44f7 ffff | baf6 ffff | ff66 6690 

  0x000002159eb6c16c: ;   {runtime_call UncommonTrapBlob}
  0x000002159eb6c16c: c5f8 77e8 

  0x000002159eb6c170: ; ImmutableOopMap {}
                      ;*invokevirtual lastIndexOf {reexecute=0 rethrow=0 return_oop=0}
                      ; - java.lang.Class::getPackageName@47
                      ; - java.lang.ClassLoader::postDefineClass@2
                      ; - java.lang.ClassLoader::defineClass@37
                      ; - java.security.SecureClassLoader::defineClass@12
  0x000002159eb6c170: 0c82 7dff 

  0x000002159eb6c174: ;   {other}
  0x000002159eb6c174: 0f1f 8400 | 640e 000f | 4c63 df81 | ff00 0010 | 000f 87bd | 0900 0049 | 8bb7 b801 | 0000 498d 
  0x000002159eb6c194: 4b17 4883 | e1f8 488b | d648 03d1 | 493b 97c8 | 0100 000f | 839b 0900 | 0049 8997 | b801 0000 
  0x000002159eb6c1b4: 0f0d 8a00 | 0100 0048 | c706 0100 | 0000 0f0d | 8a40 0100 

  0x000002159eb6c1c8: ;   {metadata({type array byte})}
  0x000002159eb6c1c8: 00c7 4608 | c80a 0400 | 897e 0c0f | 0d8a 8001 | 0000 488b | d648 83c2 | 1049 83c3 | 0749 c1eb 
  0x000002159eb6c1e8: 0349 8bc9 | 4d8b c3c5 | f877 49ba | 6099 329e | 1502 0000 

  0x000002159eb6c1fc: ;   {other}
  0x000002159eb6c1fc: 41ff d20f | 1f84 0000 | 0000 00e9 | 77f8 ffff | 498b d9e9 | b5f8 ffff 

  0x000002159eb6c214: ;   {oop(""{0x0000000600405d98})}
  0x000002159eb6c214: 48bb 985d | 4000 0600 | 0000 e9a6 | f8ff ff43 | 8b5c cc0c | 478b 54cc | 084b 8d2c | cc48 63fb 
  0x000002159eb6c234: 48c1 e702 | 81fb 0000 | 0400 0f87 | 880d 0000 | 498b 87b8 | 0100 004c | 8d5f 1749 | 83e3 f84c 
  0x000002159eb6c254: 8bc0 4d03 | c34d 3b87 | c801 0000 | 0f83 660d | 0000 4d89 | 87b8 0100 | 0041 0f0d | 8800 0100 
  0x000002159eb6c274: 0048 c700 | 0100 0000 | 4489 5008 | 8958 0c41 | 0f0d 8840 | 0100 0041 | 0f0d 8880 | 0100 0048 
  0x000002159eb6c294: 8bd8 4b8d | 4ccc 1048 | 8bd3 4883 | c210 4883 | c707 48c1 | ef03 4c8b | c7c5 f877 | 49ba 6099 
  0x000002159eb6c2b4: 329e 1502 | 0000 41ff 

  0x000002159eb6c2bc: ;   {other}
  0x000002159eb6c2bc: d20f 1f84 | 0000 0000 | 00e9 e202 | 0000 498b | 87b8 0100 | 004c 8bd0 | 4983 c218 | 4b8d 0cc4 
  0x000002159eb6c2dc: 4d3b 97c8 | 0100 000f | 8363 0d00 | 004d 8997 | b801 0000 | 410f 0d8a | 0001 0000 | 48c7 0001 
  0x000002159eb6c2fc: ;   {metadata('java/util/ArrayList')}
  0x000002159eb6c2fc: 0000 00c7 | 4008 9081 | 0500 4489 | 600c 4489 

  0x000002159eb6c30c: ;   {oop(a 'java/lang/Object'[0] {0x0000000600400cc0})}
  0x000002159eb6c30c: 6010 c740 | 1498 0108 | c04c 8bc8 | 438b 5cdc | 0c85 db0f | 86e4 0000 | 0045 33d2 | eb29 660f 
  0x000002159eb6c32c: 1f44 0000 | 4889 6c24 | 284c 8b4c | 2420 4c89 | 4c24 384c | 8b4c 2440 | 4c89 4c24 | 5048 8b4c 
  0x000002159eb6c34c: 2448 4c8b | 4c24 5843 | 8b7c dc0c | 443b d70f | 83bc 0d00 | 0049 c1e3 | 0347 8b5c | 9310 438b 
  0x000002159eb6c36c: 5cdc 1045 | 8b5c dc10 | 4489 5424 | 604c 894c | 2458 4889 | 4c24 4844 | 8944 2434 | 4c8b 5424 
  0x000002159eb6c38c: 504c 8954 | 2440 4c8b | 5424 384c | 8954 2420 | 488b 6c24 | 284d 8bc3 | 49c1 e003 | 498b d190 
  0x000002159eb6c3ac: ;   {optimized virtual_call}
  0x000002159eb6c3ac: c5f8 77e8 

  0x000002159eb6c3b0: ; ImmutableOopMap {rbp=Oop [32]=Oop [52]=NarrowOop [72]=Oop [88]=Oop }
                      ;*invokevirtual addAll {reexecute=0 rethrow=0 return_oop=0}
                      ; - java.security.CodeSource::getCertificates@57
                      ; - java.lang.ClassLoader::postDefineClass@24
                      ; - java.lang.ClassLoader::defineClass@37
                      ; - java.security.SecureClassLoader::defineClass@12
  0x000002159eb6c3b0: cc26 7dff 

  0x000002159eb6c3b4: ;   {other}
  0x000002159eb6c3b4: 0f1f 8400 | a410 0010 | 4d8b 8f50 | 0400 0044 | 8b44 2434 | 478b 5cc4 | 1044 8b54 | 2460 41ff 
  0x000002159eb6c3d4: ; ImmutableOopMap {r11=NarrowOop r8=NarrowOop rbp=Oop [32]=Oop [72]=Oop [88]=Oop }
                      ;*goto {reexecute=1 rethrow=0 return_oop=0}
                      ; - (reexecute) java.security.CodeSource::getCertificates@64
                      ; - java.lang.ClassLoader::postDefineClass@24
                      ; - java.lang.ClassLoader::defineClass@37
                      ; - java.security.SecureClassLoader::defineClass@12
                      ;   {poll}
  0x000002159eb6c3d4: c241 8501 

  0x000002159eb6c3d8: ; implicit exception: dispatches to 0x000002159eb6d440
  0x000002159eb6c3d8: 438b 4cdc | 0c44 3bd1 | 0f8c 4aff | ffff 4889 | 6c24 284c | 8b54 2420 | 4c89 5424 | 384c 8b54 
  0x000002159eb6c3f8: 2440 4c89 | 5424 5048 | 8b4c 2448 | 4c8b 4c24 | 5849 8b87 | b801 0000 | 4c8b d049 | 83c2 104d 
  0x000002159eb6c418: 3b97 c801 | 0000 0f83 | 830c 0000 | 4d89 97b8 | 0100 0041 | 0f0d 8a00 | 0100 0048 | c700 0100 
  0x000002159eb6c438: 0000 410f | 0d8a 4001 

  0x000002159eb6c440: ;   {metadata('java/security/cert/Certificate'[])}
  0x000002159eb6c440: 0000 c740 | 0888 0d03 | 0041 0f0d | 8a80 0100 | 0044 8960 | 0c4c 8b54 | 2428 4c89 | 5424 204c 
  0x000002159eb6c460: 8b54 2438 | 4c89 5424 | 3048 8b6c | 2450 4489 | 4424 4048 | 894c 2448 | 4c89 4c24 | 584c 8bc0 
  0x000002159eb6c480: 488b 5424 | 5866 6690 

  0x000002159eb6c488: ;   {optimized virtual_call}
  0x000002159eb6c488: c5f8 77e8 

  0x000002159eb6c48c: ; ImmutableOopMap {[32]=Oop [48]=Oop [64]=NarrowOop [72]=Oop }
                      ;*invokevirtual toArray {reexecute=0 rethrow=0 return_oop=1}
                      ; - java.security.CodeSource::getCertificates@73
                      ; - java.lang.ClassLoader::postDefineClass@24
                      ; - java.lang.ClassLoader::defineClass@37
                      ; - java.security.SecureClassLoader::defineClass@12
  0x000002159eb6c48c: f025 7dff 

  0x000002159eb6c490: ;   {other}
  0x000002159eb6c490: 0f1f 8400 | 8011 0012 | 488b d844 

  0x000002159eb6c49c: ;   {metadata('java/security/cert/Certificate'[])}
  0x000002159eb6c49c: 8b58 0841 | 81fb 880d | 0300 0f85 | 8c0d 0000 | 4180 7f40 | 000f 85ed | 0800 008b | 7c24 404c 
  0x000002159eb6c4bc: 8bd3 4c89 | 5424 504c | 8b54 2448 | 4c8b 5c24 | 5049 c1eb | 0345 895c | fc14 4c8b | 5c24 504d 
  0x000002159eb6c4dc: 33da 49c1 | eb16 4d85 | db74 1449 | c1ea 094c | 8bc5 4d03 | c241 8038 | 020f 85e5 | 0800 004c 
  0x000002159eb6c4fc: 8b54 2450 | 458b 420c | 458b 5208 | 4963 e848 | c1e5 0241 | 81f8 0000 | 0400 0f87 | dd0b 0000 
  0x000002159eb6c51c: 498b 87b8 | 0100 004c | 8d5d 1749 | 83e3 f84c | 8bc8 4d03 | cb4d 3b8f | c801 0000 | 0f83 bb0b 
  0x000002159eb6c53c: 0000 4d89 | 8fb8 0100 | 0041 0f0d | 8900 0100 | 0048 c700 | 0100 0000 | 4489 5008 | 4489 400c 
  0x000002159eb6c55c: 410f 0d89 | 4001 0000 | 410f 0d89 | 8001 0000 | 488b d848 | 8b4c 2450 | 4883 c110 | 488b d348 
  0x000002159eb6c57c: 83c2 1048 | 83c5 0748 | c1ed 034c | 8bc5 c5f8 | 7749 ba60 | 9932 9e15 | 0200 0041 

  0x000002159eb6c598: ;   {other}
  0x000002159eb6c598: ffd2 0f1f | 8400 0000 | 0000 4c8b | 5424 304c | 8954 2438 | 488b 5424 | 384c 8bc3 

  0x000002159eb6c5b4: ;   {optimized virtual_call}
  0x000002159eb6c5b4: c5f8 77e8 

  0x000002159eb6c5b8: ; ImmutableOopMap {[56]=Oop }
                      ;*invokevirtual setSigners {reexecute=0 rethrow=0 return_oop=0}
                      ; - java.lang.ClassLoader::setSigners@2
                      ; - java.lang.ClassLoader::postDefineClass@35
                      ; - java.lang.ClassLoader::defineClass@37
                      ; - java.security.SecureClassLoader::defineClass@12
  0x000002159eb6c5b8: c424 7dff 

  0x000002159eb6c5bc: ;   {other}
  0x000002159eb6c5bc: 0f1f 8400 | ac12 0013 | e9c7 f8ff | ff45 33d2 | 49bb 0000 | b1ac 1502 | 0000 4489 | 5424 304c 
  0x000002159eb6c5dc: 895c 2450 | e93d f3ff | ff48 8b7c | 2448 448b | 570c 4585 | d20f 8464 | f9ff ff4d | 8b5f 2849 
  0x000002159eb6c5fc: 8bca 48c1 | e103 4d85 | db0f 8475 | 0800 004d | 8b57 384b | 894c 1af8 | 4983 c3f8 | 4d89 5f28 
  0x000002159eb6c61c: e93a f9ff | ff44 8b5f | 1045 85db | 0f84 74f9 | ffff 4d8b | 5728 498b | cb48 c1e1 | 034d 85d2 
  0x000002159eb6c63c: 0f84 5e08 | 0000 4d8b | 5f38 4b89 | 4c13 f849 | 83c2 f84d | 8957 28e9 | 4af9 ffff | 4d8b 5758 
  0x000002159eb6c65c: 4d8b 5f48 | f083 4424 | c000 8039 | 000f 846a | f9ff ff44 | 8821 4d85 | db75 2049 | 8bd7 c5f8 
  0x000002159eb6c67c: 7749 ba90 | 22ce c7fe | 7f00 0041 

  0x000002159eb6c688: ;   {other}
  0x000002159eb6c688: ffd2 0f1f | 8400 0000 | 0000 e942 | f9ff ff4b | 894c 1af8 | 4983 c3f8 | 4d89 5f48 | e930 f9ff 
  0x000002159eb6c6a8: ff4d 8b57 | 584d 8b5f | 48f0 8344 | 24c0 0080 | 3900 0f84 | d7f8 ffff | 4488 214d | 85db 7520 
  0x000002159eb6c6c8: 498b d7c5 | f877 49ba | 9022 cec7 | fe7f 0000 

  0x000002159eb6c6d8: ;   {other}
  0x000002159eb6c6d8: 41ff d20f | 1f84 0000 | 0000 00e9 | aff8 ffff | 4b89 4c1a | f849 83c3 | f84d 895f | 48e9 9df8 
  0x000002159eb6c6f8: ffff 4c8b | 5424 3845 | 8b52 3c45 | 85d2 0f84 | e6f3 ffff | 4d8b 5f28 | 498b ca48 | c1e1 034d 
  0x000002159eb6c718: 85db 0f84 | d407 0000 | 4d8b 5738 | 4b89 4c1a | f849 83c3 | f84d 895f | 28e9 bcf3 | ffff 448b 
  0x000002159eb6c738: 5314 4585 | d20f 844b | f3ff ff4d | 8b5f 2849 | 8bca 48c1 | e103 4d85 | db0f 84e5 | 0700 004d 
  0x000002159eb6c758: 8b57 384b | 894c 1af8 | 4983 c3f8 | 4d89 5f28 | e921 f3ff | ff4d 8b57 | 584d 8b5f | 48f0 8344 
  0x000002159eb6c778: 24c0 0080 | 3900 0f84 | 41f3 ffff | 4488 214d | 85db 7520 | 498b d7c5 | f877 49ba | 9022 cec7 
  0x000002159eb6c798: fe7f 0000 

  0x000002159eb6c79c: ;   {other}
  0x000002159eb6c79c: 41ff d20f | 1f84 0000 | 0000 00e9 | 19f3 ffff | 4b89 4c1a | f849 83c3 | f84d 895f | 48e9 07f3 
  0x000002159eb6c7bc: ffff 4585 | ed0f 84c9 | 0900 0048 | 8944 2448 | 4c89 7424 | 204b 8d14 | ec41 8bed 

  0x000002159eb6c7d8: ;   {optimized virtual_call}
  0x000002159eb6c7d8: c5f8 77e8 

  0x000002159eb6c7dc: ; ImmutableOopMap {rbp=NarrowOop [32]=Oop [40]=Oop [56]=Oop [64]=Oop [72]=Oop }
                      ;*invokevirtual isNamed {reexecute=0 rethrow=0 return_oop=0}
                      ; - java.lang.NamedPackage::<init>@12
                      ; - java.lang.ClassLoader::getNamedPackage@22
                      ; - java.lang.ClassLoader::postDefineClass@9
                      ; - java.lang.ClassLoader::defineClass@37
                      ; - java.security.SecureClassLoader::defineClass@12
  0x000002159eb6c7dc: 6051 4a00 

  0x000002159eb6c7e0: ;   {other}
  0x000002159eb6c7e0: 0f1f 8400 | d014 0014 | 85c0 0f85 | b809 0000 | 448b ede9 | 2ff7 ffff | 4d63 c24d | 8d50 104d 
  0x000002159eb6c800: 8bda 4983 | e3f8 488b | fe49 03fb | 49c1 ea03 | 492b ca48 | 33c0 4883 | f908 7f10 | 48ff c978 
  0x000002159eb6c820: 4f48 8904 | cf48 ffc9 | 7df7 eb44 | c5fd efc0 | e90d 0000 | 00c5 fe7f | 07c5 fe7f | 4720 4883 
  0x000002159eb6c840: c740 4883 | e908 7ded | 4883 c104 | 7c0c c5fe | 7f07 4883 | c720 4883 | e904 4883 | c104 7e10 
  0x000002159eb6c860: 48ff c9c5 | f9d6 0748 | 83c7 0848 | ffc9 7df3 | 498b c9c5 | f877 49ba | c092 329e | 1502 0000 
  0x000002159eb6c880: ;   {other}
  0x000002159eb6c880: 41ff d20f | 1f84 0000 | 0000 00e9 | f3f1 ffff | 33c0 e920 | f3ff ff4c | 8b74 2420 | 41c6 4611 
  0x000002159eb6c8a0: 0133 c044 | 8b44 2434 | 448b 6c24 | 48e9 05f3 | ffff 4c8b | 5424 204c | 8954 2428 | 4c8b 5424 
  0x000002159eb6c8c0: 304c 8954 | 2440 448b | 5c24 4844 | 895c 2430 | 4c8b 7424 | 5844 8b6c | 244c 448b | 5424 604c 
  0x000002159eb6c8e0: 8b5c 2468 | e92e f3ff 

  0x000002159eb6c8e8: ;   {metadata('java/security/SecureClassLoader$1')}
  0x000002159eb6c8e8: ff48 bad8 | 8d09 0008 | 0000 004c | 8944 2450 

  0x000002159eb6c8f8: ;   {runtime_call _new_instance_Java}
  0x000002159eb6c8f8: c5f8 77e8 

  0x000002159eb6c8fc: ; ImmutableOopMap {rbp=NarrowOop [32]=Oop [40]=Oop [48]=Oop [80]=Oop }
                      ;*new {reexecute=0 rethrow=0 return_oop=1}
                      ; - java.security.SecureClassLoader::getProtectionDomain@20
                      ; - java.security.SecureClassLoader::defineClass@9
  0x000002159eb6c8fc: 0028 89ff 

  0x000002159eb6c900: ;   {other}
  0x000002159eb6c900: 0f1f 8400 | f015 0015 | 4c8b c84c | 8b44 2450 | e992 eeff 

  0x000002159eb6c914: ;   {metadata('java/security/SecureClassLoader$CodeSourceKey')}
  0x000002159eb6c914: ff48 ba98 | 8b09 0008 | 0000 0090 

  0x000002159eb6c920: ;   {runtime_call _new_instance_Java}
  0x000002159eb6c920: c5f8 77e8 

  0x000002159eb6c924: ; ImmutableOopMap {rbp=Oop [32]=Oop [40]=Oop [48]=Oop }
                      ;*new {reexecute=0 rethrow=0 return_oop=1}
                      ; - java.security.SecureClassLoader::getProtectionDomain@6
                      ; - java.security.SecureClassLoader::defineClass@9
  0x000002159eb6c924: d827 89ff 

  0x000002159eb6c928: ;   {other}
  0x000002159eb6c928: 0f1f 8400 | 1816 0016 | 4c8b c0e9 | 22ee ffff 

  0x000002159eb6c938: ;   {oop(""{0x0000000600405d98})}
  0x000002159eb6c938: 48bb 985d | 4000 0600 | 0000 e9a0 | f1ff ff44 | 896c 2448 | 4489 4424 | 3448 895c | 2420 6690 
  0x000002159eb6c958: ;   {static_call}
  0x000002159eb6c958: c5f8 77e8 

  0x000002159eb6c95c: ; ImmutableOopMap {rbp=Oop [32]=Oop [40]=Oop [52]=NarrowOop [56]=Oop [64]=Oop [72]=NarrowOop }
                      ;*invokestatic hashCode {reexecute=0 rethrow=0 return_oop=0}
                      ; - java.lang.String::hashCode@37
                      ; - java.util.concurrent.ConcurrentHashMap::get@1
                      ; - java.lang.ClassLoader::getNamedPackage@5
                      ; - java.lang.ClassLoader::postDefineClass@9
                      ; - java.lang.ClassLoader::defineClass@37
                      ; - java.security.SecureClassLoader::defineClass@12
  0x000002159eb6c95c: 2027 7dff 

  0x000002159eb6c960: ;   {other}
  0x000002159eb6c960: 0f1f 8400 | 5016 0017 | e9b3 f7ff | ff4c 8b54 | 2420 4c89 | 5424 284c | 8b54 2430 | 4c89 5424 
  0x000002159eb6c980: 4044 8b5c | 2448 4489 | 5c24 304c | 8b74 2458 | 448b 6c24 | 4ce9 31f5 | ffff 4489 | 6c24 4c4c 
  0x000002159eb6c9a0: 8974 2458 | 448b 5c24 | 3044 895c | 2448 4c8b | 5424 404c | 8954 2420 | 488b 6c24 

  0x000002159eb6c9bc: ;   {metadata('java/lang/NamedPackage')}
  0x000002159eb6c9bc: 2848 ba98 | 7a09 0008 | 0000 0090 

  0x000002159eb6c9c8: ;   {runtime_call _new_instance_Java}
  0x000002159eb6c9c8: c5f8 77e8 

  0x000002159eb6c9cc: ; ImmutableOopMap {rbp=Oop [32]=Oop [56]=Oop [76]=NarrowOop [88]=Oop }
                      ;*new {reexecute=0 rethrow=0 return_oop=1}
                      ; - java.lang.ClassLoader::getNamedPackage@16
                      ; - java.lang.ClassLoader::postDefineClass@9
                      ; - java.lang.ClassLoader::defineClass@37
                      ; - java.security.SecureClassLoader::defineClass@12
  0x000002159eb6c9cc: 3027 89ff 

  0x000002159eb6c9d0: ;   {other}
  0x000002159eb6c9d0: 0f1f 8400 | c016 0018 | 4889 6c24 | 284c 8b54 | 2420 4c89 | 5424 4044 | 8b54 2448 | 4489 5424 
  0x000002159eb6c9f0: 304c 8b74 | 2458 448b | 6c24 4ce9 | 0bf5 ffff | 4489 5c24 | 5c89 7c24 | 5844 8944 | 244c 448b 
  0x000002159eb6ca10: 5c24 3044 | 895c 2448 | 4c8b 5424 | 404c 8954 | 2430 4c8b | 5424 284c | 8954 2420 

  0x000002159eb6ca2c: ;   {metadata('java/lang/String')}
  0x000002159eb6ca2c: 48ba 9020 | 0400 0800 | 0000 4c8b | 5424 384c | 8954 2428 

  0x000002159eb6ca40: ;   {runtime_call _new_instance_Java}
  0x000002159eb6ca40: c5f8 77e8 

  0x000002159eb6ca44: ; ImmutableOopMap {rbp=Oop [32]=Oop [40]=Oop [48]=Oop [56]=Oop [76]=NarrowOop }
                      ;*new {reexecute=0 rethrow=0 return_oop=1}
                      ; - java.lang.StringLatin1::newString@7
                      ; - java.lang.String::substring@41
                      ; - java.lang.Class::getPackageName@62
                      ; - java.lang.ClassLoader::postDefineClass@2
                      ; - java.lang.ClassLoader::defineClass@37
                      ; - java.security.SecureClassLoader::defineClass@12
  0x000002159eb6ca44: b826 89ff 

  0x000002159eb6ca48: ;   {other}
  0x000002159eb6ca48: 0f1f 8400 | 3817 0019 | 4c8b 5c24 | 204c 895c | 2428 4c8b | 5c24 304c | 895c 2440 | 448b 5c24 
  0x000002159eb6ca68: 4844 895c | 2430 448b | 4424 4c8b | 7c24 5844 | 8b5c 245c | 488b d8e9 | 12ef ffff | 4c89 4424 
  0x000002159eb6ca88: 7048 894c | 2468 4c89 | 4c24 6048 | 895c 2458 | 4489 5c24 | 4c44 8b54 | 2430 4489 | 5424 484c 
  0x000002159eb6caa8: 8b54 2440 | 4c89 5424 | 304c 8b54 | 2428 4c89 

  0x000002159eb6cab8: ;   {metadata({type array byte})}
  0x000002159eb6cab8: 5424 2048 | bac8 0a04 | 0008 0000 | 0045 8bc3 | 4c8b 5424 | 384c 8954 | 2428 6690 

  0x000002159eb6cad4: ;   {runtime_call _new_array_nozero_Java}
  0x000002159eb6cad4: c5f8 77e8 

  0x000002159eb6cad8: ; ImmutableOopMap {rbp=Oop [96]=Derived_oop_rbp [32]=Oop [40]=Oop [48]=Oop [56]=Oop [88]=Oop }
                      ;*newarray {reexecute=0 rethrow=0 return_oop=1}
                      ; - java.util.Arrays::copyOfRangeByte@10
                      ; - java.util.Arrays::copyOfRange@13
                      ; - java.lang.StringLatin1::newString@16
                      ; - java.lang.String::substring@41
                      ; - java.lang.Class::getPackageName@62
                      ; - java.lang.ClassLoader::postDefineClass@2
                      ; - java.lang.ClassLoader::defineClass@37
                      ; - java.security.SecureClassLoader::defineClass@12
  0x000002159eb6cad8: 242c 89ff 

  0x000002159eb6cadc: ;   {other}
  0x000002159eb6cadc: 0f1f 8400 | cc17 001a | 4c8b 5c24 | 204c 895c | 2428 4c8b | 5c24 304c | 895c 2440 | 448b 5c24 
  0x000002159eb6cafc: 4844 895c | 2430 448b | 5c24 4c48 | 8b5c 2458 | 4c8b 4c24 | 6048 8b4c | 2468 4c8b | 4424 7048 
  0x000002159eb6cb1c: 8bf0 e918 | efff ffba | e4ff ffff | 4489 5c24 | 204c 894c | 2458 4489 | 4424 6090 

  0x000002159eb6cb38: ;   {runtime_call UncommonTrapBlob}
  0x000002159eb6cb38: c5f8 77e8 

  0x000002159eb6cb3c: ; ImmutableOopMap {[40]=Oop [56]=Oop [64]=Oop [88]=Oop [96]=NarrowOop }
                      ;*baload {reexecute=0 rethrow=0 return_oop=0}
                      ; - java.lang.StringLatin1::lastIndexOf@24
                      ; - java.lang.String::lastIndexOf@13
                      ; - java.lang.String::lastIndexOf@8
                      ; - java.lang.Class::getPackageName@47
                      ; - java.lang.ClassLoader::postDefineClass@2
                      ; - java.lang.ClassLoader::defineClass@37
                      ; - java.security.SecureClassLoader::defineClass@12
  0x000002159eb6cb3c: 4078 7dff 

  0x000002159eb6cb40: ;   {other}
  0x000002159eb6cb40: 0f1f 8400 | 3018 001b | 4c89 5c24 | 684c 894c | 2460 4889 | 5c24 5844 | 8944 244c | 448b 4424 
  0x000002159eb6cb60: 3044 8944 | 2448 4c8b | 5c24 404c | 895c 2430 | 4c8b 5c24 | 284c 895c 

  0x000002159eb6cb78: ;   {metadata({type array byte})}
  0x000002159eb6cb78: 2420 48ba | c80a 0400 | 0800 0000 | 448b c74c | 8b54 2438 | 4c89 5424 | 2866 6690 

  0x000002159eb6cb94: ;   {runtime_call _new_array_nozero_Java}
  0x000002159eb6cb94: c5f8 77e8 

  0x000002159eb6cb98: ; ImmutableOopMap {rbp=Oop [96]=Derived_oop_rbp [32]=Oop [40]=Oop [48]=Oop [56]=Oop [76]=NarrowOop [88]=Oop }
                      ;*invokevirtual clone {reexecute=1 rethrow=0 return_oop=1}
                      ; - (reexecute) java.util.Arrays::copyOfRange@18
                      ; - java.lang.StringLatin1::newString@16
                      ; - java.lang.String::substring@41
                      ; - java.lang.Class::getPackageName@62
                      ; - java.lang.ClassLoader::postDefineClass@2
                      ; - java.lang.ClassLoader::defineClass@37
                      ; - java.security.SecureClassLoader::defineClass@12
  0x000002159eb6cb98: 642b 89ff 

  0x000002159eb6cb9c: ;   {other}
  0x000002159eb6cb9c: 0f1f 8400 | 8c18 001c | 4c8b 5c24 | 204c 895c | 2428 4c8b | 5c24 304c | 895c 2440 | 448b 5c24 
  0x000002159eb6cbbc: 4844 895c | 2430 488b | 5c24 584c | 8b4c 2460 | 4c8b 5c24 | 6848 8bf0 | e901 f6ff | ffba f6ff 
  0x000002159eb6cbdc: ffff 6690 

  0x000002159eb6cbe0: ;   {runtime_call UncommonTrapBlob}
  0x000002159eb6cbe0: c5f8 77e8 

  0x000002159eb6cbe4: ; ImmutableOopMap {rbp=NarrowOop }
                      ;*invokevirtual toExternalForm {reexecute=0 rethrow=0 return_oop=0}
                      ; - java.net.URL::toExternalForm@5
                      ; - java.net.URL::toString@1
                      ; - java.lang.ClassLoader::defineClassSourceLocation@22
                      ; - java.lang.ClassLoader::defineClass@12
                      ; - java.security.SecureClassLoader::defineClass@12
  0x000002159eb6cbe4: 9877 7dff 

  0x000002159eb6cbe8: ;   {other}
  0x000002159eb6cbe8: 0f1f 8400 | d818 001d | baf6 ffff | ff48 8beb 

  0x000002159eb6cbf8: ;   {runtime_call UncommonTrapBlob}
  0x000002159eb6cbf8: c5f8 77e8 

  0x000002159eb6cbfc: ; ImmutableOopMap {rbp=Oop }
                      ;*invokevirtual get {reexecute=0 rethrow=0 return_oop=0}
                      ; - java.lang.ClassLoader::getNamedPackage@5
                      ; - java.lang.ClassLoader::postDefineClass@9
                      ; - java.lang.ClassLoader::defineClass@37
                      ; - java.security.SecureClassLoader::defineClass@12
  0x000002159eb6cbfc: 8077 7dff 

  0x000002159eb6cc00: ;   {other}
  0x000002159eb6cc00: 0f1f 8400 | f018 001e | bade ffff | ff4c 8944 | 2440 4c89 | 4c24 4890 

  0x000002159eb6cc18: ;   {runtime_call UncommonTrapBlob}
  0x000002159eb6cc18: c5f8 77e8 

  0x000002159eb6cc1c: ; ImmutableOopMap {rbp=NarrowOop [32]=Oop [40]=Oop [48]=Oop [64]=Oop [72]=Oop }
                      ;*invokeinterface computeIfAbsent {reexecute=0 rethrow=0 return_oop=0}
                      ; - java.security.SecureClassLoader::getProtectionDomain@28
                      ; - java.security.SecureClassLoader::defineClass@9
  0x000002159eb6cc1c: 6077 7dff 

  0x000002159eb6cc20: ;   {other}
  0x000002159eb6cc20: 0f1f 8400 | 1019 001f | bade ffff | ff66 6690 

  0x000002159eb6cc30: ;   {runtime_call UncommonTrapBlob}
  0x000002159eb6cc30: c5f8 77e8 

  0x000002159eb6cc34: ; ImmutableOopMap {rbp=NarrowOop }
                      ;*checkcast {reexecute=0 rethrow=0 return_oop=0}
                      ; - java.lang.ClassLoader::getNamedPackage@8
                      ; - java.lang.ClassLoader::postDefineClass@9
                      ; - java.lang.ClassLoader::defineClass@37
                      ; - java.security.SecureClassLoader::defineClass@12
  0x000002159eb6cc34: 4877 7dff 

  0x000002159eb6cc38: ;   {other}
  0x000002159eb6cc38: 0f1f 8400 | 2819 0020 | ba45 ffff | ff4c 8b54 | 2438 4c89 | 5424 304c | 8b54 2440 | 4c89 5424 
  0x000002159eb6cc58: 384c 8974 | 2448 4489 | 6c24 5090 

  0x000002159eb6cc64: ;   {runtime_call UncommonTrapBlob}
  0x000002159eb6cc64: c5f8 77e8 

  0x000002159eb6cc68: ; ImmutableOopMap {[40]=Oop [48]=Oop [56]=Oop [72]=Oop [80]=NarrowOop }
                      ;*ifle {reexecute=1 rethrow=0 return_oop=0}
                      ; - (reexecute) java.util.concurrent.ConcurrentHashMap::get@23
                      ; - java.lang.ClassLoader::getNamedPackage@5
                      ; - java.lang.ClassLoader::postDefineClass@9
                      ; - java.lang.ClassLoader::defineClass@37
                      ; - java.security.SecureClassLoader::defineClass@12
  0x000002159eb6cc68: 1477 7dff 

  0x000002159eb6cc6c: ;   {other}
  0x000002159eb6cc6c: 0f1f 8400 | 5c19 0021 | ba45 ffff | ff66 6690 

  0x000002159eb6cc7c: ;   {runtime_call UncommonTrapBlob}
  0x000002159eb6cc7c: c5f8 77e8 

  0x000002159eb6cc80: ; ImmutableOopMap {rbp=Oop [32]=Oop [40]=Oop [48]=Oop }
                      ;*ifnonnull {reexecute=1 rethrow=0 return_oop=0}
                      ; - (reexecute) java.security.SecureClassLoader::getProtectionDomain@1
                      ; - java.security.SecureClassLoader::defineClass@9
  0x000002159eb6cc80: fc76 7dff 

  0x000002159eb6cc84: ;   {other}
  0x000002159eb6cc84: 0f1f 8400 | 7419 0022 | 4c8b 5424 | 204c 8954 | 2428 4c8b | 5424 304c | 8954 2440 | 448b 5424 
  0x000002159eb6cca4: 4844 8954 | 2430 4c8b | 7424 5844 | 8b6c 244c | e912 f2ff | ffba f6ff | ffff 488b | 6c24 2048 
  0x000002159eb6ccc4: 897c 2420 

  0x000002159eb6ccc8: ;   {runtime_call UncommonTrapBlob}
  0x000002159eb6ccc8: c5f8 77e8 

  0x000002159eb6cccc: ; ImmutableOopMap {rbp=Oop [32]=Oop }
                      ;*invokevirtual putIfAbsent {reexecute=0 rethrow=0 return_oop=0}
                      ; - java.lang.ClassLoader::getNamedPackage@32
                      ; - java.lang.ClassLoader::postDefineClass@9
                      ; - java.lang.ClassLoader::defineClass@37
                      ; - java.security.SecureClassLoader::defineClass@12
  0x000002159eb6cccc: b076 7dff 

  0x000002159eb6ccd0: ;   {other}
  0x000002159eb6ccd0: 0f1f 8400 | c019 0023 | 488b e8ba | 54ff ffff 

  0x000002159eb6cce0: ;   {runtime_call UncommonTrapBlob}
  0x000002159eb6cce0: c5f8 77e8 

  0x000002159eb6cce4: ; ImmutableOopMap {rbp=Oop [40]=Oop [52]=NarrowOop [56]=Oop [64]=Oop [72]=Oop }
                      ;*ifnull {reexecute=1 rethrow=0 return_oop=0}
                      ; - (reexecute) java.lang.ClassLoader::getNamedPackage@42
                      ; - java.lang.ClassLoader::postDefineClass@9
                      ; - java.lang.ClassLoader::defineClass@37
                      ; - java.security.SecureClassLoader::defineClass@12
  0x000002159eb6cce4: 9876 7dff 

  0x000002159eb6cce8: ;   {other}
  0x000002159eb6cce8: 0f1f 8400 | d819 0024 | ba45 ffff | ff48 8944 | 2430 6690 

  0x000002159eb6ccfc: ;   {runtime_call UncommonTrapBlob}
  0x000002159eb6ccfc: c5f8 77e8 

  0x000002159eb6cd00: ; ImmutableOopMap {[40]=Oop [48]=Oop [56]=Oop [64]=Oop }
                      ;*ifeq {reexecute=1 rethrow=0 return_oop=0}
                      ; - (reexecute) java.lang.Class::getPackageName@13
                      ; - java.lang.ClassLoader::postDefineClass@2
                      ; - java.lang.ClassLoader::defineClass@37
                      ; - java.security.SecureClassLoader::defineClass@12
  0x000002159eb6cd00: 7c76 7dff 

  0x000002159eb6cd04: ;   {other}
  0x000002159eb6cd04: 0f1f 8400 | f419 0025 | 4963 cbe9 | a0ec ffff | 4883 c1fe | 488b fa48 | 33c0 4883 | f908 7f10 
  0x000002159eb6cd24: 48ff c978 | 4f48 8904 | cf48 ffc9 | 7df7 eb44 | c5fd efc0 | e90d 0000 | 00c5 fe7f | 07c5 fe7f 
  0x000002159eb6cd44: 4720 4883 | c740 4883 | e908 7ded | 4883 c104 | 7c0c c5fe | 7f07 4883 | c720 4883 | e904 4883 
  0x000002159eb6cd64: c104 7e10 | 48ff c9c5 | f9d6 0748 | 83c7 0848 | ffc9 7df3 | e906 edff | ffba ccff | ffff 4489 
  0x000002159eb6cd84: 5c24 2048 | 895c 2460 | 4489 4424 | 2466 6690 

  0x000002159eb6cd94: ;   {runtime_call UncommonTrapBlob}
  0x000002159eb6cd94: c5f8 77e8 

  0x000002159eb6cd98: ; ImmutableOopMap {[36]=NarrowOop [40]=Oop [56]=Oop [64]=Oop [96]=Oop }
                      ;*newarray {reexecute=1 rethrow=0 return_oop=0}
                      ; - (reexecute) java.util.Arrays::copyOfRangeByte@10
                      ; - java.util.Arrays::copyOfRange@13
                      ; - java.lang.StringLatin1::newString@16
                      ; - java.lang.String::substring@41
                      ; - java.lang.Class::getPackageName@62
                      ; - java.lang.ClassLoader::postDefineClass@2
                      ; - java.lang.ClassLoader::defineClass@37
                      ; - java.security.SecureClassLoader::defineClass@12
  0x000002159eb6cd98: e475 7dff 

  0x000002159eb6cd9c: ;   {other}
  0x000002159eb6cd9c: 0f1f 8400 | 8c1a 0026 | 8b7c 2440 | 458b 5cfc | 1445 85db | 0f84 05f7 | ffff 4d8b | 5728 498b 
  0x000002159eb6cdbc: cb48 c1e1 | 034d 85d2 | 0f84 f603 | 0000 4d8b | 5f38 4b89 | 4c13 f849 | 83c2 f84d | 8957 28e9 
  0x000002159eb6cddc: dbf6 ffff | 4d8b 5748 | 4d8b 5f58 | f083 4424 | c000 4180 | 3800 7435 | 4588 204d | 85d2 740f 
  0x000002159eb6cdfc: 4f89 4413 | f849 83c2 | f84d 8957 | 48eb 1e49 | 8bc8 498b | d7c5 f877 | 49ba 9022 | cec7 fe7f 
  0x000002159eb6ce1c: 0000 41ff 

  0x000002159eb6ce20: ;   {other}
  0x000002159eb6ce20: d20f 1f84 | 0000 0000 | 0045 8b54 | fc14 4585 | d20f 84a9 | 0300 0049 | c1e2 034c | 8954 2450 
  0x000002159eb6ce40: e9b6 f6ff | ffba 45ff | ffff 488b | 6c24 384c | 8b5c 2440 | 4c89 5c24 | 3844 896c | 2448 4c89 
  0x000002159eb6ce60: 7424 5044 | 8944 244c | 4489 5424 | 5866 6690 

  0x000002159eb6ce70: ;   {runtime_call UncommonTrapBlob}
  0x000002159eb6ce70: c5f8 77e8 

  0x000002159eb6ce74: ; ImmutableOopMap {rbp=Oop [40]=Oop [56]=Oop [72]=NarrowOop [76]=NarrowOop [80]=Oop }
                      ;*ifeq {reexecute=1 rethrow=0 return_oop=0}
                      ; - (reexecute) java.util.concurrent.ConcurrentHashMap::get@76
                      ; - java.lang.ClassLoader::getNamedPackage@5
                      ; - java.lang.ClassLoader::postDefineClass@9
                      ; - java.lang.ClassLoader::defineClass@37
                      ; - java.security.SecureClassLoader::defineClass@12
  0x000002159eb6ce74: 0875 7dff 

  0x000002159eb6ce78: ;   {other}
  0x000002159eb6ce78: 0f1f 8400 | 681b 0027 | 498b d7c5 | f877 49ba | b022 cec7 | fe7f 0000 

  0x000002159eb6ce90: ;   {other}
  0x000002159eb6ce90: 41ff d20f | 1f84 0000 | 0000 00e9 | bbf0 ffff | 498b d7c5 | f877 49ba | b022 cec7 | fe7f 0000 
  0x000002159eb6ceb0: ;   {other}
  0x000002159eb6ceb0: 41ff d20f | 1f84 0000 | 0000 00e9 | e2f0 ffff | 4533 c045 | 85db 410f | 94c0 ba45 | ffff ff48 
  0x000002159eb6ced0: 8b6c 2438 | 4c89 4c24 | 5044 8954 | 2458 4489 | 4424 5c90 

  0x000002159eb6cee4: ;   {runtime_call UncommonTrapBlob}
  0x000002159eb6cee4: c5f8 77e8 

  0x000002159eb6cee8: ; ImmutableOopMap {rbp=Oop [40]=Oop [64]=Oop [80]=Oop }
                      ;*ifeq {reexecute=1 rethrow=0 return_oop=0}
                      ; - (reexecute) java.lang.String::lastIndexOf@4
                      ; - java.lang.String::lastIndexOf@8
                      ; - java.lang.Class::getPackageName@47
                      ; - java.lang.ClassLoader::postDefineClass@2
                      ; - java.lang.ClassLoader::defineClass@37
                      ; - java.security.SecureClassLoader::defineClass@12
  0x000002159eb6cee8: 9474 7dff 

  0x000002159eb6ceec: ;   {other}
  0x000002159eb6ceec: 0f1f 8400 | dc1b 0028 | 498b d7c5 | f877 49ba | b022 cec7 | fe7f 0000 

  0x000002159eb6cf04: ;   {other}
  0x000002159eb6cf04: 41ff d20f | 1f84 0000 | 0000 00e9 | deeb ffff | ba45 ffff | ff44 895c | 2420 4489 | 5c24 244c 
  0x000002159eb6cf24: 894c 2458 | 894c 2464 

  0x000002159eb6cf2c: ;   {runtime_call UncommonTrapBlob}
  0x000002159eb6cf2c: c5f8 77e8 

  0x000002159eb6cf30: ; ImmutableOopMap {[40]=Oop [56]=Oop [64]=Oop [88]=Oop }
                      ;*if_icmpgt {reexecute=1 rethrow=0 return_oop=0}
                      ; - (reexecute) jdk.internal.util.Preconditions::checkFromToIndex@6
                      ; - java.lang.String::checkBoundsBeginEnd@6
                      ; - java.lang.String::substring@8
                      ; - java.lang.Class::getPackageName@62
                      ; - java.lang.ClassLoader::postDefineClass@2
                      ; - java.lang.ClassLoader::defineClass@37
                      ; - java.security.SecureClassLoader::defineClass@12
  0x000002159eb6cf30: 4c74 7dff 

  0x000002159eb6cf34: ;   {other}
  0x000002159eb6cf34: 0f1f 8400 | 241c 0029 | 498b d7c5 | f877 49ba | b022 cec7 | fe7f 0000 

  0x000002159eb6cf4c: ;   {other}
  0x000002159eb6cf4c: 41ff d20f | 1f84 0000 | 0000 00e9 | 32eb ffff | ba45 ffff | ff44 895c | 2420 4489 | 5c24 244c 
  0x000002159eb6cf6c: 894c 2458 | 894c 2464 | 894c 2468 

  0x000002159eb6cf78: ;   {runtime_call UncommonTrapBlob}
  0x000002159eb6cf78: c5f8 77e8 

  0x000002159eb6cf7c: ; ImmutableOopMap {[40]=Oop [56]=Oop [64]=Oop [88]=Oop }
                      ;*if_icmple {reexecute=1 rethrow=0 return_oop=0}
                      ; - (reexecute) jdk.internal.util.Preconditions::checkFromToIndex@11
                      ; - java.lang.String::checkBoundsBeginEnd@6
                      ; - java.lang.String::substring@8
                      ; - java.lang.Class::getPackageName@62
                      ; - java.lang.ClassLoader::postDefineClass@2
                      ; - java.lang.ClassLoader::defineClass@37
                      ; - java.security.SecureClassLoader::defineClass@12
  0x000002159eb6cf7c: 0074 7dff 

  0x000002159eb6cf80: ;   {other}
  0x000002159eb6cf80: 0f1f 8400 | 701c 002a | ba45 ffff | ff4c 8b5c | 2438 4c89 | 5c24 304c | 8b5c 2440 | 4c89 5c24 
  0x000002159eb6cfa0: 3844 896c | 2450 4c89 | 7424 5844 | 8944 2454 | 4489 5424 | 6044 894c | 2464 6690 

  0x000002159eb6cfbc: ;   {runtime_call UncommonTrapBlob}
  0x000002159eb6cfbc: c5f8 77e8 

  0x000002159eb6cfc0: ; ImmutableOopMap {[40]=Oop [48]=Oop [56]=Oop [80]=NarrowOop [84]=NarrowOop [88]=Oop }
                      ;*if_icmpne {reexecute=1 rethrow=0 return_oop=0}
                      ; - (reexecute) java.lang.String::equals@33
                      ; - java.util.concurrent.ConcurrentHashMap::get@73
                      ; - java.lang.ClassLoader::getNamedPackage@5
                      ; - java.lang.ClassLoader::postDefineClass@9
                      ; - java.lang.ClassLoader::defineClass@37
                      ; - java.security.SecureClassLoader::defineClass@12
  0x000002159eb6cfc0: bc73 7dff 

  0x000002159eb6cfc4: ;   {other}
  0x000002159eb6cfc4: 0f1f 8400 | b41c 002b | 4889 7c24 | 4844 894c | 2440 4c8b | 4424 284c | 8944 2420 | 48ba 0000 
  0x000002159eb6cfe4: 0000 0800 | 0000 4903 | d244 8bc3 

  0x000002159eb6cff0: ;   {runtime_call _new_array_Java}
  0x000002159eb6cff0: c5f8 77e8 

  0x000002159eb6cff4: ; ImmutableOopMap {rbp=Oop [32]=Oop [56]=Oop [64]=NarrowOop }
                      ;*invokevirtual clone {reexecute=1 rethrow=0 return_oop=1}
                      ; - (reexecute) java.security.CodeSource::getCertificates@11
                      ; - java.lang.ClassLoader::postDefineClass@24
                      ; - java.lang.ClassLoader::defineClass@37
                      ; - java.security.SecureClassLoader::defineClass@12
  0x000002159eb6cff4: 0824 89ff 

  0x000002159eb6cff8: ;   {other}
  0x000002159eb6cff8: 0f1f 8400 | e81c 002c | 448b 4c24 | 4048 8b7c | 2448 e984 | f2ff ffba | 45ff ffff | 4c8b 5c24 
  0x000002159eb6d018: 384c 895c | 2430 4c8b | 5c24 404c | 895c 2438 | 4489 6c24 | 504c 8974 | 2458 4c89 | 4424 6044 
  0x000002159eb6d038: 8954 2454 

  0x000002159eb6d03c: ;   {runtime_call UncommonTrapBlob}
  0x000002159eb6d03c: c5f8 77e8 

  0x000002159eb6d040: ; ImmutableOopMap {rbp=NarrowOop [40]=Oop [48]=Oop [56]=Oop [80]=NarrowOop [88]=Oop [96]=Oop }
                      ;*ifnull {reexecute=1 rethrow=0 return_oop=0}
                      ; - (reexecute) java.util.concurrent.ConcurrentHashMap::get@143
                      ; - java.lang.ClassLoader::getNamedPackage@5
                      ; - java.lang.ClassLoader::postDefineClass@9
                      ; - java.lang.ClassLoader::defineClass@37
                      ; - java.security.SecureClassLoader::defineClass@12
  0x000002159eb6d040: 3c73 7dff 

  0x000002159eb6d044: ;   {other}
  0x000002159eb6d044: 0f1f 8400 | 341d 002d | 4889 4c24 | 5844 895c | 2448 4489 | 4424 344c | 8b54 2438 | 4c89 5424 
  0x000002159eb6d064: 2048 8b6c 

  0x000002159eb6d068: ;   {metadata('java/util/ArrayList')}
  0x000002159eb6d068: 2428 48ba | 9081 0500 | 0800 0000 

  0x000002159eb6d074: ;   {runtime_call _new_instance_Java}
  0x000002159eb6d074: c5f8 77e8 

  0x000002159eb6d078: ; ImmutableOopMap {rbp=Oop [32]=Oop [52]=NarrowOop [72]=NarrowOop [88]=Oop }
                      ;*new {reexecute=0 rethrow=0 return_oop=1}
                      ; - java.security.CodeSource::getCertificates@25
                      ; - java.lang.ClassLoader::postDefineClass@24
                      ; - java.lang.ClassLoader::defineClass@37
                      ; - java.security.SecureClassLoader::defineClass@12
  0x000002159eb6d078: 8420 89ff 

  0x000002159eb6d07c: ;   {other}
  0x000002159eb6d07c: 0f1f 8400 | 6c1d 002e | 4889 6c24 | 284c 8b54 | 2420 4c89 | 5424 3844 | 8b44 2434 | 448b 5c24 
  0x000002159eb6d09c: 4848 8b4c | 2458 e967 | f2ff ff4c | 894c 2458 | 4889 4c24 | 4844 8944 | 2440 488b | 6c24 5044 
  0x000002159eb6d0bc: 8b54 2430 | 4c8b 5c24 | 384c 895c | 2430 4c8b | 5c24 284c | 895c 2420 

  0x000002159eb6d0d4: ;   {metadata('java/security/cert/Certificate'[])}
  0x000002159eb6d0d4: 48ba 880d | 0300 0800 | 0000 458b | c266 6690 

  0x000002159eb6d0e4: ;   {runtime_call _new_array_Java}
  0x000002159eb6d0e4: c5f8 77e8 

  0x000002159eb6d0e8: ; ImmutableOopMap {[32]=Oop [48]=Oop [56]=Oop [64]=NarrowOop [72]=Oop [88]=Oop }
                      ;*anewarray {reexecute=0 rethrow=0 return_oop=1}
                      ; - java.security.CodeSource::getCertificates@70
                      ; - java.lang.ClassLoader::postDefineClass@24
                      ; - java.lang.ClassLoader::defineClass@37
                      ; - java.security.SecureClassLoader::defineClass@12
  0x000002159eb6d0e8: 1423 89ff 

  0x000002159eb6d0ec: ;   {other}
  0x000002159eb6d0ec: 0f1f 8400 | dc1d 002f | e984 f3ff | ff48 ba00 | 0000 0008 | 0000 0049 | 03d2 6690 

  0x000002159eb6d108: ;   {runtime_call _new_array_Java}
  0x000002159eb6d108: c5f8 77e8 

  0x000002159eb6d10c: ; ImmutableOopMap {[32]=Oop [48]=Oop [80]=Oop }
                      ;*invokevirtual clone {reexecute=1 rethrow=0 return_oop=1}
                      ; - (reexecute) java.security.CodeSource::getCertificates@86
                      ; - java.lang.ClassLoader::postDefineClass@24
                      ; - java.lang.ClassLoader::defineClass@37
                      ; - java.security.SecureClassLoader::defineClass@12
  0x000002159eb6d10c: f022 89ff 

  0x000002159eb6d110: ;   {other}
  0x000002159eb6d110: 0f1f 8400 | 001e 0030 | e94f f4ff | ffba e4ff | ffff 488b | 6c24 3848 | 8b4c 2428 | 4889 4c24 
  0x000002159eb6d130: 2044 8944 | 2430 4c89 | 4c24 4044 | 895c 2448 | 4489 5424 | 4c66 6690 

  0x000002159eb6d148: ;   {runtime_call UncommonTrapBlob}
  0x000002159eb6d148: c5f8 77e8 

  0x000002159eb6d14c: ; ImmutableOopMap {rbp=Oop [32]=Oop [48]=NarrowOop [64]=Oop [72]=NarrowOop }
                      ;*aaload {reexecute=0 rethrow=0 return_oop=0}
                      ; - java.security.CodeSource::getCertificates@50
                      ; - java.lang.ClassLoader::postDefineClass@24
                      ; - java.lang.ClassLoader::defineClass@37
                      ; - java.security.SecureClassLoader::defineClass@12
  0x000002159eb6d14c: 3072 7dff 

  0x000002159eb6d150: ;   {other}
  0x000002159eb6d150: 0f1f 8400 | 401e 0031 | bac6 ffff | ff48 8b6c | 2438 4c8b | 5c24 404c | 895c 2438 | 4489 6c24 
  0x000002159eb6d170: 4844 8944 | 244c 4489 | 5424 504c | 8974 2458 

  0x000002159eb6d180: ;   {runtime_call UncommonTrapBlob}
  0x000002159eb6d180: c5f8 77e8 

  0x000002159eb6d184: ; ImmutableOopMap {rbp=Oop [40]=Oop [56]=Oop [72]=NarrowOop [76]=NarrowOop [88]=Oop }
                      ;*invokevirtual find {reexecute=0 rethrow=0 return_oop=0}
                      ; - java.util.concurrent.ConcurrentHashMap::get@93
                      ; - java.lang.ClassLoader::getNamedPackage@5
                      ; - java.lang.ClassLoader::postDefineClass@9
                      ; - java.lang.ClassLoader::defineClass@37
                      ; - java.security.SecureClassLoader::defineClass@12
  0x000002159eb6d184: f871 7dff 

  0x000002159eb6d188: ;   {other}
  0x000002159eb6d188: 0f1f 8400 | 781e 0032 | baf6 ffff | ff66 6690 

  0x000002159eb6d198: ;   {runtime_call UncommonTrapBlob}
  0x000002159eb6d198: c5f8 77e8 

  0x000002159eb6d19c: ; ImmutableOopMap {}
                      ;*invokevirtual isNamed {reexecute=0 rethrow=0 return_oop=0}
                      ; - java.lang.NamedPackage::<init>@12
                      ; - java.lang.ClassLoader::getNamedPackage@22
                      ; - java.lang.ClassLoader::postDefineClass@9
                      ; - java.lang.ClassLoader::defineClass@37
                      ; - java.security.SecureClassLoader::defineClass@12
  0x000002159eb6d19c: e071 7dff 

  0x000002159eb6d1a0: ;   {other}
  0x000002159eb6d1a0: 0f1f 8400 | 901e 0033 | ba12 0000 | 0066 6690 

  0x000002159eb6d1b0: ;   {runtime_call UncommonTrapBlob}
  0x000002159eb6d1b0: c5f8 77e8 

  0x000002159eb6d1b4: ; ImmutableOopMap {rbp=NarrowOop [32]=Oop [40]=Oop [56]=Oop [64]=Oop [72]=Oop }
                      ;*new {reexecute=0 rethrow=0 return_oop=0}
                      ; - java.lang.NamedPackage::<init>@18
                      ; - java.lang.ClassLoader::getNamedPackage@22
                      ; - java.lang.ClassLoader::postDefineClass@9
                      ; - java.lang.ClassLoader::defineClass@37
                      ; - java.security.SecureClassLoader::defineClass@12
  0x000002159eb6d1b4: c871 7dff 

  0x000002159eb6d1b8: ;   {other}
  0x000002159eb6d1b8: 0f1f 8400 | a81e 0034 | 498b d7c5 | f877 49ba | b022 cec7 | fe7f 0000 

  0x000002159eb6d1d0: ;   {other}
  0x000002159eb6d1d0: 41ff d20f | 1f84 0000 | 0000 00e9 | dbf2 ffff | baf6 ffff | ff66 6690 

  0x000002159eb6d1e8: ;   {runtime_call UncommonTrapBlob}
  0x000002159eb6d1e8: c5f8 77e8 

  0x000002159eb6d1ec: ; ImmutableOopMap {}
                      ;*invokevirtual clone {reexecute=1 rethrow=0 return_oop=0}
                      ; - (reexecute) java.security.CodeSource::getCertificates@86
                      ; - java.lang.ClassLoader::postDefineClass@24
                      ; - java.lang.ClassLoader::defineClass@37
                      ; - java.security.SecureClassLoader::defineClass@12
  0x000002159eb6d1ec: 9071 7dff 

  0x000002159eb6d1f0: ;   {other}
  0x000002159eb6d1f0: 0f1f 8400 | e01e 0035 | bade ffff | ff48 8b6c | 2428 4c8b | 5424 304c | 8954 2428 | 448b 5c24 
  0x000002159eb6d210: 3844 895c | 2430 448b | 5424 3c44 | 8954 2434 | 4889 4424 | 3866 6690 

  0x000002159eb6d228: ;   {runtime_call UncommonTrapBlob}
  0x000002159eb6d228: c5f8 77e8 

  0x000002159eb6d22c: ; ImmutableOopMap {rbp=Oop [32]=Oop [40]=Oop [56]=Oop }
                      ;*checkcast {reexecute=0 rethrow=0 return_oop=0}
                      ; - java.security.SecureClassLoader::getProtectionDomain@33
                      ; - java.security.SecureClassLoader::defineClass@9
  0x000002159eb6d22c: 5071 7dff 

  0x000002159eb6d230: ;   {other}
  0x000002159eb6d230: 0f1f 8400 | 201f 0036 | bade ffff | ff48 8b6c | 2430 4889 | 4424 3890 

  0x000002159eb6d248: ;   {runtime_call UncommonTrapBlob}
  0x000002159eb6d248: c5f8 77e8 

  0x000002159eb6d24c: ; ImmutableOopMap {rbp=Oop [32]=Oop [56]=Oop [64]=NarrowOop }
                      ;*checkcast {reexecute=0 rethrow=0 return_oop=0}
                      ; - java.security.CodeSource::getCertificates@76
                      ; - java.lang.ClassLoader::postDefineClass@24
                      ; - java.lang.ClassLoader::defineClass@37
                      ; - java.security.SecureClassLoader::defineClass@12
  0x000002159eb6d24c: 3071 7dff 

  0x000002159eb6d250: ;   {other}
  0x000002159eb6d250: 0f1f 8400 | 401f 0037 | baf6 ffff | ff49 8be8 | 4c89 4c24 | 2066 6690 

  0x000002159eb6d268: ;   {runtime_call UncommonTrapBlob}
  0x000002159eb6d268: c5f8 77e8 

  0x000002159eb6d26c: ; ImmutableOopMap {rbp=Oop [32]=Oop }
                      ;*invokeinterface computeIfAbsent {reexecute=0 rethrow=0 return_oop=0}
                      ; - java.security.SecureClassLoader::getProtectionDomain@28
                      ; - java.security.SecureClassLoader::defineClass@9
  0x000002159eb6d26c: 1071 7dff 

  0x000002159eb6d270: ;   {other}
  0x000002159eb6d270: 0f1f 8400 | 601f 0038 | baf4 ffff | ff48 8b6c | 2428 4c8b | 5424 304c | 8954 2428 

  0x000002159eb6d28c: ;   {runtime_call UncommonTrapBlob}
  0x000002159eb6d28c: c5f8 77e8 

  0x000002159eb6d290: ; ImmutableOopMap {rbp=Oop [32]=Oop [40]=Oop }
                      ;*checkcast {reexecute=0 rethrow=0 return_oop=0}
                      ; - java.security.SecureClassLoader::getProtectionDomain@33
                      ; - java.security.SecureClassLoader::defineClass@9
  0x000002159eb6d290: ec70 7dff 

  0x000002159eb6d294: ;   {other}
  0x000002159eb6d294: 0f1f 8400 | 841f 0039 | baf6 ffff | ff66 6690 

  0x000002159eb6d2a4: ;   {runtime_call UncommonTrapBlob}
  0x000002159eb6d2a4: c5f8 77e8 

  0x000002159eb6d2a8: ; ImmutableOopMap {}
                      ;*invokevirtual getCodeSource {reexecute=0 rethrow=0 return_oop=0}
                      ; - java.lang.ClassLoader::defineClassSourceLocation@1
                      ; - java.lang.ClassLoader::defineClass@12
                      ; - java.security.SecureClassLoader::defineClass@12
  0x000002159eb6d2a8: d470 7dff 

  0x000002159eb6d2ac: ;   {other}
  0x000002159eb6d2ac: 0f1f 8400 | 9c1f 003a | baf6 ffff | ff66 6690 

  0x000002159eb6d2bc: ;   {runtime_call UncommonTrapBlob}
  0x000002159eb6d2bc: c5f8 77e8 

  0x000002159eb6d2c0: ; ImmutableOopMap {}
                      ;*invokevirtual getPackageName {reexecute=0 rethrow=0 return_oop=0}
                      ; - java.lang.ClassLoader::postDefineClass@2
                      ; - java.lang.ClassLoader::defineClass@37
                      ; - java.security.SecureClassLoader::defineClass@12
  0x000002159eb6d2c0: bc70 7dff 

  0x000002159eb6d2c4: ;   {other}
  0x000002159eb6d2c4: 0f1f 8400 | b41f 003b | baf6 ffff | ff66 6690 

  0x000002159eb6d2d4: ;   {runtime_call UncommonTrapBlob}
  0x000002159eb6d2d4: c5f8 77e8 

  0x000002159eb6d2d8: ; ImmutableOopMap {}
                      ;*invokevirtual hashCode {reexecute=0 rethrow=0 return_oop=0}
                      ; - java.util.concurrent.ConcurrentHashMap::get@1
                      ; - java.lang.ClassLoader::getNamedPackage@5
                      ; - java.lang.ClassLoader::postDefineClass@9
                      ; - java.lang.ClassLoader::defineClass@37
                      ; - java.security.SecureClassLoader::defineClass@12
  0x000002159eb6d2d8: a470 7dff 

  0x000002159eb6d2dc: ;   {other}
  0x000002159eb6d2dc: 0f1f 8400 | cc1f 003c | ba45 ffff | ff48 8b6c | 2428 4c8b | 5c24 304c | 895c 2428 | 448b 4424 
  0x000002159eb6d2fc: 3844 8944 | 2430 448b | 5c24 3c44 | 895c 2434 | 4889 4424 | 3844 8954 | 2444 6690 

  0x000002159eb6d318: ;   {runtime_call UncommonTrapBlob}
  0x000002159eb6d318: c5f8 77e8 

  0x000002159eb6d31c: ; ImmutableOopMap {rbp=Oop [32]=Oop [40]=Oop [56]=Oop [68]=NarrowOop }
                      ;*ifnull {reexecute=1 rethrow=0 return_oop=0}
                      ; - (reexecute) java.lang.ClassLoader::defineClassSourceLocation@8
                      ; - java.lang.ClassLoader::defineClass@12
                      ; - java.security.SecureClassLoader::defineClass@12
  0x000002159eb6d31c: 6070 7dff 

  0x000002159eb6d320: ;   {other}
  0x000002159eb6d320: 0f1f 8400 | 1020 003d | ba45 ffff | ff66 6690 

  0x000002159eb6d330: ;   {runtime_call UncommonTrapBlob}
  0x000002159eb6d330: c5f8 77e8 

  0x000002159eb6d334: ; ImmutableOopMap {rbp=NarrowOop [32]=Oop [40]=Oop [48]=Oop [64]=Oop }
                      ;*ifnull {reexecute=1 rethrow=0 return_oop=0}
                      ; - (reexecute) java.lang.ClassLoader::defineClassSourceLocation@15
                      ; - java.lang.ClassLoader::defineClass@12
                      ; - java.security.SecureClassLoader::defineClass@12
  0x000002159eb6d334: 4870 7dff 

  0x000002159eb6d338: ;   {other}
  0x000002159eb6d338: 0f1f 8400 | 2820 003e | baf6 ffff | ff66 6690 

  0x000002159eb6d348: ;   {runtime_call UncommonTrapBlob}
  0x000002159eb6d348: c5f8 77e8 

  0x000002159eb6d34c: ; ImmutableOopMap {}
                      ;*arraylength {reexecute=0 rethrow=0 return_oop=0}
                      ; - java.lang.String::isEmpty@4
                      ; - java.lang.NamedPackage::<init>@5
                      ; - java.lang.ClassLoader::getNamedPackage@22
                      ; - java.lang.ClassLoader::postDefineClass@9
                      ; - java.lang.ClassLoader::defineClass@37
                      ; - java.security.SecureClassLoader::defineClass@12
  0x000002159eb6d34c: 3070 7dff 

  0x000002159eb6d350: ;   {other}
  0x000002159eb6d350: 0f1f 8400 | 4020 003f | 4533 db4d | 85d2 410f | 94c3 ba45 | ffff ff48 | 8944 2430 | 4489 5c24 
  0x000002159eb6d370: 4866 6690 

  0x000002159eb6d374: ;   {runtime_call UncommonTrapBlob}
  0x000002159eb6d374: c5f8 77e8 

  0x000002159eb6d378: ; ImmutableOopMap {[40]=Oop [48]=Oop [56]=Oop [64]=Oop }
                      ;*ifeq {reexecute=1 rethrow=0 return_oop=0}
                      ; - (reexecute) java.lang.Class::getPackageName@29
                      ; - java.lang.ClassLoader::postDefineClass@2
                      ; - java.lang.ClassLoader::defineClass@37
                      ; - java.security.SecureClassLoader::defineClass@12
  0x000002159eb6d378: 0470 7dff 

  0x000002159eb6d37c: ;   {other}
  0x000002159eb6d37c: 0f1f 8400 | 6c20 0040 | baf6 ffff | ff66 6690 

  0x000002159eb6d38c: ;   {runtime_call UncommonTrapBlob}
  0x000002159eb6d38c: c5f8 77e8 

  0x000002159eb6d390: ; ImmutableOopMap {}
                      ;*arraylength {reexecute=0 rethrow=0 return_oop=0}
                      ; - java.lang.String::length@4
                      ; - java.lang.String::lastIndexOf@3
                      ; - java.lang.Class::getPackageName@47
                      ; - java.lang.ClassLoader::postDefineClass@2
                      ; - java.lang.ClassLoader::defineClass@37
                      ; - java.security.SecureClassLoader::defineClass@12
  0x000002159eb6d390: ec6f 7dff 

  0x000002159eb6d394: ;   {other}
  0x000002159eb6d394: 0f1f 8400 | 8420 0041 | ba45 ffff | ff44 8944 | 2420 6690 

  0x000002159eb6d3a8: ;   {runtime_call UncommonTrapBlob}
  0x000002159eb6d3a8: c5f8 77e8 

  0x000002159eb6d3ac: ; ImmutableOopMap {[32]=NarrowOop [56]=Oop }
                      ;*ifnull {reexecute=1 rethrow=0 return_oop=0}
                      ; - (reexecute) java.lang.ClassLoader::postDefineClass@17
                      ; - java.lang.ClassLoader::defineClass@37
                      ; - java.security.SecureClassLoader::defineClass@12
  0x000002159eb6d3ac: d06f 7dff 

  0x000002159eb6d3b0: ;   {other}
  0x000002159eb6d3b0: 0f1f 8400 | a020 0042 | ba45 ffff | ff4c 8b5c | 2438 4c89 | 5c24 304c | 8b5c 2440 | 4c89 5c24 
  0x000002159eb6d3d0: 3844 896c | 2450 4c89 | 7424 5844 | 8944 2454 | 4489 5424 | 6066 6690 

  0x000002159eb6d3e8: ;   {runtime_call UncommonTrapBlob}
  0x000002159eb6d3e8: c5f8 77e8 

  0x000002159eb6d3ec: ; ImmutableOopMap {rbp=NarrowOop [40]=Oop [48]=Oop [56]=Oop [80]=NarrowOop [84]=NarrowOop [88]=Oop }
                      ;*ifnull {reexecute=1 rethrow=0 return_oop=0}
                      ; - (reexecute) java.util.concurrent.ConcurrentHashMap::get@67
                      ; - java.lang.ClassLoader::getNamedPackage@5
                      ; - java.lang.ClassLoader::postDefineClass@9
                      ; - java.lang.ClassLoader::defineClass@37
                      ; - java.security.SecureClassLoader::defineClass@12
  0x000002159eb6d3ec: 906f 7dff 

  0x000002159eb6d3f0: ;   {other}
  0x000002159eb6d3f0: 0f1f 8400 | e020 0043 | baf6 ffff | ff41 8bea 

  0x000002159eb6d400: ;   {runtime_call UncommonTrapBlob}
  0x000002159eb6d400: c5f8 77e8 

  0x000002159eb6d404: ; ImmutableOopMap {}
                      ;*aaload {reexecute=0 rethrow=0 return_oop=0}
                      ; - java.security.CodeSource::getCertificates@50
                      ; - java.lang.ClassLoader::postDefineClass@24
                      ; - java.lang.ClassLoader::defineClass@37
                      ; - java.security.SecureClassLoader::defineClass@12
  0x000002159eb6d404: 786f 7dff 

  0x000002159eb6d408: ;   {other}
  0x000002159eb6d408: 0f1f 8400 | f820 0044 | baf6 ffff | ff66 6690 

  0x000002159eb6d418: ;   {runtime_call UncommonTrapBlob}
  0x000002159eb6d418: c5f8 77e8 

  0x000002159eb6d41c: ; ImmutableOopMap {}
                      ;*invokevirtual getSignerCertPath {reexecute=0 rethrow=0 return_oop=0}
                      ; - java.security.CodeSource::getCertificates@51
                      ; - java.lang.ClassLoader::postDefineClass@24
                      ; - java.lang.ClassLoader::defineClass@37
                      ; - java.security.SecureClassLoader::defineClass@12
  0x000002159eb6d41c: 606f 7dff 

  0x000002159eb6d420: ;   {other}
  0x000002159eb6d420: 0f1f 8400 | 1021 0045 | baf6 ffff | ff66 6690 

  0x000002159eb6d430: ;   {runtime_call UncommonTrapBlob}
  0x000002159eb6d430: c5f8 77e8 

  0x000002159eb6d434: ; ImmutableOopMap {}
                      ;*invokevirtual getCertificates {reexecute=0 rethrow=0 return_oop=0}
                      ; - java.security.CodeSource::getCertificates@54
                      ; - java.lang.ClassLoader::postDefineClass@24
                      ; - java.lang.ClassLoader::defineClass@37
                      ; - java.security.SecureClassLoader::defineClass@12
  0x000002159eb6d434: 486f 7dff 

  0x000002159eb6d438: ;   {other}
  0x000002159eb6d438: 0f1f 8400 | 2821 0046 | baf6 ffff | ff66 6690 

  0x000002159eb6d448: ;   {runtime_call UncommonTrapBlob}
  0x000002159eb6d448: c5f8 77e8 

  0x000002159eb6d44c: ; ImmutableOopMap {}
                      ;*arraylength {reexecute=0 rethrow=0 return_oop=0}
                      ; - java.security.CodeSource::getCertificates@40
                      ; - java.lang.ClassLoader::postDefineClass@24
                      ; - java.lang.ClassLoader::defineClass@37
                      ; - java.security.SecureClassLoader::defineClass@12
  0x000002159eb6d44c: 306f 7dff 

  0x000002159eb6d450: ;   {other}
  0x000002159eb6d450: 0f1f 8400 | 4021 0047 | baf4 ffff | ff48 8b6c | 2430 6690 

  0x000002159eb6d464: ;   {runtime_call UncommonTrapBlob}
  0x000002159eb6d464: c5f8 77e8 

  0x000002159eb6d468: ; ImmutableOopMap {rbp=Oop [32]=Oop [64]=NarrowOop }
                      ;*checkcast {reexecute=0 rethrow=0 return_oop=0}
                      ; - java.security.CodeSource::getCertificates@76
                      ; - java.lang.ClassLoader::postDefineClass@24
                      ; - java.lang.ClassLoader::defineClass@37
                      ; - java.security.SecureClassLoader::defineClass@12
  0x000002159eb6d468: 146f 7dff 

  0x000002159eb6d46c: ;   {other}
  0x000002159eb6d46c: 0f1f 8400 | 5c21 0048 | ba97 ffff | ff48 8b6c | 2428 6690 

  0x000002159eb6d480: ;   {runtime_call UncommonTrapBlob}
  0x000002159eb6d480: c5f8 77e8 

  0x000002159eb6d484: ; ImmutableOopMap {rbp=Oop [32]=Oop [48]=Oop [76]=NarrowOop [88]=Oop }
                      ;*invokevirtual clone {reexecute=1 rethrow=0 return_oop=0}
                      ; - (reexecute) java.util.Arrays::copyOfRange@18
                      ; - java.lang.StringLatin1::newString@16
                      ; - java.lang.String::substring@41
                      ; - java.lang.Class::getPackageName@62
                      ; - java.lang.ClassLoader::postDefineClass@2
                      ; - java.lang.ClassLoader::defineClass@37
                      ; - java.security.SecureClassLoader::defineClass@12
  0x000002159eb6d484: f86e 7dff 

  0x000002159eb6d488: ;   {other}
  0x000002159eb6d488: 0f1f 8400 | 7821 0049 | ba97 ffff | ff66 6690 

  0x000002159eb6d498: ;   {runtime_call UncommonTrapBlob}
  0x000002159eb6d498: c5f8 77e8 

  0x000002159eb6d49c: ; ImmutableOopMap {[32]=Oop [56]=Oop [64]=NarrowOop }
                      ;*invokevirtual clone {reexecute=1 rethrow=0 return_oop=0}
                      ; - (reexecute) java.security.CodeSource::getCertificates@11
                      ; - java.lang.ClassLoader::postDefineClass@24
                      ; - java.lang.ClassLoader::defineClass@37
                      ; - java.security.SecureClassLoader::defineClass@12
  0x000002159eb6d49c: e06e 7dff 

  0x000002159eb6d4a0: ;   {other}
  0x000002159eb6d4a0: 0f1f 8400 | 9021 004a | ba97 ffff | ff48 8b6c | 2430 6690 

  0x000002159eb6d4b4: ;   {runtime_call UncommonTrapBlob}
  0x000002159eb6d4b4: c5f8 77e8 

  0x000002159eb6d4b8: ; ImmutableOopMap {rbp=Oop [32]=Oop [80]=Oop }
                      ;*invokevirtual clone {reexecute=1 rethrow=0 return_oop=0}
                      ; - (reexecute) java.security.CodeSource::getCertificates@86
                      ; - java.lang.ClassLoader::postDefineClass@24
                      ; - java.lang.ClassLoader::defineClass@37
                      ; - java.security.SecureClassLoader::defineClass@12
  0x000002159eb6d4b8: c46e 7dff 

  0x000002159eb6d4bc: ;   {other}
  0x000002159eb6d4bc: 0f1f 8400 | ac21 004b | eb2d eb2b | eb29 eb27 | eb25 eb23 | eb18 eb16 | eb1d eb1b | eb19 eb17 
  0x000002159eb6d4dc: eb15 eb13 | eb11 eb0f | eb0d eb0b | eb09 488b | d0eb 07eb | 02eb 0048 | 8bd0 c5f8 | 7748 81c4 
  0x000002159eb6d4fc: b000 0000 

  0x000002159eb6d500: ;   {runtime_call _rethrow_Java}
  0x000002159eb6d500: 5de9 fa70 

  0x000002159eb6d504: ;   {internal_word}
  0x000002159eb6d504: 89ff 49ba | a0be b69e | 1502 0000 | 4d89 9760 

  0x000002159eb6d514: ;   {runtime_call SafepointBlob}
  0x000002159eb6d514: 0400 00e9 | 647f 7dff 

  0x000002159eb6d51c: ;   {runtime_call StubRoutines (final stubs)}
  0x000002159eb6d51c: e8bf dd7b | ffe9 d8e1 | ffff f4f4 
[Stub Code]
  0x000002159eb6d528: ;   {no_reloc}
  0x000002159eb6d528: 48bb 0000 | 0000 0000 

  0x000002159eb6d530: ;   {runtime_call nmethod}
  0x000002159eb6d530: 0000 e9fb 

  0x000002159eb6d534: ;   {static_stub}
  0x000002159eb6d534: ffff ff48 | bb00 0000 | 0000 0000 

  0x000002159eb6d540: ;   {runtime_call nmethod}
  0x000002159eb6d540: 00e9 fbff 

  0x000002159eb6d544: ;   {static_stub}
  0x000002159eb6d544: ffff 48bb | 0000 0000 | 0000 0000 

  0x000002159eb6d550: ;   {runtime_call nmethod}
  0x000002159eb6d550: e9fb ffff 

  0x000002159eb6d554: ;   {static_stub}
  0x000002159eb6d554: ff48 bb00 | 0000 0000 

  0x000002159eb6d55c: ;   {runtime_call nmethod}
  0x000002159eb6d55c: 0000 00e9 | fbff ffff 

  0x000002159eb6d564: ;   {static_stub}
  0x000002159eb6d564: 48bb 0000 | 0000 0000 

  0x000002159eb6d56c: ;   {runtime_call nmethod}
  0x000002159eb6d56c: 0000 e9fb 

  0x000002159eb6d570: ;   {static_stub}
  0x000002159eb6d570: ffff ff48 | bb00 0000 | 0000 0000 

  0x000002159eb6d57c: ;   {runtime_call nmethod}
  0x000002159eb6d57c: 00e9 fbff 

  0x000002159eb6d580: ;   {static_stub}
  0x000002159eb6d580: ffff 48bb | 584b 02bc | 1502 0000 

  0x000002159eb6d58c: ;   {runtime_call I2C/C2I adapters}
  0x000002159eb6d58c: e9da d87c 

  0x000002159eb6d590: ;   {static_stub}
  0x000002159eb6d590: ff48 bb00 | 0000 0000 

  0x000002159eb6d598: ;   {runtime_call nmethod}
  0x000002159eb6d598: 0000 00e9 | fbff ffff 

  0x000002159eb6d5a0: ;   {static_stub}
  0x000002159eb6d5a0: 48bb 0000 | 0000 0000 

  0x000002159eb6d5a8: ;   {runtime_call nmethod}
  0x000002159eb6d5a8: 0000 e9fb 

  0x000002159eb6d5ac: ;   {static_stub}
  0x000002159eb6d5ac: ffff ff48 | bb00 0000 | 0000 0000 

  0x000002159eb6d5b8: ;   {runtime_call nmethod}
  0x000002159eb6d5b8: 00e9 fbff 

  0x000002159eb6d5bc: ;   {static_stub}
  0x000002159eb6d5bc: ffff 48bb | 0000 0000 | 0000 0000 

  0x000002159eb6d5c8: ;   {runtime_call nmethod}
  0x000002159eb6d5c8: e9fb ffff 

  0x000002159eb6d5cc: ;   {static_stub}
  0x000002159eb6d5cc: ff48 bb00 | 0000 0000 

  0x000002159eb6d5d4: ;   {runtime_call nmethod}
  0x000002159eb6d5d4: 0000 00e9 | fbff ffff 

  0x000002159eb6d5dc: ;   {static_stub}
  0x000002159eb6d5dc: 48bb 0000 | 0000 0000 

  0x000002159eb6d5e4: ;   {runtime_call nmethod}
  0x000002159eb6d5e4: 0000 e9fb 

  0x000002159eb6d5e8: ;   {static_stub}
  0x000002159eb6d5e8: ffff ff48 | bb00 0000 | 0000 0000 

  0x000002159eb6d5f4: ;   {runtime_call nmethod}
  0x000002159eb6d5f4: 00e9 fbff 

  0x000002159eb6d5f8: ;   {static_stub}
  0x000002159eb6d5f8: ffff 48bb | 0000 0000 | 0000 0000 

  0x000002159eb6d604: ;   {runtime_call nmethod}
  0x000002159eb6d604: e9fb ffff 

  0x000002159eb6d608: ;   {runtime_call ExceptionBlob}
  0x000002159eb6d608: ffe9 f2e1 | 88ff e800 | 0000 0048 | 832c 2405 

  0x000002159eb6d618: ;   {runtime_call DeoptimizationBlob}
  0x000002159eb6d618: e903 717d | fff4 f4f4 
[/MachCode]


Compiled method (c2) 113246 11648       4       java.net.URLClassLoader$1::run (5 bytes)
 total in heap  [0x000002159eb2de90,0x000002159eb3d340] = 62640
 relocation     [0x000002159eb2dff0,0x000002159eb2e980] = 2448
 main code      [0x000002159eb2e980,0x000002159eb378d8] = 36696
 stub code      [0x000002159eb378d8,0x000002159eb37cf8] = 1056
 oops           [0x000002159eb37cf8,0x000002159eb37dc0] = 200
 metadata       [0x000002159eb37dc0,0x000002159eb385f8] = 2104
 scopes data    [0x000002159eb385f8,0x000002159eb3b570] = 12152
 scopes pcs     [0x000002159eb3b570,0x000002159eb3c540] = 4048
 dependencies   [0x000002159eb3c540,0x000002159eb3c810] = 720
 handler table  [0x000002159eb3c810,0x000002159eb3d248] = 2616
 nul chk table  [0x000002159eb3d248,0x000002159eb3d340] = 248

[Constant Pool (empty)]

[MachCode]
[Entry Point]
  # {method} {0x00000215bc785568} 'run' '()Ljava/lang/Object;' in 'java/net/URLClassLoader$1'
  #           [sp+0x150]  (sp of caller)
  0x000002159eb2e980: 448b 5208 | 49bb 0000 | 0000 0800 | 0000 4d03 | d349 3bc2 

  0x000002159eb2e994: ;   {runtime_call ic_miss_stub}
  0x000002159eb2e994: 0f85 e6fd | 80ff 6690 | 0f1f 4000 
[Verified Entry Point]
  0x000002159eb2e9a0: 8984 2400 | 80ff ff55 | 4881 ec40 | 0100 0090 | 4181 7f20 | 1b00 0000 | 0f85 0d8f | 0000 4889 
  0x000002159eb2e9c0: 5424 588b | 4a0c 450f | be5c cc10 | 4585 db0f | 856a 4e00 | 0045 8b4c | cc14 438b | 5ccc 0c4d 
  0x000002159eb2e9e0: 8d34 cc4d | 8b97 8003 | 0000 4d8b | 2a85 db0f | 869b 0300 | 008d 7bff | 3bfb 0f83 | a83e 0000 
  0x000002159eb2ea00: 8d73 fd4f | 8d04 cc43 | 807c cc10 | 2e0f 8423 | 1000 0083 | fe01 0f8e | d111 0000 | bd01 0000 
  0x000002159eb2ea20: 0041 bb01 | 0000 0044 | 895c 246c | 8bd3 2bd5 | 83c2 fd45 | 33db 3bf5 | 410f 4cd3 | 81fa a00f 
  0x000002159eb2ea40: 0000 41ba | a00f 0000 | 410f 47d2 | 03d5 eb03 | 418b eb48 | 63c5 450f | be5c 0010 | 4183 fb2e 
  0x000002159eb2ea60: 7462 450f | be54 0011 | 4183 fa2e | 744f 450f | be5c 0012 | 4183 fb2e | 7447 450f | be54 0013 
  0x000002159eb2ea80: 4183 fa2e | 7434 448d | 5d04 443b | da7c c149 

  0x000002159eb2ea90: ;   {no_reloc}
  0x000002159eb2ea90: 8b97 5004 | 0000 83c5 

  0x000002159eb2ea98: ; ImmutableOopMap {r8=Oop r9=NarrowOop rcx=NarrowOop r13=Oop r14=Oop [88]=Oop }
                      ;*if_icmpne {reexecute=1 rethrow=0 return_oop=0}
                      ; - (reexecute) java.lang.StringLatin1::replace@28
                      ; - java.lang.String::replace@18
                      ; - java.net.URLClassLoader$1::run@8
                      ; - java.net.URLClassLoader$1::run@1
                      ;   {poll}
  0x000002159eb2ea98: 0385 0244 | 3bde 0f8d | 5a11 0000 | 418b ebeb | 8345 8bcd | c5f9 7ece | c4c1 f97e | c0e9 c300 
  0x000002159eb2eab8: 0000 83c5 | 02ff c5eb | 0383 c502 | 3beb 0f8d | cf02 0000 | 81fb 0000 | 1000 0f87 | 3c37 0000 
  0x000002159eb2ead8: 4c89 6c24 | 3849 8b97 | b801 0000 | 4c63 d349 | 83c2 1749 | 83e2 f84c | 8bda 4d03 | da4d 3b9f 
  0x000002159eb2eaf8: c801 0000 | 0f83 1237 | 0000 4d89 | 9fb8 0100 | 0041 0f0d | 8b00 0100 | 004c 8bd2 | 49c7 0201 
  0x000002159eb2eb18: 0000 0041 | 0f0d 8b40 

  0x000002159eb2eb20: ;   {metadata({type array byte})}
  0x000002159eb2eb20: 0100 0041 | c742 08c8 | 0a04 0041 | 895a 0c41 | 0f0d 8b80 | 0100 0085 | ed0f 8eed | 0000 0044 
  0x000002159eb2eb40: 8d5d ff44 | 3bdb 0f83 | 094b 0000 | 85db 0f86 | 014b 0000 | c4c1 f96e | d247 0fbe | 54cc 10c4 
  0x000002159eb2eb60: e1f9 7ed2 | 4488 5210 | 4183 fb01 | 0f8e 0a4b | 0000 bad0 | 0700 0041 | ba01 0000 | 008b c541 
  0x000002159eb2eb80: 2bc2 ffc8 | 4533 ed45 | 3bda 410f | 4cc5 3dd0 | 0700 000f | 47c2 4103 | c245 8be9 | c5f9 6ece 
  0x000002159eb2eba0: c4c1 f96e | c066 6666 | 0f1f 8400 | 0000 0000 | 4963 f2c4 | c1f9 7ec0 | 450f be4c | 3010 c4c1 
  0x000002159eb2ebc0: f97e d045 | 884c 3010 | c4c1 f97e | c045 0fbe | 4430 11c4 | c1f9 7ed1 | 4588 4431 | 1141 83c2 
  0x000002159eb2ebe0: 0244 3bd0 | 7cca 4d8b | 8750 0400 

  0x000002159eb2ebec: ; ImmutableOopMap {r9=Oop rcx=NarrowOop r13=NarrowOop r14=Oop xmm0=Oop xmm2=Oop [56]=Oop [88]=Oop }
                      ;*goto {reexecute=1 rethrow=0 return_oop=0}
                      ; - (reexecute) java.lang.StringLatin1::replace@76
                      ; - java.lang.String::replace@18
                      ; - java.net.URLClassLoader$1::run@8
                      ; - java.net.URLClassLoader$1::run@1
                      ;   {poll}
  0x000002159eb2ebec: 0041 8500 | 453b d30f | 8cb0 feff | ff45 8bcd | c5f9 7ece | c4c1 f97e | c044 3bd5 | 7d1d 6690 
  0x000002159eb2ec0c: 4d63 da43 | 0fbe 5418 | 10c4 e1f9 | 7ed0 4288 | 5418 1041 | ffc2 443b | d57c e5c4 | c1f9 7ed2 
  0x000002159eb2ec2c: 3beb 0f8d | 0901 0000 | 3beb 0f83 | 293d 0000 | 3bfb 0f83 | 213d 0000 | 448d 4d01 | 4c63 dd43 
  0x000002159eb2ec4c: 0fbe 7c18 | 1083 ff2e | 0f84 8b0b | 0000 4388 | 7c1a 108d | 4d01 413b | c97d 048b | e9eb dd3b 
  0x000002159eb2ec6c: ce0f 8da6 | 0000 00ff | c5e9 7600 | 0000 b92f | 0000 0090 | 4388 4c0a | 1243 0fbe | 4c08 1383 
  0x000002159eb2ec8c: f92e 7444 | 4388 4c0a | 1383 c504 | 413b eb7d | 454c 63cd | 430f be4c | 0810 83f9 | 2e74 3043 
  0x000002159eb2ecac: 884c 0a10 | 430f be4c | 0811 83f9 | 2e74 1243 | 884c 0a11 | 430f be4c | 0812 83f9 | 2e75 b5eb 
  0x000002159eb2eccc: adb9 2f00 | 0000 ebe7 | b92f 0000 | 00eb b5b9 | 2f00 0000 | ebc9 4d8b | 8f50 0400 

  0x000002159eb2ece8: ; ImmutableOopMap {r10=Oop r8=Oop r14=Oop [56]=Oop [88]=Oop }
                      ;*goto {reexecute=1 rethrow=0 return_oop=0}
                      ; - (reexecute) java.lang.StringLatin1::replace@113
                      ; - java.lang.String::replace@18
                      ; - java.net.URLClassLoader$1::run@8
                      ; - java.net.URLClassLoader$1::run@1
                      ;   {poll}
  0x000002159eb2ece8: 0041 8501 | 3bee 7d2b | 448b db44 | 2bdd 4183 | c3fd 4533 | c93b f545 | 0f4c d941 | 81fb a00f 
  0x000002159eb2ed08: 0000 41b9 | a00f 0000 | 450f 47d9 | 4403 ddeb | 848b e93b | eb7d 1e90 | 4c63 dd43 | 0fbe 4c18 
  0x000002159eb2ed28: 1083 f92e | 0f84 7a0b | 0000 4388 | 4c1a 10ff | c53b eb7c | e34d 8b87 | b801 0000 | 4d8b d849 
  0x000002159eb2ed48: 83c3 184d | 3b9f c801 | 0000 0f83 | 3135 0000 | 4d89 9fb8 | 0100 0041 | 0f0d 8b00 | 0100 0049 
  0x000002159eb2ed68: c700 0100 

  0x000002159eb2ed6c: ;   {metadata('java/lang/String')}
  0x000002159eb2ed6c: 0000 41c7 | 4008 9020 | 0400 4589 | 600c 4d89 | 6010 4d8b | ca49 c1e9 | 0345 8948 | 144c 8b6c 
  0x000002159eb2ed8c: 2438 eb15 | 41ba 0100 | 0000 4489 | 5424 6c4d | 8bd1 49c1 | e203 4d8b | c641 8b4a | 0c85 c90f 
  0x000002159eb2edac: 863e 0a00 | 0045 0fbe | 5810 c462 | 22f7 c949 | 63f1 4183 | fb01 0f84 | bc4c 0000 | 4585 c90f 
  0x000002159eb2edcc: 8cd0 4b00 | 0048 8d46 | 068b e885 | ed0f 8ce1 | 4b00 0048 | 8bd8 48c1 | fb20 8bfb | c4e2 41f7 
  0x000002159eb2edec: dd85 db0f | 8cb3 4c00 | 0081 fb00 | 0010 000f | 87cf 3a00 | 0048 63d3 | 81fb 0000 | 1000 0f87 
  0x000002159eb2ee0c: 5833 0000 | 498b fa4c | 896c 2460 | 498b afb8 | 0100 0048 | 83c2 1748 | 83e2 f84c | 8bd5 4c03 
  0x000002159eb2ee2c: d24d 3b97 | c801 0000 | 0f83 2b33 | 0000 4d89 | 97b8 0100 | 0041 0f0d | 8a00 0100 | 0048 c745 
  0x000002159eb2ee4c: 0001 0000 | 0041 0f0d | 8a40 0100 

  0x000002159eb2ee58: ;   {metadata({type array byte})}
  0x000002159eb2ee58: 00c7 4508 | c80a 0400 | 895d 0c41 | 0f0d 8a80 | 0100 0045 | 8d51 0641 | 3bda 0f82 | 603a 0000 
  0x000002159eb2ee78: 4d63 d145 | 85c9 0f8f | ce01 0000 | 42c6 4415 | 102e 42c6 | 4415 1163 | 42c6 4415 | 126c 42c6 
  0x000002159eb2ee98: 4415 1361 | 42c6 4415 | 1473 42c6 | 4415 1573 | 4585 db0f | 852b 4b00 | 003b d90f | 8243 3a00 
  0x000002159eb2eeb8: 0085 c976 | 2948 8bd5 | 4883 c210 | 4883 c710 | 4c63 c148 | 8bcf c5f8 | 7749 bac0 | 9232 9e15 
  0x000002159eb2eed8: 0200 0041 

  0x000002159eb2eedc: ;   {other}
  0x000002159eb2eedc: ffd2 0f1f | 8400 0000 | 0000 4d8b | 87b8 0100 | 004d 8bd0 | 4983 c218 | 4d3b 97c8 | 0100 000f 
  0x000002159eb2eefc: 83ef 3200 | 004d 8997 | b801 0000 | 410f 0d8a | 0001 0000 | 49c7 0001 

  0x000002159eb2ef14: ;   {metadata('java/lang/String')}
  0x000002159eb2ef14: 0000 0041 | c740 0890 | 2004 0045 | 8960 0c45 | 8960 104c | 8bdd 49c1 | eb03 4589 | 5814 4c8b 
  0x000002159eb2ef34: 6c24 604c | 8b54 2458 | 458b 5210 

  0x000002159eb2ef40: ; implicit exception: dispatches to 0x000002159eb36e60
  0x000002159eb2ef40: 478b 5cd4 | 5445 85db | 0f84 3f39 | 0000 4c89 | ac24 a800 | 0000 4b8d | 14dc 4533 | c966 6690 
  0x000002159eb2ef60: ;   {optimized virtual_call}
  0x000002159eb2ef60: c5f8 77e8 

  0x000002159eb2ef64: ; ImmutableOopMap {[88]=Oop [168]=Oop }
                      ;*invokevirtual getResource {reexecute=0 rethrow=0 return_oop=1}
                      ; - java.net.URLClassLoader$1::run@26
                      ; - java.net.URLClassLoader$1::run@1
  0x000002159eb2ef64: 786d 0a00 

  0x000002159eb2ef68: ;   {other}
  0x000002159eb2ef68: 0f1f 8400 | d810 0003 | 4c8b f048 | 85c0 7507 | 33c0 e94d | 0800 004c | 8b54 2458 | 458b 5a10 
  0x000002159eb2ef88: 4489 5c24 | 3045 8b52 | 0c44 8994 | 24b0 0000 | 0045 85db | 0f84 8e3a | 0000 c5f8 | 7749 ba10 
  0x000002159eb2efa8: 1909 c8fe | 7f00 0041 

  0x000002159eb2efb0: ;   {other}
  0x000002159eb2efb0: ffd2 0f1f | 8400 0000 | 0000 4889 | 4424 4044 | 8b9c 24b0 | 0000 0047 | 8b44 dc14 

  0x000002159eb2efcc: ; implicit exception: dispatches to 0x000002159eb36ea8
  0x000002159eb2efcc: 478b 5cc4 | 0c44 8b94 | 24b0 0000 | 0047 0fbe | 54d4 10c4 | c22a f7cb | 8d79 ff45 | 85d2 0f85 
  0x000002159eb2efec: 004b 0000 | 458d 4bff | 443b cf44 | 0f4f cf8b | 9c24 b000 | 0000 498d | 14dc 4b8d | 3cc4 4585 
  0x000002159eb2f00c: c90f 8ccd | 0b00 0045 | 33d2 4c89 | 5424 280f | 1f44 0000 | 453b cb0f | 8380 3600 | 0042 807c 
  0x000002159eb2f02c: 0f10 2e74 | 4a49 8b9f | 5004 0000 | 41ff c94d 

  0x000002159eb2f03c: ; ImmutableOopMap {r10=Oop r8=NarrowOop rdi=Oop rdx=Oop r14=Oop [48]=NarrowOop [88]=Oop [168]=Oop [176]=NarrowOop }
                      ;*goto {reexecute=1 rethrow=0 return_oop=0}
                      ; - (reexecute) java.lang.StringLatin1::lastIndexOf@35
                      ; - java.lang.String::lastIndexOf@13
                      ; - java.lang.String::lastIndexOf@8
                      ; - java.net.URLClassLoader::defineClass@7
                      ; - java.net.URLClassLoader$1::run@43
                      ; - java.net.URLClassLoader$1::run@1
                      ;   {poll}
  0x000002159eb2f03c: 8bd6 8503 | 4585 c97d | db41 b9ff | ffff ff48 | 8954 2438 | eb2e 42c6 | 4415 1573 | 42c6 4415 
  0x000002159eb2f05c: 1473 42c6 | 4415 1361 | 42c6 4415 | 126c 42c6 | 4415 1163 | 42c6 4415 | 102e e92d | feff ff48 
  0x000002159eb2f07c: 8954 2438 | 418b 5e08 

  0x000002159eb2f084: ;   {metadata('jdk/internal/loader/URLClassPath$JarLoader$2')}
  0x000002159eb2f084: 81fb 0078 | 0900 0f85 | 340b 0000 | 498b de8b | 5320 458b | 54d4 1c49 | 8bda 48c1 | e303 4889 
  0x000002159eb2f0a4: 5c24 208b | 5c24 304d | 8d2c dc41 | 83f9 ff0f | 84b3 0300 | 0045 85c9 | 0f8c 6a4a | 0000 443b 
  0x000002159eb2f0c4: c90f 8f1f | 4b00 0044 | 3bc9 0f84 | 5009 0000 | 4585 c90f | 8456 0a00 | 0049 8b9f | b801 0000 
  0x000002159eb2f0e4: 488b cb48 | 83c1 1849 | 3b8f c801 | 0000 0f83 | 5132 0000 | 4989 8fb8 | 0100 000f | 0d89 0001 
  0x000002159eb2f104: 0000 48c7 | 0301 0000 

  0x000002159eb2f10c: ;   {metadata('java/lang/String')}
  0x000002159eb2f10c: 00c7 4308 | 9020 0400 | 4489 630c | 4c89 6310 | 4b8d 54c4 | 1045 3bcb | 0f84 8c07 | 0000 4181 
  0x000002159eb2f12c: f900 0010 | 000f 871b | 4300 0049 | 63c9 453b | d941 8beb | 410f 4fe9 | 443b dd0f | 8273 4300 
  0x000002159eb2f14c: 0044 3bcd | 0f82 6a43 | 0000 4883 | c117 4c8b | c149 83e0 | f841 81f9 | 0000 1000 | 0f87 ba32 
  0x000002159eb2f16c: 0000 4d8b | 9fb8 0100 | 0049 8bf3 | 4903 f049 | 3bb7 c801 | 0000 0f83 | a032 0000 | 4989 b7b8 
  0x000002159eb2f18c: 0100 000f | 0d8e 0001 | 0000 49c7 | 0301 0000 | 000f 0d8e | 4001 0000 

  0x000002159eb2f1a4: ;   {metadata({type array byte})}
  0x000002159eb2f1a4: 41c7 4308 | c80a 0400 | 4589 4b0c | 0f0d 8e80 | 0100 0049 | 8bfb 4883 | c710 48c1 | e903 85ed 
  0x000002159eb2f1c4: 0f84 9042 | 0000 413b | e90f 8ca3 | 2800 0049 | 8beb 488b | f341 8bda | 4983 c0f0 | 49c1 e803 
  0x000002159eb2f1e4: 488b ca48 | 8bd7 c5f8 | 7749 ba60 | 9932 9e15 | 0200 0041 

  0x000002159eb2f1f8: ;   {other}
  0x000002159eb2f1f8: ffd2 0f1f | 8400 0000 | 0000 448b | d348 8bde | 4c8b dd41 | 807f 4000 | 0f85 9c27 | 0000 4d8b 
  0x000002159eb2f218: c349 c1e8 | 0344 8943 | 144c 8bc3 | 4d33 d849 | c1eb 164d | 85db 741a | 49c1 e809 | 48b9 0000 
  0x000002159eb2f238: b1ac 1502 | 0000 4903 | c880 3902 | 0f85 9f27 | 0000 4488 | 6310 4889 | 9c24 b800 | 0000 458b 
  0x000002159eb2f258: ;   {metadata('jdk/internal/loader/URLClassPath$JarLoader$2')}
  0x000002159eb2f258: 5e08 4181 | fb00 7809 | 000f 8503 | 2900 004d 

  0x000002159eb2f268: ;   {oop(a 'java/lang/Class'{0x00000006006cfb08} = 'jdk/internal/access/SharedSecrets')}
  0x000002159eb2f268: 8bde 49b8 | 08fb 6c00 | 0600 0000 | 458b 80d4 | 0000 0047 | 8b4c c408 | 418b 5320 

  0x000002159eb2f284: ; implicit exception: dispatches to 0x000002159eb36f78
  0x000002159eb2f284: 418b 4cd4 

  0x000002159eb2f288: ;   {metadata('java/util/jar/JavaUtilJarAccessImpl')}
  0x000002159eb2f288: 1841 81f9 | 50e7 0800 | 0f85 0c39 | 0000 418b | 6ccc 084d | 8d0c cc48 | 8d9c 2430 | 0100 0049 
  0x000002159eb2f2a8: 8b01 a802 | 0f85 2300 | 0000 4883 | c801 4889 | 03f0 490f | b119 0f84 | 3700 0000 | 482b c448 
  0x000002159eb2f2c8: 2507 f0ff | ff48 8903 | e924 0000 | 004c 8bc0 | 4833 c0f0 | 4d0f b178 | 3e48 c703 | 0300 0000 
  0x000002159eb2f2e8: 7411 4c3b | f875 1549 | ff80 8600 | 0000 4833 | c075 0949 | ff87 4805 | 0000 33c0 | 0f85 e638 
  0x000002159eb2f308: 0000 453b | 64cc 3075 | 0f45 0fb6 | 44cc 1245 | 85c0 0f85 | 2807 0000 | 453b 64cc | 300f 8553 
  0x000002159eb2f328: 2800 0048 | 8d84 2430 | 0100 0048 | 8338 000f | 8479 0000 | 004d 8b01 | 41f6 c002 | 0f84 6200 
  0x000002159eb2f348: 0000 4983 | b886 0000 | 0000 7409 | 49ff 8886 | 0000 00eb | 4b49 8b80 | 9600 0000 | 490b 808e 
  0x000002159eb2f368: 0000 0075 | 0a49 c740 | 3e00 0000 | 00eb 3d49 | 83b8 9e00 | 0000 0074 | 2248 33c0 | 49c7 403e 
  0x000002159eb2f388: ;   {no_reloc}
  0x000002159eb2f388: 0000 0000 | f083 0424 | 0049 83b8 | 9e00 0000 | 0075 0df0 | 4d0f b178 | 3e75 0583 | c801 eb0c 
  0x000002159eb2f3a8: a800 eb08 | 4c8b 00f0 | 4d0f b101 | 750a 49ff | 8f48 0500 | 0045 33c0 | 0f85 0439 | 0000 458b 
  0x000002159eb2f3c8: 4320 438b | 6cc4 1845 | 8b4c ec08 

  0x000002159eb2f3d4: ;   {metadata('java/util/jar/JarFile')}
  0x000002159eb2f3d4: 4181 f930 | e208 000f | 8550 3900 | 004c 895c | 2460 4c89 | 6c24 5044 | 8954 2434 | 4c89 7424 
  0x000002159eb2f3f4: 4849 8d14 | ec66 6690 

  0x000002159eb2f3fc: ;   {optimized virtual_call}
  0x000002159eb2f3fc: c5f8 77e8 

  0x000002159eb2f400: ; ImmutableOopMap {[32]=Oop [48]=NarrowOop [52]=NarrowOop [56]=Oop [72]=Oop [80]=Oop [88]=Oop [96]=Oop [168]=Oop [176]=NarrowOop [184]=Oop }
                      ;*invokevirtual getManifest {reexecute=0 rethrow=0 return_oop=1}
                      ; - jdk.internal.loader.URLClassPath$JarLoader$2::getManifest@22
                      ; - java.net.URLClassLoader::defineClass@34
                      ; - java.net.URLClassLoader$1::run@43
                      ; - java.net.URLClassLoader$1::run@1
  0x000002159eb2f400: 7cae feff 

  0x000002159eb2f404: ;   {other}
  0x000002159eb2f404: 0f1f 8400 | 7415 0005 | 4c8b 7424 | 4844 8b54 | 2434 4c8b | 6c24 5048 | 8944 2460 | 4c89 6c24 
  0x000002159eb2f424: 5044 8954 | 2434 4c89 | 7424 4849 | 8bd5 4c8b | 8424 b800 | 0000 4c8b | c848 8b7c | 2420 6690 
  0x000002159eb2f444: ;   {optimized virtual_call}
  0x000002159eb2f444: c5f8 77e8 

  0x000002159eb2f448: ; ImmutableOopMap {[32]=Oop [48]=NarrowOop [52]=NarrowOop [56]=Oop [72]=Oop [80]=Oop [88]=Oop [96]=Oop [168]=Oop [176]=NarrowOop [184]=Oop }
                      ;*invokevirtual getAndVerifyPackage {reexecute=0 rethrow=0 return_oop=1}
                      ; - java.net.URLClassLoader::defineClass@46
                      ; - java.net.URLClassLoader$1::run@43
                      ; - java.net.URLClassLoader$1::run@1
  0x000002159eb2f448: f46c 2800 

  0x000002159eb2f44c: ;   {other}
  0x000002159eb2f44c: 0f1f 8400 | bc15 0006 | 4885 c00f | 84fc 0300 | 004c 8b74 | 2448 448b | 5424 344c | 8b6c 2450 
  0x000002159eb2f46c: 488d 9c24 | 3001 0000 | 498b 06a8 | 020f 8523 | 0000 0048 | 83c8 0148 | 8903 f049 | 0fb1 1e0f 
  0x000002159eb2f48c: 8437 0000 | 0048 2bc4 | 4825 07f0 | ffff 4889 | 03e9 2400 | 0000 4c8b | d848 33c0 | f04d 0fb1 
  0x000002159eb2f4ac: 7b3e 48c7 | 0303 0000 | 0074 114c | 3bf8 7515 | 49ff 8386 | 0000 0048 | 33c0 7509 | 49ff 8748 
  0x000002159eb2f4cc: 0500 0033 | c00f 8595 | 3500 0045 | 8b4e 0845 | 3b66 0c0f | 85b6 0000 

  0x000002159eb2f4e4: ;   {metadata('jdk/internal/loader/URLClassPath$JarLoader$2')}
  0x000002159eb2f4e4: 0041 81f9 | 0078 0900 | 0f85 3307 | 0000 498b | ce44 8b59 | 2047 8b44 | dc18 8b69 | 1c45 85c0 
  0x000002159eb2f504: 0f84 c245 | 0000 4489 | 4c24 344c | 896c 2460 | 4489 5424 | 504c 8974 | 2448 4b8d | 14c4 4c8b 
  0x000002159eb2f524: c549 c1e0 | 0348 8be9 

  0x000002159eb2f52c: ;   {optimized virtual_call}
  0x000002159eb2f52c: c5f8 77e8 

  0x000002159eb2f530: ; ImmutableOopMap {rbp=Oop [32]=Oop [48]=NarrowOop [56]=Oop [72]=Oop [80]=NarrowOop [88]=Oop [96]=Oop [176]=NarrowOop }
                      ;*invokevirtual getInputStream {reexecute=0 rethrow=0 return_oop=1}
                      ; - jdk.internal.loader.URLClassPath$JarLoader$2::getInputStream@11
                      ; - jdk.internal.loader.Resource::cachedInputStream@9
                      ; - jdk.internal.loader.Resource::getByteBuffer@1
                      ; - java.net.URLClassLoader::defineClass@132
                      ; - java.net.URLClassLoader$1::run@43
                      ; - java.net.URLClassLoader$1::run@1
  0x000002159eb2f530: cc76 4200 

  0x000002159eb2f534: ;   {other}
  0x000002159eb2f534: 0f1f 8400 | a416 0007 | 488b d849 | b900 00b1 | ac15 0200 | 0041 807f | 4000 0f85 | 3327 0000 
  0x000002159eb2f554: 4c8b 7424 | 484d 8bd6 | 4c8b c349 | c1e8 0345 | 8946 0c4c | 8bdb 4d33 | da49 c1eb | 164d 85db 
  0x000002159eb2f574: 7416 4885 | db74 1149 | c1ea 094d | 03ca 4180 | 3902 0f85 | 3727 0000 | 448b 5424 | 504c 8b6c 
  0x000002159eb2f594: 2460 448b | 4c24 3441 | 8b6e 0c48 | 8d84 2430 | 0100 0048 | 8338 000f | 8479 0000 | 004d 8b1e 
  0x000002159eb2f5b4: 41f6 c302 | 0f84 6200 | 0000 4983 | bb86 0000 | 0000 7409 | 49ff 8b86 | 0000 00eb | 4b49 8b83 
  0x000002159eb2f5d4: 9600 0000 | 490b 838e | 0000 0075 | 0a49 c743 | 3e00 0000 | 00eb 3d49 | 83bb 9e00 | 0000 0074 
  0x000002159eb2f5f4: 2248 33c0 | 49c7 433e | 0000 0000 | f083 0424 | 0049 83bb | 9e00 0000 | 0075 0df0 | 4d0f b17b 
  0x000002159eb2f614: 3e75 0583 | c801 eb0c | a800 eb08 | 4c8b 18f0 | 4d0f b11e | 750a 49ff | 8f48 0500 

  0x000002159eb2f630: ;   {no_reloc}
  0x000002159eb2f630: 0045 33db | 0f85 0135 | 0000 458b 

  0x000002159eb2f63c: ;   {metadata('sun/nio/ByteBuffered')}
  0x000002159eb2f63c: 5cec 0848 | b858 8209 | 0008 0000 | 0048 be00 | 0000 0008 | 0000 0049 | 03f3 4c8b | 5e20 4c3b 
  0x000002159eb2f65c: d80f 84e9 | 3300 0048 | 33ff 4c8b | 9ea0 0000 | 0049 8bd3 | 48c1 e230 | 0f89 2100 | 0000 f348 
  0x000002159eb2f67c: 0fb8 d248 | 8b5e 2848 | 3b04 d374 | 1549 0fba | e310 730b | 49c1 cb0f 

  0x000002159eb2f694: ;   {runtime_call StubRoutines (compiler stubs)}
  0x000002159eb2f694: e87e 1683 | ffeb 0348 | ffc7 4885 | ff0f 84a5 

  0x000002159eb2f6a4: ;   {metadata('jdk/internal/loader/URLClassPath$JarLoader$2')}
  0x000002159eb2f6a4: 3300 0041 | 81f9 0078 | 0900 0f85 | 8e04 0000 | 4c89 6c24 | 5044 8954 | 2448 498b | d649 8bee 
  0x000002159eb2f6c4: 4889 5424 | 6066 6690 

  0x000002159eb2f6cc: ;   {optimized virtual_call}
  0x000002159eb2f6cc: c5f8 77e8 

  0x000002159eb2f6d0: ; ImmutableOopMap {rbp=Oop [32]=Oop [48]=NarrowOop [56]=Oop [72]=NarrowOop [80]=Oop [88]=Oop [96]=Oop [176]=NarrowOop }
                      ;*invokevirtual getBytes {reexecute=0 rethrow=0 return_oop=1}
                      ; - java.net.URLClassLoader::defineClass@179
                      ; - java.net.URLClassLoader$1::run@43
                      ; - java.net.URLClassLoader$1::run@1
  0x000002159eb2f6d0: 8c5a 1200 

  0x000002159eb2f6d4: ;   {other}
  0x000002159eb2f6d4: 0f1f 8400 | 4418 0008 | 4889 4424 | 604c 8bdd | 448b 5508 

  0x000002159eb2f6e8: ;   {metadata('jdk/internal/loader/URLClassPath$JarLoader$2')}
  0x000002159eb2f6e8: 4181 fa00 | 7809 000f | 8581 0400 | 0048 8bd5 

  0x000002159eb2f6f8: ;   {optimized virtual_call}
  0x000002159eb2f6f8: c5f8 77e8 

  0x000002159eb2f6fc: ; ImmutableOopMap {rbp=Oop [32]=Oop [48]=NarrowOop [56]=Oop [72]=NarrowOop [80]=Oop [88]=Oop [96]=Oop [176]=NarrowOop }
                      ;*invokevirtual getCodeSigners {reexecute=0 rethrow=0 return_oop=1}
                      ; - java.net.URLClassLoader::defineClass@185
                      ; - java.net.URLClassLoader$1::run@43
                      ; - java.net.URLClassLoader$1::run@1
  0x000002159eb2f6fc: c04e aa00 

  0x000002159eb2f700: ;   {other}
  0x000002159eb2f700: 0f1f 8400 | 7018 0009 | 4889 4424 | 284c 8bdd | 498b 87b8 | 0100 004c | 8bd0 4983 | c228 4d3b 
  0x000002159eb2f720: 97c8 0100 | 000f 83e8 | 2b00 004d | 8997 b801 | 0000 410f | 0d8a 0001 | 0000 48c7 | 0001 0000 
  0x000002159eb2f740: ;   {metadata('java/security/CodeSource')}
  0x000002159eb2f740: 00c7 4008 | 985e 0500 | 4489 600c | 4c89 6010 | 4c89 6018 | 4c89 6020 | 4c89 5c24 | 6848 8944 
  0x000002159eb2f760: 2448 488b | d04c 8b44 | 2420 4c8b | 4c24 2890 

  0x000002159eb2f770: ;   {optimized virtual_call}
  0x000002159eb2f770: c5f8 77e8 

  0x000002159eb2f774: ; ImmutableOopMap {[48]=NarrowOop [56]=Oop [72]=Oop [80]=Oop [88]=Oop [96]=Oop [104]=Oop [176]=NarrowOop }
                      ;*invokespecial <init> {reexecute=0 rethrow=0 return_oop=0}
                      ; - java.net.URLClassLoader::defineClass@198
                      ; - java.net.URLClassLoader$1::run@43
                      ; - java.net.URLClassLoader$1::run@1
  0x000002159eb2f774: e8e5 8d00 

  0x000002159eb2f778: ;   {other}
  0x000002159eb2f778: 0f1f 8400 | e818 000a 

  0x000002159eb2f780: ;   {oop(a 'jdk/internal/perf/PerfCounter'{0x0000000600e646e8})}
  0x000002159eb2f780: 48ba e846 | e600 0600 | 0000 4c8b | 4424 4090 

  0x000002159eb2f790: ;   {optimized virtual_call}
  0x000002159eb2f790: c5f8 77e8 

  0x000002159eb2f794: ; ImmutableOopMap {[48]=NarrowOop [56]=Oop [72]=Oop [80]=Oop [88]=Oop [96]=Oop [104]=Oop [176]=NarrowOop }
                      ;*invokevirtual addElapsedTimeFrom {reexecute=0 rethrow=0 return_oop=0}
                      ; - java.net.URLClassLoader::defineClass@207
                      ; - java.net.URLClassLoader$1::run@43
                      ; - java.net.URLClassLoader$1::run@1
  0x000002159eb2f794: a88b f2ff 

  0x000002159eb2f798: ;   {other}
  0x000002159eb2f798: 0f1f 8400 | 0819 000b | 4c8b 4c24 | 6041 8b71 | 0c48 8b54 | 2450 4c8b | 4424 3833 | ff48 8b4c 
  0x000002159eb2f7b8: 2448 6690 

  0x000002159eb2f7bc: ;   {optimized virtual_call}
  0x000002159eb2f7bc: c5f8 77e8 

  0x000002159eb2f7c0: ; ImmutableOopMap {[88]=Oop [104]=Oop }
                      ;*invokevirtual defineClass {reexecute=0 rethrow=0 return_oop=1}
                      ; - java.net.URLClassLoader::defineClass@220
                      ; - java.net.URLClassLoader$1::run@43
                      ; - java.net.URLClassLoader$1::run@1
  0x000002159eb2f7c0: 1cbf 0300 

  0x000002159eb2f7c4: ;   {other}
  0x000002159eb2f7c4: 0f1f 8400 | 3419 000c | c5f8 7748 | 81c4 4001 

  0x000002159eb2f7d4: ;   {poll_return}
  0x000002159eb2f7d4: 0000 5d49 | 3ba7 4804 | 0000 0f87 | d180 0000 | c3bf 2f00 | 0000 e96b | f4ff ff49 | 8b87 b801 
  0x000002159eb2f7f4: 0000 4c8b | d049 83c2 | 184d 3b97 | c801 0000 | 0f83 3e2f | 0000 4d89 | 97b8 0100 | 0041 0f0d 
  0x000002159eb2f814: 8a00 0100 | 0048 c700 | 0100 0000 

  0x000002159eb2f820: ;   {metadata('java/lang/String')}
  0x000002159eb2f820: c740 0890 | 2004 0044 | 8960 0c44 

  0x000002159eb2f82c: ;   {oop([B{0x0000000600527fa8})}
  0x000002159eb2f82c: 8960 10c7 | 4014 f54f 

  0x000002159eb2f834: ;   {oop(".class"{0x0000000600524b30})}
  0x000002159eb2f834: 0ac0 49ba | 304b 5200 | 0600 0000 | 458b 5a0c | 4489 580c | 450f b65a | 1144 8858 | 114c 8bc0 
  0x000002159eb2f854: e9de f6ff 

  0x000002159eb2f858: ;   {metadata('java/lang/IllegalArgumentException')}
  0x000002159eb2f858: ff48 bd38 | fc07 0008 | 0000 004c | 8b54 2460 | 4d85 d20f | 84a7 2400 | 0048 8b54 | 2450 4c8b 
  0x000002159eb2f878: 8424 b800 | 0000 4d8b | ca48 8b7c | 2420 6690 

  0x000002159eb2f888: ;   {optimized virtual_call}
  0x000002159eb2f888: c5f8 77e8 

  0x000002159eb2f88c: ; ImmutableOopMap {[32]=Oop [48]=NarrowOop [52]=NarrowOop [56]=Oop [72]=Oop [80]=Oop [88]=Oop [96]=Oop [168]=Oop [176]=NarrowOop [184]=Oop }
                      ;*invokevirtual definePackage {reexecute=0 rethrow=0 return_oop=1}
                      ; - java.net.URLClassLoader::defineClass@64
                      ; - java.net.URLClassLoader$1::run@43
                      ; - java.net.URLClassLoader$1::run@1
  0x000002159eb2f88c: 90db e2ef 

  0x000002159eb2f890: ;   {other}
  0x000002159eb2f890: 0f1f 8400 | 001a 000d | 4c8b 7424 | 4844 8b54 | 2434 4c8b | 6c24 50e9 | c0fb ffff | b92f 0000 
  0x000002159eb2f8b0: 00e9 7cf4 | ffff 4d63 | cb41 81fb | 0000 1000 | 0f87 ac2e | 0000 4889 | 9424 8800 | 0000 4889 
  0x000002159eb2f8d0: 9c24 8000 | 0000 4c89 | 6c24 7844 | 8954 2474 | 488b ef41 | 8bcb 4489 | 4424 7048 | 8944 24f8 
  0x000002159eb2f8f0: 8b84 24b0 | 0000 0089 | 4424 6848 | 8b44 24f8 | 4c89 7424 | 6048 8944 | 24f8 8b44 | 246c 8944 
  0x000002159eb2f910: 2434 488b | 4424 f848 | ffb4 24a8 | 0000 0048 | 8f44 2450 | 48ff 7424 | 5848 8f44 | 2448 4d8b 
  0x000002159eb2f930: 97b8 0100 | 004d 8bc2 | 4d8b d14c | 894c 2458 | 4983 c217 | 4983 e2f8 | 4d8b d84d | 03da 4d3b 
  0x000002159eb2f950: 9fc8 0100 | 000f 8384 | 2e00 004d | 899f b801 | 0000 410f | 0d8b 0001 | 0000 49c7 | 0001 0000 
  0x000002159eb2f970: 0041 0f0d | 8b40 0100 

  0x000002159eb2f978: ;   {metadata({type array byte})}
  0x000002159eb2f978: 0041 c740 | 08c8 0a04 | 0041 8948 | 0c41 0f0d | 8b80 0100 | 0049 8bd0 | 4883 c210 | 498b d84c 
  0x000002159eb2f998: 8b54 2458 | 4983 c207 | 49c1 ea03 | 488b 8c24 | 8800 0000 | 4d8b c2c5 | f877 49ba | 6099 329e 
  0x000002159eb2f9b8: 1502 0000 

  0x000002159eb2f9bc: ;   {other}
  0x000002159eb2f9bc: 41ff d20f | 1f84 0000 | 0000 004c | 8bdb 48ff | 7424 4848 | 8f44 2458 | 48ff 7424 | 5048 8f84 
  0x000002159eb2f9dc: 24a8 0000 | 0048 8944 | 24f8 8b44 | 2434 8944 | 246c 488b | 4424 f84c | 8b74 2460 | 4889 4424 
  0x000002159eb2f9fc: f88b 4424 | 6889 8424 | b000 0000 | 488b 4424 | f844 8b54 | 2474 4c8b | 6c24 7848 | 8b9c 2480 
  0x000002159eb2fa1c: 0000 00e9 | e7f7 ffff | 48ff 7424 | 3848 8f84 | 24b8 0000 | 00e9 20f8 | ffff 33ed | 41bb 0100 
  0x000002159eb2fa3c: 0000 4489 | 5c24 6ce9 | 7cf0 ffff | 4c89 8c24 | 8800 0000 | 894c 2468 | 4c89 9c24 | 8000 0000 
  0x000002159eb2fa5c: 4c89 6c24 | 7848 ff74 | 2420 488f | 4424 7044 | 8954 2454 | 48ff 7424 | 3848 8f44 | 2460 4889 
  0x000002159eb2fa7c: 4424 f88b | 4424 3089 | 4424 3848 | 8b44 24f8 | 48ff 7424 | 2848 8f44 | 2430 4c89 | 7424 4848 
  0x000002159eb2fa9c: ffb4 24a8 | 0000 0048 | 8f44 2420 | 498b d144 | 8b44 246c 

  0x000002159eb2fab0: ;   {optimized virtual_call}
  0x000002159eb2fab0: c5f8 77e8 

  0x000002159eb2fab4: ; ImmutableOopMap {[32]=Oop [56]=NarrowOop [72]=Oop [84]=NarrowOop [88]=Oop [96]=Oop [104]=NarrowOop [112]=Oop [120]=Oop [128]=Oop [136]=Oop [176]=NarrowOop [184]=Oop }
                      ;*invokevirtual getManifestName {reexecute=0 rethrow=0 return_oop=1}
                      ; - java.util.zip.ZipFile$1::getManifestName@2
                      ; - java.util.jar.JarFile::maybeInstantiateVerifier@20
                      ; - java.util.jar.JarFile::ensureInitialization@1
                      ; - java.util.jar.JavaUtilJarAccessImpl::ensureInitialization@1
                      ; - jdk.internal.loader.URLClassPath$JarLoader$2::getManifest@10
                      ; - java.net.URLClassLoader::defineClass@34
                      ; - java.net.URLClassLoader$1::run@43
                      ; - java.net.URLClassLoader$1::run@1
  0x000002159eb2fab4: c8c3 d3ef 

  0x000002159eb2fab8: ;   {other}
  0x000002159eb2fab8: 0f1f 8400 | 281c 000e | 4885 c00f | 85a4 2200 | 008b 4c24 | 6845 8864 | cc12 48ff | 7424 2048 
  0x000002159eb2fad8: 8f84 24a8 | 0000 004c | 8b74 2448 | 48ff 7424 | 3048 8f44 | 2428 4889 | 4424 f88b | 4424 3889 
  0x000002159eb2faf8: 4424 3048 | 8b44 24f8 | 48ff 7424 | 6048 8f44 | 2438 448b | 5424 5448 | ff74 2470 | 488f 4424 
  0x000002159eb2fb18: 204c 8b6c | 2478 4c8b | 9c24 8000 | 0000 4c8b | 8c24 8800 | 0000 e9ed 

  0x000002159eb2fb30: ;   {oop(""{0x0000000600405d98})}
  0x000002159eb2fb30: f7ff ff48 | bb98 5d40 | 0006 0000 | 00e9 0cf7 | ffff 4c89 | 6c24 5044 | 8954 2448 | 498b ee49 
  0x000002159eb2fb50: 8bd6 c5f8 | 7748 b8e0 | 0c5f 0008 

  0x000002159eb2fb5c: ;   {virtual_call}
  0x000002159eb2fb5c: 0000 00e8 

  0x000002159eb2fb60: ; ImmutableOopMap {rbp=Oop [32]=Oop [48]=NarrowOop [56]=Oop [72]=NarrowOop [80]=Oop [88]=Oop [176]=NarrowOop }
                      ;*invokevirtual getBytes {reexecute=0 rethrow=0 return_oop=1}
                      ; - java.net.URLClassLoader::defineClass@179
                      ; - java.net.URLClassLoader$1::run@43
                      ; - java.net.URLClassLoader$1::run@1
  0x000002159eb2fb60: fcba 2900 

  0x000002159eb2fb64: ;   {other}
  0x000002159eb2fb64: 0f1f 8400 | d41c 000f | 4889 4424 | 60e9 6bfb 

  0x000002159eb2fb74: ;   {metadata('jdk/internal/loader/URLClassPath$FileLoader$1')}
  0x000002159eb2fb74: ffff 4181 | fae0 0c5f | 000f 848d | fbff ffba | c6ff ffff | 4889 4424 | f88b 4424 | 3089 4424 
  0x000002159eb2fb94: 2848 8b44 | 24f8 4c8b | 5424 404c | 8954 2430 | 4c89 5c24 | 3844 8b5c | 2448 4489 | 5c24 4090 
  0x000002159eb2fbb4: ;   {runtime_call UncommonTrapBlob}
  0x000002159eb2fbb4: c5f8 77e8 

  0x000002159eb2fbb8: ; ImmutableOopMap {[40]=NarrowOop [56]=Oop [64]=NarrowOop [88]=Oop [96]=Oop [176]=NarrowOop }
                      ;*invokevirtual getCodeSigners {reexecute=0 rethrow=0 return_oop=0}
                      ; - java.net.URLClassLoader::defineClass@185
                      ; - java.net.URLClassLoader$1::run@43
                      ; - java.net.URLClassLoader$1::run@1
  0x000002159eb2fbb8: c447 81ff 

  0x000002159eb2fbbc: ;   {other}
  0x000002159eb2fbbc: 0f1f 8400 | 2c1d 0010 

  0x000002159eb2fbc4: ;   {metadata('jdk/internal/loader/URLClassPath$FileLoader$1')}
  0x000002159eb2fbc4: 81fb e00c | 5f00 0f85 | e546 0000 | 498b de8b | 531c 458b | 54d4 0ce9 | bbf4 ffff | 4533 d24c 
  0x000002159eb2fbe4: 8954 2428 | e958 f4ff | ff41 bb01 | 0000 0041 | ba01 0000 | 0044 8954 | 246c 443b | db0f 8d94 
  0x000002159eb2fc04: f1ff ff90 | 470f be54 | 1810 4183 | fa2e 0f84 | 282b 0000 | 41ff c344 | 3bdb 7ce8 | e976 f1ff 
  0x000002159eb2fc24: ;   {metadata('jdk/internal/loader/URLClassPath$FileLoader$1')}
  0x000002159eb2fc24: ff41 81f9 | e00c 5f00 | 0f85 e247 | 0000 498b | de49 8b87 | b801 0000 | 4c8b d849 | 83c3 304d 
  0x000002159eb2fc44: 3b9f c801 | 0000 0f83 | 7642 0000 | 4d89 9fb8 | 0100 0041 | 0f0d 8b00 | 0100 0048 | c700 0100 
  0x000002159eb2fc64: ;   {metadata('java/io/FileInputStream')}
  0x000002159eb2fc64: 0000 c740 | 0850 1107 | 0044 8960 | 0c4c 8960 | 104c 8960 | 184c 8960 | 204c 8960 | 2848 8bf8 
  0x000002159eb2fc84: 448b 4318 | 498b 87b8 | 0100 004c | 8bd8 4983 | c310 4d3b | 9fc8 0100 | 000f 83d1 | 4200 004d 
  0x000002159eb2fca4: 899f b801 | 0000 410f | 0d8b 0001 | 0000 48c7 | 0001 0000 

  0x000002159eb2fcb8: ;   {metadata('java/lang/Object')}
  0x000002159eb2fcb8: 00c7 4008 | 6813 0400 | 4489 600c | 488b d74c | 8bd8 49c1 | eb03 4489 | 5f1c 4c8b | d84c 33da 
  0x000002159eb2fcd8: 49c1 eb16 | 4d85 db74 | 1a48 c1ea | 0948 b900 | 00b1 ac15 | 0200 0048 | 03ca 8039 | 020f 8533 
  0x000002159eb2fcf8: 3200 0049 | 8b87 b801 | 0000 4c8b | d849 83c3 | 304d 3b9f | c801 0000 | 0f83 1143 | 0000 4d89 
  0x000002159eb2fd18: 9fb8 0100 | 0041 0f0d | 8b00 0100 | 0048 c700 | 0100 0000 

  0x000002159eb2fd2c: ;   {metadata('java/io/NioChannelCleanable')}
  0x000002159eb2fd2c: c740 0870 | 2007 0044 | 8960 0c4c | 8960 104c | 8960 184c | 8960 204c | 8960 2848 | ffb4 24a8 
  0x000002159eb2fd4c: 0000 0048 | 8f44 2470 | 4889 4424 | f88b 4424 | 6c89 4424 | 5448 8b44 | 24f8 4c89 | 7424 4844 
  0x000002159eb2fd6c: 8954 2450 | 4c89 6c24 | 6044 894c | 2434 4889 | 5c24 7848 | 8bef 4489 | 4424 684c | 8bd0 4c89 
  0x000002159eb2fd8c: 9424 8000 | 0000 498b | d24c 8bc5 

  0x000002159eb2fd98: ;   {oop(a 'java/lang/ref/Cleaner'{0x0000000600427820})}
  0x000002159eb2fd98: 49b9 2078 | 4200 0600 | 0000 6690 

  0x000002159eb2fda4: ;   {optimized virtual_call}
  0x000002159eb2fda4: c5f8 77e8 

  0x000002159eb2fda8: ; ImmutableOopMap {rbp=Oop [32]=Oop [48]=NarrowOop [56]=Oop [72]=Oop [80]=NarrowOop [88]=Oop [96]=Oop [104]=NarrowOop [112]=Oop [120]=Oop [128]=Oop [176]=NarrowOop }
                      ;*invokespecial <init> {reexecute=0 rethrow=0 return_oop=0}
                      ; - java.io.NioChannelCleanable::<init>@5
                      ; - java.io.FileInputStream::<init>@21
                      ; - jdk.internal.loader.URLClassPath$FileLoader$1::getInputStream@8
                      ; - jdk.internal.loader.Resource::cachedInputStream@9
                      ; - jdk.internal.loader.Resource::getByteBuffer@1
                      ; - java.net.URLClassLoader::defineClass@132
                      ; - java.net.URLClassLoader$1::run@43
                      ; - java.net.URLClassLoader$1::run@1
  0x000002159eb2fda8: f493 edff 

  0x000002159eb2fdac: ;   {other}
  0x000002159eb2fdac: 0f1f 8400 | 1c1f 0011 | 4d8b 9fb8 | 0100 004d | 8bd3 4983 | c220 4d3b | 97c8 0100 | 000f 83ba 
  0x000002159eb2fdcc: 4200 004d | 8997 b801 | 0000 410f | 0d8a 0001 | 0000 49c7 | 0301 0000 

  0x000002159eb2fde4: ;   {metadata('java/lang/ref/WeakReference')}
  0x000002159eb2fde4: 0041 c743 | 08d0 7304 | 0045 8963 | 0c4d 8963 | 104d 8963 | 1841 807f | 4000 0f85 | f42f 0000 
  0x000002159eb2fe04: ;   {oop(a 'java/lang/ref/ReferenceQueue$Null'{0x0000000600409cb8})}
  0x000002159eb2fe04: 41c7 4310 | 9713 08c0 | 4d8b d349 | 8bdb 4c8b | 9c24 8000 | 0000 498b | fb48 c1ef | 034c 8bdb 
  0x000002159eb2fe24: 498b f348 

  0x000002159eb2fe28: ;   {oop(a 'java/lang/ref/ReferenceQueue$Null'{0x0000000600409cb8})}
  0x000002159eb2fe28: c1ee 0349 | bbb8 9c40 | 0006 0000 | 004d 33da | 49c1 eb16 | 4d85 db74 | 1a49 c1ea | 0948 b900 
  0x000002159eb2fe48: 00b1 ac15 | 0200 0049 | 03ca 8039 | 020f 8577 | 3100 00f0 | 8344 24c0 | 0041 807f | 4000 0f85 
  0x000002159eb2fe68: 4d2f 0000 | 4c8b 9424 | 8000 0000 | 4189 7228 | 4c8b d34c | 8b9c 2480 | 0000 004d | 33d3 49c1 
  0x000002159eb2fe88: ea16 4d85 | d274 1a49 | c1eb 0948 | b900 00b1 | ac15 0200 | 0049 03cb | 8039 020f | 85ca 3100 
  0x000002159eb2fea8: 0041 807f | 4000 0f85 | c82e 0000 | 4c8b cd41 | 8979 244c | 8b94 2480 | 0000 004d | 8bd9 4d33 
  0x000002159eb2fec8: d349 c1ea | 164d 85d2 | 741a 49c1 | eb09 48b9 | 0000 b1ac | 1502 0000 | 4903 cb80 | 3902 0f85 
  0x000002159eb2fee8: 3731 0000 | 448b 5424 | 6847 8b5c | d410 4585 | db0f 8439 | 4d00 0044 | 899c 2484 | 0000 0048 
  0x000002159eb2ff08: 8944 24f8 | 8b44 2468 | 8984 2480 | 0000 0048 | 8b44 24f8 | 4c89 4c24 | 6843 8b6c | d414 49c1 
  0x000002159eb2ff28: ;   {no_reloc}
  0x000002159eb2ff28: e203 4c89 | 9424 8800 

  0x000002159eb2ff30: ;   {oop([B{0x0000000600d300b0})}
  0x000002159eb2ff30: 0000 49ba | b000 d300 | 0600 0000 

  0x000002159eb2ff3c: ;   {oop([B{0x0000000600d300b0})}
  0x000002159eb2ff3c: 49bb b000 | d300 0600 | 0000 4983 | c310 4c89 | 9c24 9000 | 0000 85ed | 0f85 7f20 

  0x000002159eb2ff58: ;   {oop(a 'java/lang/Class'{0x0000000600524bc0} = 'jdk/internal/misc/VM')}
  0x000002159eb2ff58: 0000 49ba | c04b 5200 | 0600 0000 | 418b aa94 | 0000 0083 | fd04 0f8c | 0951 0000 | 4c8b 5424 
  0x000002159eb2ff78: 7045 8b52 | 4c45 85d2 | 0f84 ba28 | 0000 438b | 6cd4 1445 | 8b44 ec0c | 4585 c00f | 8603 4a00 
  0x000002159eb2ff98: 0045 8b44 | ec10 4585 | c00f 8492 | 2800 0047 | 8b4c c40c | 4b8d 3cc4 

  0x000002159eb2ffb0: ;   {oop(a 'java/lang/ThreadLocal'{0x0000000600d300a0})}
  0x000002159eb2ffb0: 4181 f914 | 601a c074 | 374b 8d14 

  0x000002159eb2ffbc: ;   {oop(a 'java/lang/ThreadLocal'{0x0000000600d300a0})}
  0x000002159eb2ffbc: d449 b8a0 | 00d3 0006 | 0000 0045 

  0x000002159eb2ffc8: ;   {oop([B{0x0000000600d300b0})}
  0x000002159eb2ffc8: 33c9 48bd | b000 d300 | 0600 0000 

  0x000002159eb2ffd4: ;   {optimized virtual_call}
  0x000002159eb2ffd4: c5f8 77e8 

  0x000002159eb2ffd8: ; ImmutableOopMap {rbp=Oop [144]=Derived_oop_rbp [32]=Oop [48]=NarrowOop [56]=Oop [72]=Oop [80]=NarrowOop [88]=Oop [96]=Oop [104]=Oop [112]=Oop [120]=Oop [128]=NarrowOop [132]=NarrowOop [136]=Oop [176]=NarrowOop }
                      ;*invokevirtual getEntryAfterMiss {reexecute=0 rethrow=0 return_oop=1}
                      ; - java.lang.ThreadLocal$ThreadLocalMap::getEntry@38
                      ; - java.lang.ThreadLocal::get@12
                      ; - java.lang.ThreadLocal::get@4
                      ; - com.jetbrains.internal.IoOverNio::isAllowedInThisThread@9
                      ; - java.io.IoOverNioFileSystem::acquireNioFs@16
                      ; - java.io.IoOverNioFileSystem::isInvalid@4
                      ; - java.io.File::isInvalid@13
                      ; - java.io.FileInputStream::<init>@66
                      ; - jdk.internal.loader.URLClassPath$FileLoader$1::getInputStream@8
                      ; - jdk.internal.loader.Resource::cachedInputStream@9
                      ; - jdk.internal.loader.Resource::getByteBuffer@1
                      ; - java.net.URLClassLoader::defineClass@132
                      ; - java.net.URLClassLoader$1::run@43
                      ; - java.net.URLClassLoader$1::run@1
  0x000002159eb2ffd8: a4ea 80ff 

  0x000002159eb2ffdc: ;   {other}
  0x000002159eb2ffdc: 0f1f 8400 | 4c21 0012 | 4885 c00f | 8453 2800 | 0048 8bf8 | 448b 571c | 498b c248 | c1e0 0348 
  0x000002159eb2fffc: 85c0 0f85 | 8829 0000 

  0x000002159eb30004: ;   {oop(a 'java/lang/Class'{0x0000000600524bc0} = 'jdk/internal/misc/VM')}
  0x000002159eb30004: 49ba c04b | 5200 0600 | 0000 418b | aa94 0000 | 0083 fd02 | 0f8c d650 | 0000 448b | 9424 8400 
  0x000002159eb30024: ;   {oop("NUL:"{0x0000000600d300c8})}
  0x000002159eb30024: 0000 4181 | fa19 601a | c00f 846d | 4800 0045 

  0x000002159eb30034: ;   {oop("NUL:"{0x0000000600d300c8})}
  0x000002159eb30034: 8bda 4181 | fb19 601a | c00f 845d | 4800 0043 | 0fbe 6cdc | 1085 ed0f | 85f7 5000 | 0047 8b5c 
  0x000002159eb30054: dc14 478b | 54dc 0c41 | 83fa 040f | 85d4 0000 | 004f 8d14 | dc4b 8d7c | dc10 488b | b424 9000 
  0x000002159eb30074: 0000 b904 | 0000 0085 | c90f 849d | 0000 008b | c183 e01f | 83e1 e00f | 844b 0000 | 0048 8d3c 
  0x000002159eb30094: 0f48 8d34 | 0e48 f7d9 | c5fe 6f0c | 0fc5 fe6f | 040e c5f5 | efc8 c4e2 | 7d17 c90f | 8572 0000 
  0x000002159eb300b4: 0048 83c1 | 2075 e185 | c00f 845d | 0000 00c5 | fe6f 4c07 | e0c5 fe6f | 4406 e0c5 | f5ef c8c4 
  0x000002159eb300d4: e27d 17c9 | 754d eb44 | 8bc8 83e1 | fc74 1948 | 8d3c 0f48 | 8d34 0e48 | f7d9 8b1c | 0f3b 1c0e 
  0x000002159eb300f4: 7531 4883 | c104 75f2 | a802 7412 | 0fb7 1f0f | b70e 3bd9 | 751d 488d | 7f02 488d | 7602 a801 
  0x000002159eb30114: 740a 0fb6 | 1f0f b60e | 3bd9 7507 | b801 0000 | 00eb 0233 | c0c5 f5ef | c9c5 fdef | c085 c00f 
  0x000002159eb30134: ;   {no_reloc}
  0x000002159eb30134: 8567 4700 | 0044 8b9c | 2480 0000 | 0047 8b54 | dc10 430f | be6c d410 

  0x000002159eb3014c: ;   {oop("NUL:"{0x0000000600d300c8})}
  0x000002159eb3014c: 4181 fa19 | 601a c00f | 849b 4700 | 0085 ed0f | 853b 5000 | 0047 8b44 | d414 478b | 5cc4 0c41 
  0x000002159eb3016c: 83fb 040f | 85d4 0000 | 004f 8d1c | c44b 8d7c | c410 488b | b424 9000 | 0000 b904 | 0000 0085 
  0x000002159eb3018c: c90f 849d | 0000 008b | c183 e01f | 83e1 e00f | 844b 0000 | 0048 8d3c | 0f48 8d34 | 0e48 f7d9 
  0x000002159eb301ac: c5fe 6f0c | 0fc5 fe6f | 040e c5f5 | efc8 c4e2 | 7d17 c90f | 8572 0000 | 0048 83c1 | 2075 e185 
  0x000002159eb301cc: c00f 845d | 0000 00c5 | fe6f 4c07 | e0c5 fe6f | 4406 e0c5 | f5ef c8c4 | e27d 17c9 | 754d eb44 
  0x000002159eb301ec: 8bc8 83e1 | fc74 1948 | 8d3c 0f48 | 8d34 0e48 | f7d9 8b1c | 0f3b 1c0e | 7531 4883 | c104 75f2 
  0x000002159eb3020c: a802 7412 | 0fb7 1f0f | b70e 3bd9 | 751d 488d | 7f02 488d | 7602 a801 | 740a 0fb6 | 1f0f b60e 
  0x000002159eb3022c: 3bd9 7507 | b801 0000 | 00eb 0233 | c0c5 f5ef | c9c5 fdef | c085 c00f | 85b2 4600 

  0x000002159eb30248: ;   {no_reloc}
  0x000002159eb30248: 004b 8d14 | d444 8b44 

  0x000002159eb30250: ;   {oop([B{0x0000000600d300b0})}
  0x000002159eb30250: 2454 48bd | b000 d300 | 0600 0000 

  0x000002159eb3025c: ;   {static_call}
  0x000002159eb3025c: c5f8 77e8 

  0x000002159eb30260: ; ImmutableOopMap {rbp=Oop [144]=Derived_oop_rbp [32]=Oop [48]=NarrowOop [56]=Oop [72]=Oop [80]=NarrowOop [88]=Oop [96]=Oop [104]=Oop [112]=Oop [120]=Oop [128]=NarrowOop [136]=Oop [176]=NarrowOop }
                      ;*invokestatic parse {reexecute=0 rethrow=0 return_oop=1}
                      ; - sun.nio.fs.WindowsPathParser::parse@2
                      ; - sun.nio.fs.WindowsPath::parse@1
                      ; - sun.nio.fs.WindowsFileSystem::getPath@102
                      ; - java.io.IoOverNioFileSystem::isInvalid@47
                      ; - java.io.File::isInvalid@13
                      ; - java.io.FileInputStream::<init>@66
                      ; - jdk.internal.loader.URLClassPath$FileLoader$1::getInputStream@8
                      ; - jdk.internal.loader.Resource::cachedInputStream@9
                      ; - jdk.internal.loader.Resource::getByteBuffer@1
                      ; - java.net.URLClassLoader::defineClass@132
                      ; - java.net.URLClassLoader$1::run@43
                      ; - java.net.URLClassLoader$1::run@1
  0x000002159eb30260: 1cee 80ff 

  0x000002159eb30264: ;   {other}
  0x000002159eb30264: 0f1f 8400 | d423 0013 | 4885 c00f | 84d7 4600 | 0041 807f | 4000 0f85 | e435 0000 | 448b 9424 
  0x000002159eb30284: 8000 0000 

  0x000002159eb30288: ;   {oop(a 'java/io/File$PathStatus'{0x0000000600414ba0})}
  0x000002159eb30288: 43c7 44d4 | 1474 2908 | c04c 8b94 | 2488 0000 

  0x000002159eb30298: ;   {oop(a 'java/io/File$PathStatus'{0x0000000600414ba0})}
  0x000002159eb30298: 0049 bba0 | 4b41 0006 | 0000 004d | 33da 49c1 | eb16 4d85 | db74 1a49 | c1ea 0948 | b900 00b1 
  0x000002159eb302b8: ac15 0200 | 0049 03ca | 8039 020f | 85db 3500 | 0041 807f | 4000 0f85 | 612b 0000 | 448b 9c24 
  0x000002159eb302d8: 8000 0000 | 478b 54dc | 104c 8b5c | 2468 4589 | 5314 4d8b | c249 c1e0 | 034d 33c3 | 49c1 e816 
  0x000002159eb302f8: 4d85 c074 | 1f45 85d2 | 741a 49c1 | eb09 48b9 | 0000 b1ac | 1502 0000 | 4903 cb80 | 3902 0f85 
  0x000002159eb30318: f92d 0000 

  0x000002159eb3031c: ;   {oop(a 'java/lang/Class'{0x0000000600524bc0} = 'jdk/internal/misc/VM')}
  0x000002159eb3031c: 49ba c04b | 5200 0600 | 0000 458b | 9a94 0000 | 004c 8b54 | 2468 458b | 5214 4489 | 9424 8400 
  0x000002159eb3033c: 0000 4183 | fb04 0f8c | a347 0000 | 4c8b 5424 | 7045 8b5a | 4c45 8bd3 | 4585 db0f | 84ae 2400 
  0x000002159eb3035c: 0043 8b6c | dc14 458b | 44ec 0c45 | 85c0 0f86 | 3041 0000 | 458b 44ec | 1045 85c0 | 0f84 8624 
  0x000002159eb3037c: 0000 478b | 4cc4 0c4b 

  0x000002159eb30384: ;   {oop(a 'java/lang/ThreadLocal'{0x0000000600d300a0})}
  0x000002159eb30384: 8d3c c441 | 81f9 1460 | 1ac0 7438 | 4b8d 14dc 

  0x000002159eb30394: ;   {oop(a 'java/lang/ThreadLocal'{0x0000000600d300a0})}
  0x000002159eb30394: 49b8 a000 | d300 0600 | 0000 4533 

  0x000002159eb303a0: ;   {oop([B{0x0000000600d300b0})}
  0x000002159eb303a0: c948 bdb0 | 00d3 0006 | 0000 0090 

  0x000002159eb303ac: ;   {optimized virtual_call}
  0x000002159eb303ac: c5f8 77e8 

  0x000002159eb303b0: ; ImmutableOopMap {rbp=Oop [144]=Derived_oop_rbp [32]=Oop [48]=NarrowOop [56]=Oop [72]=Oop [80]=NarrowOop [88]=Oop [96]=Oop [104]=Oop [112]=Oop [120]=Oop [128]=NarrowOop [132]=NarrowOop [136]=Oop [176]=NarrowOop }
                      ;*invokevirtual getEntryAfterMiss {reexecute=0 rethrow=0 return_oop=1}
                      ; - java.lang.ThreadLocal$ThreadLocalMap::getEntry@38
                      ; - java.lang.ThreadLocal::get@12
                      ; - java.lang.ThreadLocal::get@4
                      ; - com.jetbrains.internal.IoOverNio::isAllowedInThisThread@9
                      ; - java.io.IoOverNioFileSystem::acquireNioFs@16
                      ; - java.io.FileInputStream::<init>@94
                      ; - jdk.internal.loader.URLClassPath$FileLoader$1::getInputStream@8
                      ; - jdk.internal.loader.Resource::cachedInputStream@9
                      ; - jdk.internal.loader.Resource::getByteBuffer@1
                      ; - java.net.URLClassLoader::defineClass@132
                      ; - java.net.URLClassLoader$1::run@43
                      ; - java.net.URLClassLoader$1::run@1
  0x000002159eb303b0: cce6 80ff 

  0x000002159eb303b4: ;   {other}
  0x000002159eb303b4: 0f1f 8400 | 2425 0014 | 4885 c00f | 8446 2400 | 0048 8bf8 | 448b 571c | 498b c248 | c1e0 0348 
  0x000002159eb303d4: 85c0 0f85 | 8040 0000 

  0x000002159eb303dc: ;   {oop(a 'java/lang/Class'{0x0000000600524bc0} = 'jdk/internal/misc/VM')}
  0x000002159eb303dc: 49ba c04b | 5200 0600 | 0000 418b | aa94 0000 | 0083 fd02 | 0f8c 3e47 | 0000 448b | 9c24 8400 
  0x000002159eb303fc: ;   {oop("NUL:"{0x0000000600d300c8})}
  0x000002159eb303fc: 0000 4181 | fb19 601a | c00f 84ed | 3e00 0045 | 8bd3 4585 | d20f 8403 

  0x000002159eb30414: ;   {oop("NUL:"{0x0000000600d300c8})}
  0x000002159eb30414: 0100 0041 | 81fa 1960 | 1ac0 0f84 | d43e 0000 | 430f be6c | d410 85ed | 0f85 6249 | 0000 478b 
  0x000002159eb30434: 54d4 1447 | 8b44 d40c | 4183 f804 | 0f85 d400 | 0000 4f8d | 1cd4 4b8d | 7cd4 1048 | 8bb4 2490 
  0x000002159eb30454: 0000 00b9 | 0400 0000 | 85c9 0f84 | 9d00 0000 | 8bc1 83e0 | 1f83 e1e0 | 0f84 4b00 | 0000 488d 
  0x000002159eb30474: 3c0f 488d | 340e 48f7 | d9c5 fe6f | 0c0f c5fe | 6f04 0ec5 | f5ef c8c4 | e27d 17c9 | 0f85 7200 
  0x000002159eb30494: 0000 4883 | c120 75e1 | 85c0 0f84 | 5d00 0000 | c5fe 6f4c | 07e0 c5fe | 6f44 06e0 | c5f5 efc8 
  0x000002159eb304b4: c4e2 7d17 | c975 4deb | 448b c883 | e1fc 7419 | 488d 3c0f | 488d 340e | 48f7 d98b | 1c0f 3b1c 
  0x000002159eb304d4: 0e75 3148 | 83c1 0475 | f2a8 0274 | 120f b71f | 0fb7 0e3b | d975 1d48 | 8d7f 0248 | 8d76 02a8 
  0x000002159eb304f4: 0174 0a0f | b61f 0fb6 | 0e3b d975 | 07b8 0100 | 0000 eb02 | 33c0 c5f5 | efc9 c5fd | efc0 85c0 
  0x000002159eb30514: ;   {no_reloc}
  0x000002159eb30514: 0f85 de3d | 0000 4c8b | 4424 6841 | 8b68 1485 | ed0f 8459 | 4700 0049 | 8d14 ec44 | 8b44 2454 
  0x000002159eb30534: ;   {static_call}
  0x000002159eb30534: c5f8 77e8 

  0x000002159eb30538: ; ImmutableOopMap {[32]=Oop [48]=NarrowOop [56]=Oop [72]=Oop [80]=NarrowOop [88]=Oop [96]=Oop [104]=Oop [112]=Oop [120]=Oop [128]=NarrowOop [136]=Oop [176]=NarrowOop }
                      ;*invokestatic parse {reexecute=0 rethrow=0 return_oop=1}
                      ; - sun.nio.fs.WindowsPathParser::parse@2
                      ; - sun.nio.fs.WindowsPath::parse@1
                      ; - sun.nio.fs.WindowsFileSystem::getPath@102
                      ; - java.io.FileInputStream::<init>@124
                      ; - jdk.internal.loader.URLClassPath$FileLoader$1::getInputStream@8
                      ; - jdk.internal.loader.Resource::cachedInputStream@9
                      ; - jdk.internal.loader.Resource::getByteBuffer@1
                      ; - java.net.URLClassLoader::defineClass@132
                      ; - java.net.URLClassLoader$1::run@43
                      ; - java.net.URLClassLoader$1::run@1
  0x000002159eb30538: 44eb 80ff 

  0x000002159eb3053c: ;   {other}
  0x000002159eb3053c: 0f1f 8400 | ac26 0015 | 488b e849 | 8b87 b801 | 0000 4c8b | d049 83c2 | 304d 3b97 | c801 0000 
  0x000002159eb3055c: 0f83 4a3b | 0000 4d89 | 97b8 0100 | 0041 0f0d | 8a00 0100 | 0048 c700 | 0100 0000 

  0x000002159eb30578: ;   {metadata('sun/nio/fs/WindowsPath')}
  0x000002159eb30578: c740 08d0 | 2008 0044 | 8960 0c4c | 8960 104c | 8960 184c | 8960 204c | 8960 284c | 8bd0 4c89 
  0x000002159eb30598: 9424 9000 | 0000 8b7d | 0c4c 8b94 | 2490 0000 

  0x000002159eb305a8: ;   {oop(a 'sun/nio/fs/WindowsFileSystem'{0x0000000600409b38})}
  0x000002159eb305a8: 0041 c742 | 1067 1308 | c08b 5d14 | 8b6d 104c | 8b94 2490 | 0000 0048 | 8bf5 48c1 | e603 4c8b 
  0x000002159eb305c8: eb49 c1e5 | 034c 8bf7 | 49c1 e603 

  0x000002159eb305d4: ;   {oop(a 'sun/nio/fs/WindowsFileSystem'{0x0000000600409b38})}
  0x000002159eb305d4: 49bb 389b | 4000 0600 | 0000 4d33 | da49 c1eb | 164d 85db | 741a 49c1 | ea09 48b9 | 0000 b1ac 
  0x000002159eb305f4: 1502 0000 | 4903 ca80 | 3902 0f85 | c02a 0000 | 4180 7f40 | 000f 85e0 | 2800 004c | 8b94 2490 
  0x000002159eb30614: 0000 0041 | 897a 144d | 8bd6 4c8b | 9c24 9000 | 0000 4d33 | d349 c1ea | 164d 85d2 | 741e 85ff 
  0x000002159eb30634: 741a 49c1 | eb09 48b9 | 0000 b1ac | 1502 0000 | 4903 cb80 | 3902 0f85 | 672b 0000 | 4180 7f40 
  0x000002159eb30654: 000f 8555 | 2800 004c | 8b94 2490 | 0000 0041 | 896a 184c | 8bd6 4c8b | 9c24 9000 | 0000 4d33 
  0x000002159eb30674: d349 c1ea | 164d 85d2 | 741e 85ed | 741a 49c1 | eb09 48b9 | 0000 b1ac | 1502 0000 | 4903 cb80 
  0x000002159eb30694: 3902 0f85 | 6c2b 0000 | 4180 7f40 | 000f 85ca | 2700 004c | 8b94 2490 | 0000 0041 | 895a 1c4d 
  0x000002159eb306b4: 8bd5 4c8b | 9c24 9000 | 0000 4d33 | d349 c1ea | 164d 85d2 | 741e 85db | 741a 49c1 

  0x000002159eb306d0: ;   {no_reloc}
  0x000002159eb306d0: eb09 48b9 | 0000 b1ac | 1502 0000 | 4903 cb80 | 3902 0f85 | 7e2a 0000 | 4c8b 9424 | 9000 0000 
  0x000002159eb306f0: 458b 5210 | 4585 d20f | 843f 3c00 | 0047 3b64 | d40c 0f84 | a03c 0000 

  0x000002159eb30708: ;   {oop(a 'sun/nio/fs/NativeBuffers$1'{0x00000006006cfe50})}
  0x000002159eb30708: 48ba 50fe | 6c00 0600 | 0000 6690 

  0x000002159eb30714: ;   {optimized virtual_call}
  0x000002159eb30714: c5f8 77e8 

  0x000002159eb30718: ; ImmutableOopMap {[32]=Oop [48]=NarrowOop [56]=Oop [72]=Oop [80]=NarrowOop [88]=Oop [96]=Oop [104]=Oop [112]=Oop [120]=Oop [128]=NarrowOop [136]=Oop [144]=Oop [176]=NarrowOop }
                      ;*invokevirtual getCarrierThreadLocal {reexecute=0 rethrow=0 return_oop=1}
                      ; - java.lang.System$2::getCarrierThreadLocal@1
                      ; - jdk.internal.misc.CarrierThreadLocal::get@4
                      ; - sun.nio.fs.NativeBuffers::getNativeBufferFromCache@3
                      ; - sun.nio.fs.NativeBuffers::getNativeBuffer@1
                      ; - sun.nio.fs.WindowsFileAttributes::get@10
                      ; - sun.nio.fs.WindowsFileAttributeViews$Basic::readAttributes@15
                      ; - sun.nio.fs.WindowsFileAttributeViews$Basic::readAttributes@1
                      ; - sun.nio.fs.WindowsFileSystemProvider::readAttributes@57
                      ; - java.nio.file.spi.FileSystemProvider::readAttributesIfExists@4
                      ; - java.nio.file.Files::isRegularFile@9
                      ; - java.io.FileInputStream::<init>@136
                      ; - jdk.internal.loader.URLClassPath$FileLoader$1::getInputStream@8
                      ; - jdk.internal.loader.Resource::cachedInputStream@9
                      ; - jdk.internal.loader.Resource::getByteBuffer@1
                      ; - java.net.URLClassLoader::defineClass@132
                      ; - java.net.URLClassLoader$1::run@43
                      ; - java.net.URLClassLoader$1::run@1
  0x000002159eb30718: c417 1d00 

  0x000002159eb3071c: ;   {other}
  0x000002159eb3071c: 0f1f 8400 | 8c28 0016 | 4885 c074 | 5744 8b50 

  0x000002159eb3072c: ;   {metadata('sun/nio/fs/NativeBuffer'[])}
  0x000002159eb3072c: 0841 81fa | d093 0800 | 0f85 e164 | 0000 4c8b | d049 8bda | 458b 4a0c | 4585 c90f | 86bb 3d00 
  0x000002159eb3074c: 0045 8b5a | 1045 85db | 0f85 8800 | 0000 4183 | f901 0f86 | a93d 0000 | 458b 5a14 | 4585 db75 
  0x000002159eb3076c: 5541 83f9 | 020f 868e | 4f00 0045 | 8b5a 1845 | 85db 752b | ba24 0000 | 0066 6690 

  0x000002159eb30788: ;   {static_call}
  0x000002159eb30788: c5f8 77e8 

  0x000002159eb3078c: ; ImmutableOopMap {[32]=Oop [48]=NarrowOop [56]=Oop [72]=Oop [80]=NarrowOop [88]=Oop [96]=Oop [104]=Oop [112]=Oop [120]=Oop [128]=NarrowOop [136]=Oop [144]=Oop [176]=NarrowOop }
                      ;*invokestatic allocNativeBuffer {reexecute=0 rethrow=0 return_oop=1}
                      ; - sun.nio.fs.NativeBuffers::getNativeBuffer@17
                      ; - sun.nio.fs.WindowsFileAttributes::get@10
                      ; - sun.nio.fs.WindowsFileAttributeViews$Basic::readAttributes@15
                      ; - sun.nio.fs.WindowsFileAttributeViews$Basic::readAttributes@1
                      ; - sun.nio.fs.WindowsFileSystemProvider::readAttributes@57
                      ; - java.nio.file.spi.FileSystemProvider::readAttributesIfExists@4
                      ; - java.nio.file.Files::isRegularFile@9
                      ; - java.io.FileInputStream::<init>@136
                      ; - jdk.internal.loader.URLClassPath$FileLoader$1::getInputStream@8
                      ; - jdk.internal.loader.Resource::cachedInputStream@9
                      ; - jdk.internal.loader.Resource::getByteBuffer@1
                      ; - java.net.URLClassLoader::defineClass@132
                      ; - java.net.URLClassLoader$1::run@43
                      ; - java.net.URLClassLoader$1::run@1
  0x000002159eb3078c: f0e8 80ff 

  0x000002159eb30790: ;   {other}
  0x000002159eb30790: 0f1f 8400 | 0029 0017 | 4885 c00f | 84cf 5300 | 0048 8984 | 2428 0100 | 00eb 7047 | 8b44 dc0c 
  0x000002159eb307b0: 4183 f824 | 7cca 4b8d | 3cdc 41ba | 0800 0000 | eb15 478b | 44dc 0c41 | 83f8 247c | a04b 8d3c 
  0x000002159eb307d0: dc41 ba04 | 0000 004c | 8bdb 4d03 | da49 8bdb | eb13 478b | 44dc 0c41 | 83f8 240f | 8c69 ffff 
  0x000002159eb307f0: ff4b 8d3c | dc41 807f | 4000 0f85 | 902a 0000 | 4180 7f40 | 000f 854e | 2a00 0044 | 8967 1c44 
  0x000002159eb30810: 8963 1048 | 89bc 2428 | 0100 004c | 8b94 2490 | 0000 0041 | 8b6a 144c | 8b94 2428 | 0100 004d 
  0x000002159eb30830: 8b52 104c | 8994 2498 

  0x000002159eb30838: ;   {oop(a 'sun/nio/fs/WindowsPathType'{0x0000000600409d60})}
  0x000002159eb30838: 0000 0081 | fdac 1308 | c00f 8544 | 1d00 004c | 8b94 2490 | 0000 0045 | 8b52 1c44 | 8994 2484 
  0x000002159eb30858: 0000 0047 | 8b5c d414 

  0x000002159eb30860: ; implicit exception: dispatches to 0x000002159eb372a8
  0x000002159eb30860: 478b 54dc | 0c44 8b9c | 2484 0000 | 0047 0fbe | 44dc 10c4 | 423a f7da | 458b d341 | 81fb f700 
  0x000002159eb30880: 0000 0f8f | a045 0000 | 4181 fbfe | ffff 3f0f | 8f07 4600 | 0041 d1e3 | 4489 9c24 | a000 0000 
  0x000002159eb308a0: 448b 9424 | 8400 0000 | 49c1 e203 | 4c89 9424 | a800 0000 | 4183 c302 | 4489 9c24 | a400 0000 
  0x000002159eb308c0: ;   {oop(a 'java/lang/System$2'{0x0000000600401af8})}
  0x000002159eb308c0: 48ba f81a | 4000 0600 

  0x000002159eb308c8: ;   {oop(a 'sun/nio/fs/NativeBuffers$1'{0x00000006006cfe50})}
  0x000002159eb308c8: 0000 49b8 | 50fe 6c00 | 0600 0000 

  0x000002159eb308d4: ;   {optimized virtual_call}
  0x000002159eb308d4: c5f8 77e8 

  0x000002159eb308d8: ; ImmutableOopMap {[32]=Oop [48]=NarrowOop [56]=Oop [72]=Oop [80]=NarrowOop [88]=Oop [96]=Oop [104]=Oop [112]=Oop [120]=Oop [128]=NarrowOop [132]=NarrowOop [136]=Oop [144]=Oop [168]=Oop [176]=NarrowOop [296]=Oop }
                      ;*invokeinterface getCarrierThreadLocal {reexecute=0 rethrow=0 return_oop=1}
                      ; - jdk.internal.misc.CarrierThreadLocal::get@4
                      ; - sun.nio.fs.NativeBuffers::getNativeBufferFromCache@3
                      ; - sun.nio.fs.WindowsNativeDispatcher::asNativeBuffer@31
                      ; - sun.nio.fs.WindowsNativeDispatcher::GetFileAttributesEx@1
                      ; - sun.nio.fs.WindowsFileAttributes::get@26
                      ; - sun.nio.fs.WindowsFileAttributeViews$Basic::readAttributes@15
                      ; - sun.nio.fs.WindowsFileAttributeViews$Basic::readAttributes@1
                      ; - sun.nio.fs.WindowsFileSystemProvider::readAttributes@57
                      ; - java.nio.file.spi.FileSystemProvider::readAttributesIfExists@4
                      ; - java.nio.file.Files::isRegularFile@9
                      ; - java.io.FileInputStream::<init>@136
                      ; - jdk.internal.loader.URLClassPath$FileLoader$1::getInputStream@8
                      ; - jdk.internal.loader.Resource::cachedInputStream@9
                      ; - jdk.internal.loader.Resource::getByteBuffer@1
                      ; - java.net.URLClassLoader::defineClass@132
                      ; - java.net.URLClassLoader$1::run@43
                      ; - java.net.URLClassLoader$1::run@1
  0x000002159eb308d8: 840b afef 

  0x000002159eb308dc: ;   {other}
  0x000002159eb308dc: 0f1f 8400 | 4c2a 0018 | 4885 c074 | 6244 8b50 

  0x000002159eb308ec: ;   {metadata('sun/nio/fs/NativeBuffer'[])}
  0x000002159eb308ec: 0841 81fa | d093 0800 | 0f85 7e64 | 0000 4c8b | d049 8bda | 458b 4a0c | 4585 c90f | 864f 3d00 
  0x000002159eb3090c: 0045 8b5a | 1045 85db | 0f85 4002 | 0000 4183 | f901 0f86 | 3d3d 0000 | 458b 5a14 | 4585 db0f 
  0x000002159eb3092c: 85f9 0100 | 0041 83f9 | 020f 8635 | 4e00 004c | 8bd3 458b | 5218 4585 | d20f 85b8 | 0100 0049 
  0x000002159eb3094c: 8b87 b801 | 0000 4c8b | d049 83c2 | 2041 bb00 | 0800 0044 | 8b84 24a4 | 0000 0041 | 81f8 0008 
  0x000002159eb3096c: 0000 458b | c845 0f4c | cb41 8be9 | 4d3b 97c8 | 0100 000f | 83ef 3800 | 004d 8997 | b801 0000 
  0x000002159eb3098c: 410f 0d8a | 0001 0000 | 48c7 0001 

  0x000002159eb30998: ;   {metadata('sun/nio/fs/NativeBuffer')}
  0x000002159eb30998: 0000 00c7 | 4008 c08c | 0800 4489 | 600c 4c89 | 6010 4c89 | 6018 4c8b | d04c 8994 | 24b8 0000 
  0x000002159eb309b8: 0049 8bd2 

  0x000002159eb309bc: ;   {optimized virtual_call}
  0x000002159eb309bc: c5f8 77e8 

  0x000002159eb309c0: ; ImmutableOopMap {[32]=Oop [48]=NarrowOop [56]=Oop [72]=Oop [80]=NarrowOop [88]=Oop [96]=Oop [104]=Oop [112]=Oop [120]=Oop [128]=NarrowOop [132]=NarrowOop [136]=Oop [144]=Oop [168]=Oop [176]=NarrowOop [184]=Oop [296]=Oop }
                      ;*invokespecial <init> {reexecute=0 rethrow=0 return_oop=0}
                      ; - sun.nio.fs.NativeBuffer::<init>@1
                      ; - sun.nio.fs.NativeBuffers::allocNativeBuffer@16
                      ; - sun.nio.fs.WindowsNativeDispatcher::asNativeBuffer@40
                      ; - sun.nio.fs.WindowsNativeDispatcher::GetFileAttributesEx@1
                      ; - sun.nio.fs.WindowsFileAttributes::get@26
                      ; - sun.nio.fs.WindowsFileAttributeViews$Basic::readAttributes@15
                      ; - sun.nio.fs.WindowsFileAttributeViews$Basic::readAttributes@1
                      ; - sun.nio.fs.WindowsFileSystemProvider::readAttributes@57
                      ; - java.nio.file.spi.FileSystemProvider::readAttributesIfExists@4
                      ; - java.nio.file.Files::isRegularFile@9
                      ; - java.io.FileInputStream::<init>@136
                      ; - jdk.internal.loader.URLClassPath$FileLoader$1::getInputStream@8
                      ; - jdk.internal.loader.Resource::cachedInputStream@9
                      ; - jdk.internal.loader.Resource::getByteBuffer@1
                      ; - java.net.URLClassLoader::defineClass@132
                      ; - java.net.URLClassLoader$1::run@43
                      ; - java.net.URLClassLoader$1::run@1
  0x000002159eb309c0: bce0 80ff 

  0x000002159eb309c4: ;   {other}
  0x000002159eb309c4: 0f1f 8400 | 342b 0019 

  0x000002159eb309cc: ;   {oop(a 'jdk/internal/misc/Unsafe'{0x0000000600400140})}
  0x000002159eb309cc: 4c63 c548 | ba40 0140 | 0006 0000 | 0066 6690 

  0x000002159eb309dc: ;   {optimized virtual_call}
  0x000002159eb309dc: c5f8 77e8 

  0x000002159eb309e0: ; ImmutableOopMap {[32]=Oop [48]=NarrowOop [56]=Oop [72]=Oop [80]=NarrowOop [88]=Oop [96]=Oop [104]=Oop [112]=Oop [120]=Oop [128]=NarrowOop [132]=NarrowOop [136]=Oop [144]=Oop [168]=Oop [176]=NarrowOop [184]=Oop [296]=Oop }
                      ;*invokevirtual allocateMemory {reexecute=0 rethrow=0 return_oop=0}
                      ; - sun.nio.fs.NativeBuffer::<init>@10
                      ; - sun.nio.fs.NativeBuffers::allocNativeBuffer@16
                      ; - sun.nio.fs.WindowsNativeDispatcher::asNativeBuffer@40
                      ; - sun.nio.fs.WindowsNativeDispatcher::GetFileAttributesEx@1
                      ; - sun.nio.fs.WindowsFileAttributes::get@26
                      ; - sun.nio.fs.WindowsFileAttributeViews$Basic::readAttributes@15
                      ; - sun.nio.fs.WindowsFileAttributeViews$Basic::readAttributes@1
                      ; - sun.nio.fs.WindowsFileSystemProvider::readAttributes@57
                      ; - java.nio.file.spi.FileSystemProvider::readAttributesIfExists@4
                      ; - java.nio.file.Files::isRegularFile@9
                      ; - java.io.FileInputStream::<init>@136
                      ; - jdk.internal.loader.URLClassPath$FileLoader$1::getInputStream@8
                      ; - jdk.internal.loader.Resource::cachedInputStream@9
                      ; - jdk.internal.loader.Resource::getByteBuffer@1
                      ; - java.net.URLClassLoader::defineClass@132
                      ; - java.net.URLClassLoader$1::run@43
                      ; - java.net.URLClassLoader$1::run@1
  0x000002159eb309e0: 9ce0 80ff 

  0x000002159eb309e4: ;   {other}
  0x000002159eb309e4: 0f1f 8400 | 542b 001a | 4c8b 9424 | b800 0000 | 4989 4210 | 4189 6a0c 

  0x000002159eb309fc: ;   {static_call}
  0x000002159eb309fc: c5f8 77e8 

  0x000002159eb30a00: ; ImmutableOopMap {[32]=Oop [48]=NarrowOop [56]=Oop [72]=Oop [80]=NarrowOop [88]=Oop [96]=Oop [104]=Oop [112]=Oop [120]=Oop [128]=NarrowOop [132]=NarrowOop [136]=Oop [144]=Oop [168]=Oop [176]=NarrowOop [184]=Oop [296]=Oop }
                      ;*invokestatic cleaner {reexecute=0 rethrow=0 return_oop=1}
                      ; - sun.nio.fs.NativeBuffer::<init>@22
                      ; - sun.nio.fs.NativeBuffers::allocNativeBuffer@16
                      ; - sun.nio.fs.WindowsNativeDispatcher::asNativeBuffer@40
                      ; - sun.nio.fs.WindowsNativeDispatcher::GetFileAttributesEx@1
                      ; - sun.nio.fs.WindowsFileAttributes::get@26
                      ; - sun.nio.fs.WindowsFileAttributeViews$Basic::readAttributes@15
                      ; - sun.nio.fs.WindowsFileAttributeViews$Basic::readAttributes@1
                      ; - sun.nio.fs.WindowsFileSystemProvider::readAttributes@57
                      ; - java.nio.file.spi.FileSystemProvider::readAttributesIfExists@4
                      ; - java.nio.file.Files::isRegularFile@9
                      ; - java.io.FileInputStream::<init>@136
                      ; - jdk.internal.loader.URLClassPath$FileLoader$1::getInputStream@8
                      ; - jdk.internal.loader.Resource::cachedInputStream@9
                      ; - jdk.internal.loader.Resource::getByteBuffer@1
                      ; - java.net.URLClassLoader::defineClass@132
                      ; - java.net.URLClassLoader$1::run@43
                      ; - java.net.URLClassLoader$1::run@1
  0x000002159eb30a00: 7ce6 80ff 

  0x000002159eb30a04: ;   {other}
  0x000002159eb30a04: 0f1f 8400 | 742b 001b | 488b e849 | 8b87 b801 | 0000 4c8b | d049 83c2 | 184d 3b97 | c801 0000 
  0x000002159eb30a24: 0f83 6b38 | 0000 4d89 | 97b8 0100 | 0041 0f0d | 8a00 0100 | 0048 c700 | 0100 0000 

  0x000002159eb30a40: ;   {metadata('sun/nio/fs/NativeBuffer$Deallocator')}
  0x000002159eb30a40: c740 0850 | 8f08 0044 | 8960 0c4c | 8960 104c | 8bd0 4c89 | 9424 c000 | 0000 4c8b | 9424 b800 
  0x000002159eb30a60: 0000 4d8b | 4210 488b | 9424 c000 | 0000 6690 

  0x000002159eb30a70: ;   {optimized virtual_call}
  0x000002159eb30a70: c5f8 77e8 

  0x000002159eb30a74: ; ImmutableOopMap {rbp=Oop [32]=Oop [48]=NarrowOop [56]=Oop [72]=Oop [80]=NarrowOop [88]=Oop [96]=Oop [104]=Oop [112]=Oop [120]=Oop [128]=NarrowOop [132]=NarrowOop [136]=Oop [144]=Oop [168]=Oop [176]=NarrowOop [184]=Oop [192]=Oop [296]=Oop }
                      ;*invokespecial <init> {reexecute=0 rethrow=0 return_oop=0}
                      ; - sun.nio.fs.NativeBuffer::<init>@34
                      ; - sun.nio.fs.NativeBuffers::allocNativeBuffer@16
                      ; - sun.nio.fs.WindowsNativeDispatcher::asNativeBuffer@40
                      ; - sun.nio.fs.WindowsNativeDispatcher::GetFileAttributesEx@1
                      ; - sun.nio.fs.WindowsFileAttributes::get@26
                      ; - sun.nio.fs.WindowsFileAttributeViews$Basic::readAttributes@15
                      ; - sun.nio.fs.WindowsFileAttributeViews$Basic::readAttributes@1
                      ; - sun.nio.fs.WindowsFileSystemProvider::readAttributes@57
                      ; - java.nio.file.spi.FileSystemProvider::readAttributesIfExists@4
                      ; - java.nio.file.Files::isRegularFile@9
                      ; - java.io.FileInputStream::<init>@136
                      ; - jdk.internal.loader.URLClassPath$FileLoader$1::getInputStream@8
                      ; - jdk.internal.loader.Resource::cachedInputStream@9
                      ; - jdk.internal.loader.Resource::getByteBuffer@1
                      ; - java.net.URLClassLoader::defineClass@132
                      ; - java.net.URLClassLoader$1::run@43
                      ; - java.net.URLClassLoader$1::run@1
  0x000002159eb30a74: 08e0 80ff 

  0x000002159eb30a78: ;   {other}
  0x000002159eb30a78: 0f1f 8400 | e82b 001c | 4885 ed0f | 8453 5100 | 0048 8bd5 | 4c8b 8424 | b800 0000 | 4c8b 8c24 
  0x000002159eb30a98: c000 0000 

  0x000002159eb30a9c: ;   {optimized virtual_call}
  0x000002159eb30a9c: c5f8 77e8 

  0x000002159eb30aa0: ; ImmutableOopMap {[32]=Oop [48]=NarrowOop [56]=Oop [72]=Oop [80]=NarrowOop [88]=Oop [96]=Oop [104]=Oop [112]=Oop [120]=Oop [128]=NarrowOop [132]=NarrowOop [136]=Oop [144]=Oop [168]=Oop [176]=NarrowOop [184]=Oop [296]=Oop }
                      ;*invokevirtual register {reexecute=0 rethrow=0 return_oop=1}
                      ; - sun.nio.fs.NativeBuffer::<init>@37
                      ; - sun.nio.fs.NativeBuffers::allocNativeBuffer@16
                      ; - sun.nio.fs.WindowsNativeDispatcher::asNativeBuffer@40
                      ; - sun.nio.fs.WindowsNativeDispatcher::GetFileAttributesEx@1
                      ; - sun.nio.fs.WindowsFileAttributes::get@26
                      ; - sun.nio.fs.WindowsFileAttributeViews$Basic::readAttributes@15
                      ; - sun.nio.fs.WindowsFileAttributeViews$Basic::readAttributes@1
                      ; - sun.nio.fs.WindowsFileSystemProvider::readAttributes@57
                      ; - java.nio.file.spi.FileSystemProvider::readAttributesIfExists@4
                      ; - java.nio.file.Files::isRegularFile@9
                      ; - java.io.FileInputStream::<init>@136
                      ; - jdk.internal.loader.URLClassPath$FileLoader$1::getInputStream@8
                      ; - jdk.internal.loader.Resource::cachedInputStream@9
                      ; - jdk.internal.loader.Resource::getByteBuffer@1
                      ; - java.net.URLClassLoader::defineClass@132
                      ; - java.net.URLClassLoader$1::run@43
                      ; - java.net.URLClassLoader$1::run@1
  0x000002159eb30aa0: dcdf 80ff 

  0x000002159eb30aa4: ;   {other}
  0x000002159eb30aa4: 0f1f 8400 | 142c 001d | 488b d841 | 807f 4000 | 0f85 0737 | 0000 4c8b | d349 c1ea | 034c 8b9c 
  0x000002159eb30ac4: 24b8 0000 | 0045 8953 | 184d 8bd3 | 4c8b db4d | 33da 49c1 | eb16 4d85 | db74 1f48 | 85db 741a 
  0x000002159eb30ae4: 49c1 ea09 | 48b9 0000 | b1ac 1502 | 0000 4903 | ca80 3902 | 0f85 0237 | 0000 e9a2 | 0000 0047 
  0x000002159eb30b04: 8b5c d40c | 443b 9c24 | a400 0000 | 0f8c 35fe | ffff 49c1 | e203 4c89 | 9424 b800 | 0000 41ba 
  0x000002159eb30b24: 0800 0000 | eb25 478b | 54dc 0c44 | 3b94 24a4 | 0000 000f | 8cf4 fdff | ff4f 8d14 | dc4c 8994 
  0x000002159eb30b44: 24b8 0000 | 0041 ba04 | 0000 004c | 8bdb 4d03 | da49 8bdb | eb1f 478b | 44dc 0c44 | 3b84 24a4 
  0x000002159eb30b64: 0000 000f | 8cad fdff | ff4f 8d14 | dc4c 8994 | 24b8 0000 | 0041 807f | 4000 0f85 | 8c29 0000 
  0x000002159eb30b84: 4489 6310 | 4c8b 9424 | b800 0000 | 458b 521c | 448b 9c24 | 8400 0000 | 453b d30f 

  0x000002159eb30ba0: ;   {no_reloc}
  0x000002159eb30ba0: 846e 1800 | 0044 8b9c | 2484 0000 | 0047 8b54 | dc14 4489 | 9424 a400 | 0000 458b | d343 807c 
  0x000002159eb30bc0: d410 000f | 85a9 3000 | 0044 8b9c | 24a4 0000 | 0047 8b5c | dc0c 4489 | 9c24 b400 | 0000 448b 
  0x000002159eb30be0: 9424 a400 | 0000 4b8d | 2cd4 4181 | fb00 0008 | 000f 87a2 | 3500 0049 | 8b87 b801 | 0000 4d63 
  0x000002159eb30c00: d34e 8d14 | 5517 0000 | 0049 83e2 | f84c 8bd8 | 4d03 da4d | 3b9f c801 | 0000 0f83 | 7935 0000 
  0x000002159eb30c20: 4d89 9fb8 | 0100 0041 | 0f0d 8b00 | 0100 0048 | c700 0100 | 0000 410f | 0d8b 4001 

  0x000002159eb30c3c: ;   {metadata({type array char})}
  0x000002159eb30c3c: 0000 c740 | 0850 0404 | 0044 8b94 | 24b4 0000 | 0044 8950 | 0c41 0f0d | 8b80 0100 | 0044 8b9c 
  0x000002159eb30c5c: 24a4 0000 | 004b 8d74 | dc10 488b | f848 83c7 | 108b 9424 | b400 0000 | 8bca 83e1 | 0f83 e2f0 
  0x000002159eb30c7c: 741c 488d | 3416 488d | 3c57 48f7 | dac4 e27d | 3004 16c5 | fe7f 0457 | 4883 c210 | 75ef 8bd1 
  0x000002159eb30c9c: 83e1 0783 | e2f8 7427 | c4e2 7930 | 06c5 fa7f | 0748 83c6 | 0848 83c7 | 10e9 1100 | 0000 c4e2 
  0x000002159eb30cbc: 7930 0416 | c5fa 7f04 | 5748 83c2 | 0875 ef8b | d183 fa04 | 7c19 c5f9 | 6e06 c4e2 | 7930 c0c5 
  0x000002159eb30cdc: f9d6 0748 | 83ea 0448 | 83c6 0448 | 83c7 0885 | d274 1848 | 8d34 1648 | 8d3c 5748 | f7da 0fb6 
  0x000002159eb30cfc: 0c16 6689 | 0c57 48ff | c275 f348 | 8984 2408 | 0100 004c | 8b94 24b8 | 0000 004d | 8b52 1049 
  0x000002159eb30d1c: 8bea 4c63 | 9424 a000 | 0000 4c89 | 9424 c000 

  0x000002159eb30d2c: ;   {oop(a 'jdk/internal/misc/Unsafe'{0x0000000600400140})}
  0x000002159eb30d2c: 0000 48ba | 4001 4000 | 0600 0000 | 4d8b c290 

  0x000002159eb30d3c: ;   {optimized virtual_call}
  0x000002159eb30d3c: c5f8 77e8 

  0x000002159eb30d40: ; ImmutableOopMap {[32]=Oop [48]=NarrowOop [56]=Oop [72]=Oop [80]=NarrowOop [88]=Oop [96]=Oop [104]=Oop [112]=Oop [120]=Oop [128]=NarrowOop [132]=NarrowOop [136]=Oop [144]=Oop [168]=Oop [176]=NarrowOop [184]=Oop [264]=Oop [296]=Oop }
                      ;*invokevirtual checkSize {reexecute=0 rethrow=0 return_oop=0}
                      ; - jdk.internal.misc.Unsafe::copyMemoryChecks@3
                      ; - jdk.internal.misc.Unsafe::copyMemory@9
                      ; - sun.nio.fs.WindowsNativeDispatcher::asNativeBuffer@79
                      ; - sun.nio.fs.WindowsNativeDispatcher::GetFileAttributesEx@1
                      ; - sun.nio.fs.WindowsFileAttributes::get@26
                      ; - sun.nio.fs.WindowsFileAttributeViews$Basic::readAttributes@15
                      ; - sun.nio.fs.WindowsFileAttributeViews$Basic::readAttributes@1
                      ; - sun.nio.fs.WindowsFileSystemProvider::readAttributes@57
                      ; - java.nio.file.spi.FileSystemProvider::readAttributesIfExists@4
                      ; - java.nio.file.Files::isRegularFile@9
                      ; - java.io.FileInputStream::<init>@136
                      ; - jdk.internal.loader.URLClassPath$FileLoader$1::getInputStream@8
                      ; - jdk.internal.loader.Resource::cachedInputStream@9
                      ; - jdk.internal.loader.Resource::getByteBuffer@1
                      ; - java.net.URLClassLoader::defineClass@132
                      ; - java.net.URLClassLoader$1::run@43
                      ; - java.net.URLClassLoader$1::run@1
  0x000002159eb30d40: fc8a dfff 

  0x000002159eb30d44: ;   {other}
  0x000002159eb30d44: 0f1f 8400 | b42e 001e | 41b9 1000 

  0x000002159eb30d50: ;   {oop(a 'jdk/internal/misc/Unsafe'{0x0000000600400140})}
  0x000002159eb30d50: 0000 48ba | 4001 4000 | 0600 0000 | 4c8b 8424 | 0801 0000 

  0x000002159eb30d64: ;   {optimized virtual_call}
  0x000002159eb30d64: c5f8 77e8 

  0x000002159eb30d68: ; ImmutableOopMap {[32]=Oop [48]=NarrowOop [56]=Oop [72]=Oop [80]=NarrowOop [88]=Oop [96]=Oop [104]=Oop [112]=Oop [120]=Oop [128]=NarrowOop [132]=NarrowOop [136]=Oop [144]=Oop [168]=Oop [176]=NarrowOop [184]=Oop [264]=Oop [296]=Oop }
                      ;*invokevirtual checkPrimitivePointer {reexecute=0 rethrow=0 return_oop=0}
                      ; - jdk.internal.misc.Unsafe::copyMemoryChecks@9
                      ; - jdk.internal.misc.Unsafe::copyMemory@9
                      ; - sun.nio.fs.WindowsNativeDispatcher::asNativeBuffer@79
                      ; - sun.nio.fs.WindowsNativeDispatcher::GetFileAttributesEx@1
                      ; - sun.nio.fs.WindowsFileAttributes::get@26
                      ; - sun.nio.fs.WindowsFileAttributeViews$Basic::readAttributes@15
                      ; - sun.nio.fs.WindowsFileAttributeViews$Basic::readAttributes@1
                      ; - sun.nio.fs.WindowsFileSystemProvider::readAttributes@57
                      ; - java.nio.file.spi.FileSystemProvider::readAttributesIfExists@4
                      ; - java.nio.file.Files::isRegularFile@9
                      ; - java.io.FileInputStream::<init>@136
                      ; - jdk.internal.loader.URLClassPath$FileLoader$1::getInputStream@8
                      ; - jdk.internal.loader.Resource::cachedInputStream@9
                      ; - jdk.internal.loader.Resource::getByteBuffer@1
                      ; - java.net.URLClassLoader::defineClass@132
                      ; - java.net.URLClassLoader$1::run@43
                      ; - java.net.URLClassLoader$1::run@1
  0x000002159eb30d68: d460 6800 

  0x000002159eb30d6c: ;   {other}
  0x000002159eb30d6c: 0f1f 8400 | dc2e 001f 

  0x000002159eb30d74: ;   {oop(a 'jdk/internal/misc/Unsafe'{0x0000000600400140})}
  0x000002159eb30d74: 48ba 4001 | 4000 0600 | 0000 4c8b | 4424 284c | 8bcd 6690 

  0x000002159eb30d88: ;   {optimized virtual_call}
  0x000002159eb30d88: c5f8 77e8 

  0x000002159eb30d8c: ; ImmutableOopMap {[32]=Oop [48]=NarrowOop [56]=Oop [72]=Oop [80]=NarrowOop [88]=Oop [96]=Oop [104]=Oop [112]=Oop [120]=Oop [128]=NarrowOop [132]=NarrowOop [136]=Oop [144]=Oop [168]=Oop [176]=NarrowOop [184]=Oop [264]=Oop [296]=Oop }
                      ;*invokevirtual checkPrimitivePointer {reexecute=0 rethrow=0 return_oop=0}
                      ; - jdk.internal.misc.Unsafe::copyMemoryChecks@17
                      ; - jdk.internal.misc.Unsafe::copyMemory@9
                      ; - sun.nio.fs.WindowsNativeDispatcher::asNativeBuffer@79
                      ; - sun.nio.fs.WindowsNativeDispatcher::GetFileAttributesEx@1
                      ; - sun.nio.fs.WindowsFileAttributes::get@26
                      ; - sun.nio.fs.WindowsFileAttributeViews$Basic::readAttributes@15
                      ; - sun.nio.fs.WindowsFileAttributeViews$Basic::readAttributes@1
                      ; - sun.nio.fs.WindowsFileSystemProvider::readAttributes@57
                      ; - java.nio.file.spi.FileSystemProvider::readAttributesIfExists@4
                      ; - java.nio.file.Files::isRegularFile@9
                      ; - java.io.FileInputStream::<init>@136
                      ; - jdk.internal.loader.URLClassPath$FileLoader$1::getInputStream@8
                      ; - jdk.internal.loader.Resource::cachedInputStream@9
                      ; - jdk.internal.loader.Resource::getByteBuffer@1
                      ; - java.net.URLClassLoader::defineClass@132
                      ; - java.net.URLClassLoader$1::run@43
                      ; - java.net.URLClassLoader$1::run@1
  0x000002159eb30d8c: b060 6800 

  0x000002159eb30d90: ;   {other}
  0x000002159eb30d90: 0f1f 8400 | 002f 0020 | 448b 9424 | a000 0000 | 4585 d274 | 4141 c687 | 7004 0000 | 0148 8b8c 
  0x000002159eb30db0: 2408 0100 | 0048 83c1 | 104c 8bd5 | 498b d24c | 8b84 24c0 | 0000 00c5 | f877 49ba | 20ac 329e 
  0x000002159eb30dd0: 1502 0000 

  0x000002159eb30dd4: ;   {other}
  0x000002159eb30dd4: 41ff d20f | 1f84 0000 | 0000 0045 | 88a7 7004 | 0000 4c8b | 9424 b800 | 0000 4d8b | 5210 4c8b 
  0x000002159eb30df4: 9c24 c000 | 0000 6647 | 8924 1a41 | 807f 4000 | 0f85 eb2a | 0000 4c8b | 9424 b800 | 0000 448b 
  0x000002159eb30e14: 8424 8400 | 0000 4589 | 421c 4c8b | 9424 a800 | 0000 4c8b | 9c24 b800 | 0000 4d33 | d349 c1ea 
  0x000002159eb30e34: 164d 85d2 | 741a 49c1 | eb09 48b9 | 0000 b1ac | 1502 0000 | 4903 cb80 | 3902 0f85 | e02a 0000 
  0x000002159eb30e54: 4c8b 9424 | b800 0000 | 4c89 9424 | e000 0000 

  0x000002159eb30e64: ;   {oop(a 'java/lang/Class'{0x0000000600524bc0} = 'jdk/internal/misc/VM')}
  0x000002159eb30e64: 49ba c04b | 5200 0600 | 0000 418b | aa94 0000 | 0083 fd04 | 0f8c 3a3e | 0000 4d8b | 9778 0300 
  0x000002159eb30e84: 0049 8b2a | 448b 5d08 

  0x000002159eb30e8c: ;   {metadata('jdk/internal/misc/CarrierThread')}
  0x000002159eb30e8c: 4181 fbc8 | 4808 000f | 84f7 3600 | 004c 8b94 | 24e0 0000 | 0049 8b52 | 104c 8b84 | 2498 0000 
  0x000002159eb30eac: 0066 6690 

  0x000002159eb30eb0: ;   {static_call}
  0x000002159eb30eb0: c5f8 77e8 

  0x000002159eb30eb4: ; ImmutableOopMap {[32]=Oop [48]=NarrowOop [56]=Oop [72]=Oop [80]=NarrowOop [88]=Oop [96]=Oop [104]=Oop [112]=Oop [120]=Oop [128]=NarrowOop [136]=Oop [144]=Oop [176]=NarrowOop [224]=Oop [296]=Oop }
                      ;*invokestatic GetFileAttributesEx0 {reexecute=0 rethrow=0 return_oop=0}
                      ; - sun.nio.fs.WindowsNativeDispatcher::GetFileAttributesEx@15
                      ; - sun.nio.fs.WindowsFileAttributes::get@26
                      ; - sun.nio.fs.WindowsFileAttributeViews$Basic::readAttributes@15
                      ; - sun.nio.fs.WindowsFileAttributeViews$Basic::readAttributes@1
                      ; - sun.nio.fs.WindowsFileSystemProvider::readAttributes@57
                      ; - java.nio.file.spi.FileSystemProvider::readAttributesIfExists@4
                      ; - java.nio.file.Files::isRegularFile@9
                      ; - java.io.FileInputStream::<init>@136
                      ; - jdk.internal.loader.URLClassPath$FileLoader$1::getInputStream@8
                      ; - jdk.internal.loader.Resource::cachedInputStream@9
                      ; - jdk.internal.loader.Resource::getByteBuffer@1
                      ; - java.net.URLClassLoader::defineClass@132
                      ; - java.net.URLClassLoader$1::run@43
                      ; - java.net.URLClassLoader$1::run@1
  0x000002159eb30eb4: 28a1 d7ff 

  0x000002159eb30eb8: ;   {other}
  0x000002159eb30eb8: 0f1f 8400 | 2830 0021 

  0x000002159eb30ec0: ;   {oop(a 'sun/nio/fs/NativeBuffers$1'{0x00000006006cfe50})}
  0x000002159eb30ec0: 48ba 50fe | 6c00 0600 | 0000 6690 

  0x000002159eb30ecc: ;   {optimized virtual_call}
  0x000002159eb30ecc: c5f8 77e8 

  0x000002159eb30ed0: ; ImmutableOopMap {[32]=Oop [48]=NarrowOop [56]=Oop [72]=Oop [80]=NarrowOop [88]=Oop [96]=Oop [104]=Oop [112]=Oop [120]=Oop [128]=NarrowOop [136]=Oop [144]=Oop [176]=NarrowOop [224]=Oop [296]=Oop }
                      ;*invokevirtual get {reexecute=0 rethrow=0 return_oop=1}
                      ; - sun.nio.fs.NativeBuffers::releaseNativeBuffer@3
                      ; - sun.nio.fs.NativeBuffer::release@1
                      ; - sun.nio.fs.NativeBuffer::close@1
                      ; - sun.nio.fs.WindowsNativeDispatcher::GetFileAttributesEx@41
                      ; - sun.nio.fs.WindowsFileAttributes::get@26
                      ; - sun.nio.fs.WindowsFileAttributeViews$Basic::readAttributes@15
                      ; - sun.nio.fs.WindowsFileAttributeViews$Basic::readAttributes@1
                      ; - sun.nio.fs.WindowsFileSystemProvider::readAttributes@57
                      ; - java.nio.file.spi.FileSystemProvider::readAttributesIfExists@4
                      ; - java.nio.file.Files::isRegularFile@9
                      ; - java.io.FileInputStream::<init>@136
                      ; - jdk.internal.loader.URLClassPath$FileLoader$1::getInputStream@8
                      ; - jdk.internal.loader.Resource::cachedInputStream@9
                      ; - jdk.internal.loader.Resource::getByteBuffer@1
                      ; - java.net.URLClassLoader::defineClass@132
                      ; - java.net.URLClassLoader$1::run@43
                      ; - java.net.URLClassLoader$1::run@1
  0x000002159eb30ed0: 0c07 eeff 

  0x000002159eb30ed4: ;   {other}
  0x000002159eb30ed4: 0f1f 8400 | 4430 0022 | 4c8b d04c | 8b9c 24e0 | 0000 0049 | 8beb 48c1 | ed03 4885 | c00f 84d0 
  0x000002159eb30ef4: 2300 0044 

  0x000002159eb30ef8: ;   {metadata('sun/nio/fs/NativeBuffer'[])}
  0x000002159eb30ef8: 8b40 0841 | 81f8 d093 | 0800 0f85 | 885d 0000 | 4d8b ca45 | 8b5a 0c41 | 83fb 020f | 8607 3800 
  0x000002159eb30f18: 0045 8b5a | 1045 85db | 0f84 8200 | 0000 418b | 4a14 85c9 | 746c 458b | 4218 4585 | c074 5b4c 
  0x000002159eb30f38: 8b94 24e0 | 0000 0041 | 8b5a 0c47 | 8b54 dc0c | 418b fa44 | 3bd3 0f8c | 204d 0000 | 458b 5ccc 
  0x000002159eb30f58: 0c41 8bfb | 443b db0f | 8c18 4d00 | 0047 8b54 | c40c 418b | fa44 3bd3 | 0f8c 134d | 0000 488b 
  0x000002159eb30f78: 9424 e000 | 0000 6690 

  0x000002159eb30f80: ;   {optimized virtual_call}
  0x000002159eb30f80: c5f8 77e8 

  0x000002159eb30f84: ; ImmutableOopMap {[32]=Oop [48]=NarrowOop [56]=Oop [72]=Oop [80]=NarrowOop [88]=Oop [96]=Oop [104]=Oop [112]=Oop [120]=Oop [128]=NarrowOop [136]=Oop [144]=Oop [176]=NarrowOop [296]=Oop }
                      ;*invokevirtual free {reexecute=0 rethrow=0 return_oop=0}
                      ; - sun.nio.fs.NativeBuffers::releaseNativeBuffer@93
                      ; - sun.nio.fs.NativeBuffer::release@1
                      ; - sun.nio.fs.NativeBuffer::close@1
                      ; - sun.nio.fs.WindowsNativeDispatcher::GetFileAttributesEx@41
                      ; - sun.nio.fs.WindowsFileAttributes::get@26
                      ; - sun.nio.fs.WindowsFileAttributeViews$Basic::readAttributes@15
                      ; - sun.nio.fs.WindowsFileAttributeViews$Basic::readAttributes@1
                      ; - sun.nio.fs.WindowsFileSystemProvider::readAttributes@57
                      ; - java.nio.file.spi.FileSystemProvider::readAttributesIfExists@4
                      ; - java.nio.file.Files::isRegularFile@9
                      ; - java.io.FileInputStream::<init>@136
                      ; - jdk.internal.loader.URLClassPath$FileLoader$1::getInputStream@8
                      ; - jdk.internal.loader.Resource::cachedInputStream@9
                      ; - jdk.internal.loader.Resource::getByteBuffer@1
                      ; - java.net.URLClassLoader::defineClass@132
                      ; - java.net.URLClassLoader$1::run@43
                      ; - java.net.URLClassLoader$1::run@1
  0x000002159eb30f84: f8da 80ff 

  0x000002159eb30f88: ;   {other}
  0x000002159eb30f88: 0f1f 8400 | f830 0023 | eb5b 41ba | 0800 0000 | eb06 41ba | 0400 0000 | 498b d949 | 03da eb03 
  0x000002159eb30fa8: 498b da48 | 83c3 1041 | 807f 4000 | 0f85 8d25 | 0000 892b | 4c8b 9424 | e000 0000 | 4c8b db4d 
  0x000002159eb30fc8: 33d3 49c1 | ea16 4d85 | d274 1a49 | c1eb 0948 | b900 00b1 | ac15 0200 | 0049 03cb | 8039 020f 
  0x000002159eb30fe8: 85c6 2500 | 004c 8b94 | 2498 0000 | 0041 bb00 | 0400 0045 | 851a 0f85 | 372e 0000 | 498b 87b8 
  0x000002159eb31008: 0100 0045 | 8b02 418b | e84c 8bc0 | 4983 c040 | 4d8b 5a04 | 4c89 9c24 | 9800 0000 | 458b 4a20 
  0x000002159eb31028: 4d8b 5a0c | 4c89 9c24 | a000 0000 | 4d8b 5a14 | 4c89 9c24 | a800 0000 | 4d63 521c | 49c1 e220 
  0x000002159eb31048: 4d03 d14c | 8994 24b8 | 0000 004d | 3b87 c801 | 0000 0f83 | 8d30 0000 | 4d89 87b8 | 0100 0041 
  0x000002159eb31068: 0f0d 8800 | 0100 0048 | c700 0100 

  0x000002159eb31074: ;   {metadata('sun/nio/fs/WindowsFileAttributes')}
  0x000002159eb31074: 0000 c740 | 0858 9a08 | 0044 8960 | 0c4c 8960 | 104c 8960 | 184c 8960 | 204c 8960 | 284c 8960 
  0x000002159eb31094: 304c 8960 | 384c 8bd0 | 4c89 9424 | c000 0000 | 448b c545 | 8942 0c4c | 8b9c 24b8 | 0000 004d 
  0x000002159eb310b4: 895a 284c | 8b9c 24a8 | 0000 004d | 895a 204c | 8b9c 24a0 | 0000 004d | 895a 184c | 8b9c 2498 
  0x000002159eb310d4: 0000 004d 

  0x000002159eb310d8: ;   {oop(a 'java/lang/System$2'{0x0000000600401af8})}
  0x000002159eb310d8: 895a 1048 | baf8 1a40 | 0006 0000 

  0x000002159eb310e4: ;   {oop(a 'sun/nio/fs/NativeBuffers$1'{0x00000006006cfe50})}
  0x000002159eb310e4: 0049 b850 | fe6c 0006 | 0000 0090 

  0x000002159eb310f0: ;   {optimized virtual_call}
  0x000002159eb310f0: c5f8 77e8 

  0x000002159eb310f4: ; ImmutableOopMap {[32]=Oop [48]=NarrowOop [56]=Oop [72]=Oop [80]=NarrowOop [88]=Oop [96]=Oop [104]=Oop [112]=Oop [120]=Oop [128]=NarrowOop [136]=Oop [144]=Oop [176]=NarrowOop [192]=Oop [296]=Oop }
                      ;*invokeinterface getCarrierThreadLocal {reexecute=0 rethrow=0 return_oop=1}
                      ; - jdk.internal.misc.CarrierThreadLocal::get@4
                      ; - sun.nio.fs.NativeBuffers::releaseNativeBuffer@3
                      ; - sun.nio.fs.NativeBuffer::release@1
                      ; - sun.nio.fs.NativeBuffer::close@1
                      ; - sun.nio.fs.WindowsFileAttributes::get@62
                      ; - sun.nio.fs.WindowsFileAttributeViews$Basic::readAttributes@15
                      ; - sun.nio.fs.WindowsFileAttributeViews$Basic::readAttributes@1
                      ; - sun.nio.fs.WindowsFileSystemProvider::readAttributes@57
                      ; - java.nio.file.spi.FileSystemProvider::readAttributesIfExists@4
                      ; - java.nio.file.Files::isRegularFile@9
                      ; - java.io.FileInputStream::<init>@136
                      ; - jdk.internal.loader.URLClassPath$FileLoader$1::getInputStream@8
                      ; - jdk.internal.loader.Resource::cachedInputStream@9
                      ; - jdk.internal.loader.Resource::getByteBuffer@1
                      ; - java.net.URLClassLoader::defineClass@132
                      ; - java.net.URLClassLoader$1::run@43
                      ; - java.net.URLClassLoader$1::run@1
  0x000002159eb310f4: 6803 afef 

  0x000002159eb310f8: ;   {other}
  0x000002159eb310f8: 0f1f 8400 | 6832 0024 | 4c8b 9424 | 2801 0000 | 498b ea48 | c1ed 0348 | 85c0 0f84 | 6922 0000 
  0x000002159eb31118: 448b 5008 

  0x000002159eb3111c: ;   {metadata('sun/nio/fs/NativeBuffer'[])}
  0x000002159eb3111c: 4181 fad0 | 9308 000f | 85db 5b00 | 004c 8bd0 | 4d8b ca45 | 8b52 0c41 | 83fa 020f | 8663 3600 
  0x000002159eb3113c: 004d 8bd1 | 458b 5210 | 4585 d20f | 8483 0000 | 0045 8b41 | 1445 85c0 | 746c 418b | 5118 85d2 
  0x000002159eb3115c: 745c 4c8b | 9c24 2801 | 0000 458b | 5b0c 418b | fb43 8b4c | d40c 8bd9 | 413b cb0f | 8cb7 4b00 
  0x000002159eb3117c: 0047 8b54 | c40c 418b | da44 3bd7 | 0f8c af4b | 0000 458b | 5cd4 0c41 | 8bdb 443b | df0f 8caa 
  0x000002159eb3119c: 4b00 0048 | 8b94 2428 | 0100 0090 

  0x000002159eb311a8: ;   {optimized virtual_call}
  0x000002159eb311a8: c5f8 77e8 

  0x000002159eb311ac: ; ImmutableOopMap {[32]=Oop [48]=NarrowOop [56]=Oop [72]=Oop [80]=NarrowOop [88]=Oop [96]=Oop [104]=Oop [112]=Oop [120]=Oop [128]=NarrowOop [136]=Oop [144]=Oop [176]=NarrowOop [192]=Oop }
                      ;*invokevirtual free {reexecute=0 rethrow=0 return_oop=0}
                      ; - sun.nio.fs.NativeBuffers::releaseNativeBuffer@93
                      ; - sun.nio.fs.NativeBuffer::release@1
                      ; - sun.nio.fs.NativeBuffer::close@1
                      ; - sun.nio.fs.WindowsFileAttributes::get@62
                      ; - sun.nio.fs.WindowsFileAttributeViews$Basic::readAttributes@15
                      ; - sun.nio.fs.WindowsFileAttributeViews$Basic::readAttributes@1
                      ; - sun.nio.fs.WindowsFileSystemProvider::readAttributes@57
                      ; - java.nio.file.spi.FileSystemProvider::readAttributesIfExists@4
                      ; - java.nio.file.Files::isRegularFile@9
                      ; - java.io.FileInputStream::<init>@136
                      ; - jdk.internal.loader.URLClassPath$FileLoader$1::getInputStream@8
                      ; - jdk.internal.loader.Resource::cachedInputStream@9
                      ; - jdk.internal.loader.Resource::getByteBuffer@1
                      ; - java.net.URLClassLoader::defineClass@132
                      ; - java.net.URLClassLoader$1::run@43
                      ; - java.net.URLClassLoader$1::run@1
  0x000002159eb311ac: d0d8 80ff 

  0x000002159eb311b0: ;   {other}
  0x000002159eb311b0: 0f1f 8400 | 2033 0025 | eb5b 41ba | 0800 0000 | eb06 41ba | 0400 0000 | 498b d949 | 03da eb03 
  0x000002159eb311d0: 498b d948 | 83c3 1041 | 807f 4000 | 0f85 9b23 | 0000 892b | 4c8b 9424 | 2801 0000 | 4c8b db4d 
  0x000002159eb311f0: 33d3 49c1 | ea16 4d85 | d274 1a49 | c1eb 0948 | b900 00b1 | ac15 0200 | 0049 03cb | 8039 020f 
  0x000002159eb31210: 85ef 2300 | 004c 8b94 | 24c0 0000 | 0041 8b6a | 3081 fd0c | 0000 a00f | 84e3 3c00 | 0041 8b6a 
  0x000002159eb31230: 0c40 f6c5 | 100f 85e9 | 1400 0081 | e540 0400 | 0085 ed0f | 8517 3d00 

  0x000002159eb31248: ;   {oop(a 'java/lang/Boolean'{0x000000060048f820} = true)}
  0x000002159eb31248: 0048 bb20 | f848 0006 | 0000 0041 | 807f 4000 | 0f85 e720 | 0000 4c8b | 5424 684c | 8bdb 49c1 
  0x000002159eb31268: eb03 4c8b | 4424 6845 | 8958 204c | 8bdb 4d33 | da49 c1eb | 164d 85db | 741a 49c1 | ea09 48b9 
  0x000002159eb31288: 0000 b1ac | 1502 0000 | 4903 ca80 | 3902 0f85 | 6521 0000 | 4c8b 5424 | 6841 8b6a 

  0x000002159eb312a4: ;   {oop(a 'java/lang/Boolean'{0x000000060048f820} = true)}
  0x000002159eb312a4: 2081 fd04 | 1f09 c00f | 8573 3a00 | 0041 c642 | 0d01 498b | 87b8 0100 | 004c 8bd0 | 4983 c218 
  0x000002159eb312c4: 4d3b 97c8 | 0100 000f | 83fc 2d00 | 004d 8997 | b801 0000 | 410f 0d8a | 0001 0000 | 48c7 0001 
  0x000002159eb312e4: ;   {metadata('java/util/ImmutableCollections$Set12')}
  0x000002159eb312e4: 0000 00c7 | 4008 1013 | 0600 4489 

  0x000002159eb312f0: ;   {oop(a 'java/nio/file/StandardOpenOption'{0x0000000600ea3fc0})}
  0x000002159eb312f0: 6014 c740 | 0cf8 471d 

  0x000002159eb312f8: ;   {oop(a 'java/lang/Object'{0x0000000600404230})}
  0x000002159eb312f8: c0c7 4010 | 4608 08c0 | 4c8b d04c | 8994 2498 | 0000 004c | 8b54 2470 | 458b 5a4c | 4489 9c24 
  0x000002159eb31318: 8400 0000 | 4c8b 5424 | 6845 8b52 | 2444 8994 | 24a0 0000 | 0045 85db | 0f84 e615 | 0000 478b 
  0x000002159eb31338: 5cdc 1444 | 895c 2470 

  0x000002159eb31340: ; implicit exception: dispatches to 0x000002159eb37314
  0x000002159eb31340: 478b 54dc | 0c44 8954 | 2474 458d | 5aff 458b | d341 81e2 | 4786 c861 | 4489 9424 | a400 0000 
  0x000002159eb31360: 448b 5c24 | 7445 85db | 0f86 a634 | 0000 448b | 9424 8400 | 0000 49c1 | e203 4c89 | 9424 a800 
  0x000002159eb31380: 0000 4c8b | 5424 684d | 8bda 49c1 | eb03 4489 | 9c24 b400 | 0000 448b | 5c24 704b | 8d2c dc44 
  0x000002159eb313a0: 8b94 24a4 | 0000 0046 | 8b54 9510 | 4585 d20f | 8444 0a00 | 004b 8d1c | d449 ba00 | 00b1 ac15 
  0x000002159eb313c0: 0200 0041 | bb02 0000 | 004c 8994 | 24f8 0000 | 0044 899c | 24f4 0000 | 0044 8b5b 

  0x000002159eb313dc: ;   {oop(a 'java/lang/ThreadLocal'{0x0000000600e64548})}
  0x000002159eb313dc: 0c41 81fb | a9c8 1cc0 | 0f85 cf0e | 0000 4180 | 7f40 000f | 8507 2600 | 0044 8b9c | 24b4 0000 
  0x000002159eb313fc: 0044 895b | 1c4c 8b54 | 2468 4c8b | db4d 33d3 | 49c1 ea16 | 4d85 d274 | 1a49 c1eb | 0948 b900 
  0x000002159eb3141c: 00b1 ac15 | 0200 0049 | 03cb 8039 | 020f 8504 

  0x000002159eb3142c: ;   {oop(a 'sun/nio/fs/WindowsFileSystem'{0x0000000600409b38})}
  0x000002159eb3142c: 2600 0041 | ba67 1308 | c047 3b64 | d40c 0f84 | bc31 0000 | 4c8b 9424 | 9000 0000 | 418b 6a14 
  0x000002159eb3144c: ;   {oop(a 'sun/nio/fs/WindowsPathType'{0x0000000600409d60})}
  0x000002159eb3144c: 81fd ac13 | 08c0 0f85 | ac11 0000 | 458b 5a1c | 4489 5c24 | 7047 8b5c | dc14 478b | 54dc 0c44 
  0x000002159eb3146c: 8b5c 2470 | 470f be44 | dc10 c4c2 | 3af7 ea81 | fdf7 0000 | 000f 8f89 

  0x000002159eb31484: ;   {oop(a 'sun/nio/fs/WindowsSecurityDescriptor'{0x0000000600f34fc8})}
  0x000002159eb31484: 3d00 0049 | bac8 4ff3 | 0006 0000 | 0041 8b6a | 1485 ed0f | 8513 3b00 | 0049 8b87 | b801 0000 
  0x000002159eb314a4: 4c8b d049 | 83c2 204d | 3b97 c801 | 0000 0f83 | 552c 0000 | 4d89 97b8 | 0100 0041 | 0f0d 8a00 
  0x000002159eb314c4: 0100 0048 | c700 0100 

  0x000002159eb314cc: ;   {metadata('sun/nio/fs/WindowsChannelFactory$Flags')}
  0x000002159eb314cc: 0000 c740 | 0800 8f0a | 0044 8960 | 0c4c 8960 | 1048 c740 | 1801 0101 | 004c 8bd0 | 4c89 9424 
  0x000002159eb314ec: a800 0000 | 498b 87b8 | 0100 004c | 8bd0 4983 | c218 4d3b | 97c8 0100 | 000f 8322 | 2c00 004d 
  0x000002159eb3150c: 8997 b801 | 0000 410f | 0d8a 0001 | 0000 48c7 | 0001 0000 

  0x000002159eb31520: ;   {metadata('java/util/ImmutableCollections$Set12$1')}
  0x000002159eb31520: 00c7 4008 | f0c7 0200 | 4489 600c | 4c89 6010 | 4c8b d04c | 8994 24b8 | 0000 004c | 8b94 2498 
  0x000002159eb31540: 0000 0045 | 8b52 104c | 8b9c 2498 | 0000 004d | 8bc3 49c1 | e803 4c8b | 9c24 b800 | 0000 4589 
  0x000002159eb31560: ;   {oop(a 'java/lang/Object'{0x0000000600404230})}
  0x000002159eb31560: 4310 4181 | fa46 0808 | c044 8b5c | 2454 440f | 459c 24f4 | 0000 004c | 8b94 24b8 | 0000 0045 
  0x000002159eb31580: 895a 0c4c | 8b94 24b8 | 0000 0041 | 8b6a 0c85 | ed0f 8ef2 | 0000 004c | 8b94 24b8 | 0000 0045 
  0x000002159eb315a0: 8b5a 1083 | fd01 7418 | 83fd 020f | 85eb 3e00 | 0041 c742 | 0c01 0000 | 0043 8b6c | dc0c eb19 
  0x000002159eb315c0: 4589 620c 

  0x000002159eb315c4: ; implicit exception: dispatches to 0x000002159eb37548
  0x000002159eb315c4: 478b 44dc | 1043 8b6c 

  0x000002159eb315cc: ;   {oop(a 'java/lang/Object'{0x0000000600404230})}
  0x000002159eb315cc: dc0c 4181 | f846 0808 | c041 0f45 | e845 8b54 | ec08 48be | 0000 0000 | 0800 0000 | 4903 f24c 
  0x000002159eb315ec: ;   {metadata('java/nio/file/OpenOption')}
  0x000002159eb315ec: 8b56 2049 | bbb8 0608 | 0008 0000 | 004d 3bd3 | 0f85 160a | 0000 4d8d | 14ec 4c89 | 9424 9800 
  0x000002159eb3160c: 0000 458b 

  0x000002159eb31610: ;   {metadata('java/nio/file/StandardOpenOption')}
  0x000002159eb31610: 5208 4181 | fae8 0808 | 000f 8589 | 0a00 004c | 8b94 2498 | 0000 0041 | 8b6a 0c83 | fd0a 0f83 
  0x000002159eb31630: b433 0000 

  0x000002159eb31634: ;   {oop([I{0x0000000600ea3928})}
  0x000002159eb31634: 49ba 2839 | ea00 0600 | 0000 418b | 6caa 1083 | fd01 0f85 | 1810 0000 | 4c8b 9424 | a800 0000 
  0x000002159eb31654: 41c6 420c | 0148 8b94 | 24b8 0000 | 0066 6690 

  0x000002159eb31664: ;   {optimized virtual_call}
  0x000002159eb31664: c5f8 77e8 

  0x000002159eb31668: ; ImmutableOopMap {[32]=Oop [48]=NarrowOop [56]=Oop [72]=Oop [80]=NarrowOop [88]=Oop [96]=Oop [104]=Oop [112]=NarrowOop [120]=Oop [128]=NarrowOop [136]=Oop [144]=Oop [160]=NarrowOop [168]=Oop [176]=NarrowOop [184]=Oop }
                      ;*invokeinterface hasNext {reexecute=0 rethrow=0 return_oop=0}
                      ; - sun.nio.fs.WindowsChannelFactory$Flags::toFlags@16
                      ; - sun.nio.fs.WindowsChannelFactory::newFileChannel@1
                      ; - sun.nio.fs.WindowsFileSystemProvider::newFileChannel@55
                      ; - java.io.IoOverNioFileSystem::initializeStreamsUsingNio0@14
                      ; - java.io.IoOverNioFileSystem::initializeStreamUsingNio@15
                      ; - java.io.FileInputStream::<init>@197
                      ; - jdk.internal.loader.URLClassPath$FileLoader$1::getInputStream@8
                      ; - jdk.internal.loader.Resource::cachedInputStream@9
                      ; - jdk.internal.loader.Resource::getByteBuffer@1
                      ; - java.net.URLClassLoader::defineClass@132
                      ; - java.net.URLClassLoader$1::run@43
                      ; - java.net.URLClassLoader$1::run@1
  0x000002159eb31668: d4f4 1300 

  0x000002159eb3166c: ;   {other}
  0x000002159eb3166c: 0f1f 8400 | dc37 0026 | 85c0 7411 | 4c8b 9424 | b800 0000 | 418b 6a0c | e90e ffff | ff4c 8b94 
  0x000002159eb3168c: 24a8 0000 | 0045 0fb6 | 5a0c 410f | b66a 0e45 | 85db 7517 | 450f b65a | 0d45 85db | 7515 85ed 
  0x000002159eb316ac: 0f85 4a3e | 0000 41c6 | 420c 0185 | ed0f 8545 | 3c00 0085 | ed0f 859d | 3b00 0044 | 8b54 2470 
  0x000002159eb316cc: 49c1 e203 | 498b ea33 | ff49 8bd2 | 4d8b c24c | 8b8c 24a8 | 0000 0090 

  0x000002159eb316e4: ;   {static_call}
  0x000002159eb316e4: c5f8 77e8 

  0x000002159eb316e8: ; ImmutableOopMap {rbp=Oop [32]=Oop [48]=NarrowOop [56]=Oop [72]=Oop [80]=NarrowOop [88]=Oop [96]=Oop [104]=Oop [112]=NarrowOop [120]=Oop [128]=NarrowOop [136]=Oop [144]=Oop [160]=NarrowOop [168]=Oop [176]=NarrowOop }
                      ;*invokestatic open {reexecute=0 rethrow=0 return_oop=1}
                      ; - sun.nio.fs.WindowsChannelFactory::newFileChannel@102
                      ; - sun.nio.fs.WindowsFileSystemProvider::newFileChannel@55
                      ; - java.io.IoOverNioFileSystem::initializeStreamsUsingNio0@14
                      ; - java.io.IoOverNioFileSystem::initializeStreamUsingNio@15
                      ; - java.io.FileInputStream::<init>@197
                      ; - jdk.internal.loader.URLClassPath$FileLoader$1::getInputStream@8
                      ; - jdk.internal.loader.Resource::cachedInputStream@9
                      ; - jdk.internal.loader.Resource::getByteBuffer@1
                      ; - java.net.URLClassLoader::defineClass@132
                      ; - java.net.URLClassLoader$1::run@43
                      ; - java.net.URLClassLoader$1::run@1
  0x000002159eb316e8: 94d9 80ff 

  0x000002159eb316ec: ;   {other}
  0x000002159eb316ec: 0f1f 8400 | 5c38 0027 | 4c8b 9c24 | a800 0000 | 450f b64b | 0c41 0fb6 | 7317 410f | b67b 0d48 
  0x000002159eb3170c: 8bd0 4c8b | c548 8b4c | 2428 6690 

  0x000002159eb31718: ;   {static_call}
  0x000002159eb31718: c5f8 77e8 

  0x000002159eb3171c: ; ImmutableOopMap {[32]=Oop [48]=NarrowOop [56]=Oop [72]=Oop [80]=NarrowOop [88]=Oop [96]=Oop [104]=Oop [120]=Oop [128]=NarrowOop [136]=Oop [144]=Oop [160]=NarrowOop [176]=NarrowOop }
                      ;*invokestatic open {reexecute=0 rethrow=0 return_oop=1}
                      ; - sun.nio.fs.WindowsChannelFactory::newFileChannel@126
                      ; - sun.nio.fs.WindowsFileSystemProvider::newFileChannel@55
                      ; - java.io.IoOverNioFileSystem::initializeStreamsUsingNio0@14
                      ; - java.io.IoOverNioFileSystem::initializeStreamUsingNio@15
                      ; - java.io.FileInputStream::<init>@197
                      ; - jdk.internal.loader.URLClassPath$FileLoader$1::getInputStream@8
                      ; - jdk.internal.loader.Resource::cachedInputStream@9
                      ; - jdk.internal.loader.Resource::getByteBuffer@1
                      ; - java.net.URLClassLoader::defineClass@132
                      ; - java.net.URLClassLoader$1::run@43
                      ; - java.net.URLClassLoader$1::run@1
  0x000002159eb3171c: 60d9 80ff 

  0x000002159eb31720: ;   {other}
  0x000002159eb31720: 0f1f 8400 | 9038 0028 

  0x000002159eb31728: ;   {oop(a 'sun/nio/fs/WindowsSecurityDescriptor'{0x0000000600f34fc8})}
  0x000002159eb31728: 488b e848 | bac8 4ff3 | 0006 0000 | 0066 6690 

  0x000002159eb31738: ;   {optimized virtual_call}
  0x000002159eb31738: c5f8 77e8 

  0x000002159eb3173c: ; ImmutableOopMap {rbp=Oop [32]=Oop [48]=NarrowOop [56]=Oop [72]=Oop [80]=NarrowOop [88]=Oop [96]=Oop [104]=Oop [120]=Oop [128]=NarrowOop [136]=Oop [160]=NarrowOop [176]=NarrowOop }
                      ;*invokevirtual release {reexecute=0 rethrow=0 return_oop=0}
                      ; - sun.nio.fs.WindowsFileSystemProvider::newFileChannel@67
                      ; - java.io.IoOverNioFileSystem::initializeStreamsUsingNio0@14
                      ; - java.io.IoOverNioFileSystem::initializeStreamUsingNio@15
                      ; - java.io.FileInputStream::<init>@197
                      ; - jdk.internal.loader.URLClassPath$FileLoader$1::getInputStream@8
                      ; - jdk.internal.loader.Resource::cachedInputStream@9
                      ; - jdk.internal.loader.Resource::getByteBuffer@1
                      ; - java.net.URLClassLoader::defineClass@132
                      ; - java.net.URLClassLoader$1::run@43
                      ; - java.net.URLClassLoader$1::run@1
  0x000002159eb3173c: 008d 5e00 

  0x000002159eb31740: ;   {other}
  0x000002159eb31740: 0f1f 8400 | b038 0029 | 4889 ac24 | e000 0000 | 498b 87b8 | 0100 004c | 8bd0 4983 | c218 4d3b 
  0x000002159eb31760: 97c8 0100 | 000f 83e2 | 2900 004d | 8997 b801 | 0000 410f | 0d8a 0001 | 0000 48c7 | 0001 0000 
  0x000002159eb31780: ;   {metadata('java/io/IoOverNioFileSystem$StreamInitializationBundle')}
  0x000002159eb31780: 00c7 4008 | e0bd 0a00 | 4489 600c | 4c89 6010 | 4c8b d049 | 8bea 448b | 9c24 a000 | 0000 4d8b 
  0x000002159eb317a0: d349 c1e2 | 034c 8954 | 2470 488b | 5424 684c | 8b84 24e0 | 0000 004d | 8bca 6690 

  0x000002159eb317bc: ;   {static_call}
  0x000002159eb317bc: c5f8 77e8 

  0x000002159eb317c0: ; ImmutableOopMap {rbp=Oop [32]=Oop [48]=NarrowOop [56]=Oop [72]=Oop [80]=NarrowOop [88]=Oop [96]=Oop [104]=Oop [112]=Oop [120]=Oop [128]=NarrowOop [136]=Oop [160]=NarrowOop [176]=NarrowOop [224]=Oop }
                      ;*invokestatic initializeFdUsingNio {reexecute=0 rethrow=0 return_oop=1}
                      ; - java.io.IoOverNioFileSystem::initializeStreamsUsingNio0@28
                      ; - java.io.IoOverNioFileSystem::initializeStreamUsingNio@15
                      ; - java.io.FileInputStream::<init>@197
                      ; - jdk.internal.loader.URLClassPath$FileLoader$1::getInputStream@8
                      ; - jdk.internal.loader.Resource::cachedInputStream@9
                      ; - jdk.internal.loader.Resource::getByteBuffer@1
                      ; - java.net.URLClassLoader::defineClass@132
                      ; - java.net.URLClassLoader$1::run@43
                      ; - java.net.URLClassLoader$1::run@1
  0x000002159eb317c0: dc93 6f00 

  0x000002159eb317c4: ;   {other}
  0x000002159eb317c4: 0f1f 8400 | 3439 002a | 4889 8424 | 9000 0000 | 498b 87b8 | 0100 004c | 8bd0 4983 | c220 4d3b 
  0x000002159eb317e4: 97c8 0100 | 000f 837e | 2900 004d | 8997 b801 | 0000 410f | 0d8a 0001 | 0000 48c7 | 0001 0000 
  0x000002159eb31804: ;   {metadata('java/io/ExternalChannelHolder')}
  0x000002159eb31804: 00c7 4008 | 20c0 0a00 | 4489 600c | 4c89 6010 | 4c89 6018 | 4c8b d04c | 8994 2498 | 0000 0049 
  0x000002159eb31824: 8bd2 4c8b | 4424 684c | 8b8c 24e0 | 0000 0048 | 8b7c 2470 

  0x000002159eb31838: ;   {optimized virtual_call}
  0x000002159eb31838: c5f8 77e8 

  0x000002159eb3183c: ; ImmutableOopMap {rbp=Oop [32]=Oop [48]=NarrowOop [56]=Oop [72]=Oop [80]=NarrowOop [88]=Oop [96]=Oop [104]=Oop [120]=Oop [128]=NarrowOop [136]=Oop [144]=Oop [152]=Oop [176]=NarrowOop [224]=Oop }
                      ;*invokespecial <init> {reexecute=0 rethrow=0 return_oop=0}
                      ; - java.io.IoOverNioFileSystem::initializeStreamsUsingNio0@42
                      ; - java.io.IoOverNioFileSystem::initializeStreamUsingNio@15
                      ; - java.io.FileInputStream::<init>@197
                      ; - jdk.internal.loader.URLClassPath$FileLoader$1::getInputStream@8
                      ; - jdk.internal.loader.Resource::cachedInputStream@9
                      ; - jdk.internal.loader.Resource::getByteBuffer@1
                      ; - java.net.URLClassLoader::defineClass@132
                      ; - java.net.URLClassLoader$1::run@43
                      ; - java.net.URLClassLoader$1::run@1
  0x000002159eb3183c: a0d1 beef 

  0x000002159eb31840: ;   {other}
  0x000002159eb31840: 0f1f 8400 | b039 002b | 488b d54c | 8b84 2490 | 0000 004c | 8b8c 24e0 | 0000 0048 | 8bbc 2498 
  0x000002159eb31860: 0000 0090 

  0x000002159eb31864: ;   {optimized virtual_call}
  0x000002159eb31864: c5f8 77e8 

  0x000002159eb31868: ; ImmutableOopMap {rbp=Oop [32]=Oop [48]=NarrowOop [56]=Oop [72]=Oop [80]=NarrowOop [88]=Oop [96]=Oop [104]=Oop [120]=Oop [128]=NarrowOop [136]=Oop [176]=NarrowOop [224]=Oop }
                      ;*invokespecial <init> {reexecute=0 rethrow=0 return_oop=0}
                      ; - java.io.IoOverNioFileSystem::initializeStreamsUsingNio0@45
                      ; - java.io.IoOverNioFileSystem::initializeStreamUsingNio@15
                      ; - java.io.FileInputStream::<init>@197
                      ; - jdk.internal.loader.URLClassPath$FileLoader$1::getInputStream@8
                      ; - jdk.internal.loader.Resource::cachedInputStream@9
                      ; - jdk.internal.loader.Resource::getByteBuffer@1
                      ; - java.net.URLClassLoader::defineClass@132
                      ; - java.net.URLClassLoader$1::run@43
                      ; - java.net.URLClassLoader$1::run@1
  0x000002159eb31868: 74dc ccef 

  0x000002159eb3186c: ;   {other}
  0x000002159eb3186c: 0f1f 8400 | dc39 002c 

  0x000002159eb31874: ;   {oop(a 'java/lang/ThreadLocal'{0x0000000600e64548})}
  0x000002159eb31874: 48ba 4845 | e600 0600 | 0000 6690 

  0x000002159eb31880: ;   {optimized virtual_call}
  0x000002159eb31880: c5f8 77e8 

  0x000002159eb31884: ; ImmutableOopMap {rbp=Oop [32]=Oop [48]=NarrowOop [56]=Oop [72]=Oop [80]=NarrowOop [88]=Oop [96]=Oop [104]=Oop [120]=Oop [128]=NarrowOop [136]=Oop [176]=NarrowOop }
                      ;*invokevirtual remove {reexecute=0 rethrow=0 return_oop=0}
                      ; - java.io.IoOverNioFileSystem::initializeStreamUsingNio@23
                      ; - java.io.FileInputStream::<init>@197
                      ; - jdk.internal.loader.URLClassPath$FileLoader$1::getInputStream@8
                      ; - jdk.internal.loader.Resource::cachedInputStream@9
                      ; - jdk.internal.loader.Resource::getByteBuffer@1
                      ; - java.net.URLClassLoader::defineClass@132
                      ; - java.net.URLClassLoader$1::run@43
                      ; - java.net.URLClassLoader$1::run@1
  0x000002159eb31884: f8d1 80ff 

  0x000002159eb31888: ;   {other}
  0x000002159eb31888: 0f1f 8400 | f839 002d | 4180 7f40 | 000f 85ec | 1d00 004c | 8b4c 2468 | 488b dd44 | 8b53 1045 
  0x000002159eb318a8: 8951 184d | 8bd9 4d8b | c249 c1e0 | 034d 33c3 | 49c1 e816 | 4d85 c074 | 1f45 85d2 | 741a 49c1 
  0x000002159eb318c8: eb09 48b9 | 0000 b1ac | 1502 0000 | 4903 cb80 | 3902 0f85 | a81e 0000 | f083 4424 | c000 4180 
  0x000002159eb318e8: 7f40 000f | 8509 1e00 | 0044 8b53 | 0c45 8951 | 104d 8bd9 | 4d8b c249 | c1e0 034d | 33c3 49c1 
  0x000002159eb31908: e816 4d85 | c074 1f45 | 85d2 741a | 49c1 eb09 | 48b9 0000 | b1ac 1502 | 0000 4903 | cb80 3902 
  0x000002159eb31928: 0f85 b41e | 0000 4180 | 7f40 000f | 858a 1d00 | 0044 8b5b | 1445 8959 | 284d 8bd1 | 4d8b c349 
  0x000002159eb31948: c1e0 034d | 33c2 49c1 | e816 4d85 | c074 1f45 | 85db 741a | 49c1 ea09 | 48b9 0000 | b1ac 1502 
  0x000002159eb31968: 0000 4903 | ca80 3902 | 0f85 bb1d | 0000 4c89 

  0x000002159eb31978: ;   {oop(a 'com/jetbrains/internal/IoOverNio$Debug'{0x0000000600e648f8})}
  0x000002159eb31978: 4c24 6848 | baf8 48e6 | 0006 0000 | 0066 6690 

  0x000002159eb31988: ;   {optimized virtual_call}
  0x000002159eb31988: c5f8 77e8 

  0x000002159eb3198c: ; ImmutableOopMap {[32]=Oop [48]=NarrowOop [56]=Oop [72]=Oop [80]=NarrowOop [88]=Oop [96]=Oop [104]=Oop [120]=Oop [128]=NarrowOop [136]=Oop [176]=NarrowOop }
                      ;*invokevirtual writeTraces {reexecute=0 rethrow=0 return_oop=0}
                      ; - java.io.FileInputStream::<init>@274
                      ; - jdk.internal.loader.URLClassPath$FileLoader$1::getInputStream@8
                      ; - jdk.internal.loader.Resource::cachedInputStream@9
                      ; - jdk.internal.loader.Resource::getByteBuffer@1
                      ; - java.net.URLClassLoader::defineClass@132
                      ; - java.net.URLClassLoader$1::run@43
                      ; - java.net.URLClassLoader$1::run@1
  0x000002159eb3198c: b00a e3ff 

  0x000002159eb31990: ;   {other}
  0x000002159eb31990: 0f1f 8400 | 003b 002e | 85c0 0f85 | 1439 0000 | 488b 5c24 | 684c 8b8c | 24f8 0000 | 00e9 97db 
  0x000002159eb319b0: ffff 448b | 4314 4585 | c00f 8457 | d8ff ff4d | 8b4f 2849 | 8bc8 48c1 | e103 4d85 | c90f 84b1 
  0x000002159eb319d0: 2100 004d | 8b47 384b | 894c 08f8 | 4983 c1f8 | 4d89 4f28 | e92d d8ff | ff4d 8b5f | 584d 8b47 
  0x000002159eb319f0: 48f0 8344 | 24c0 0080 | 3900 0f84 | 4ad8 ffff | 4488 214d | 85c0 755c | 4889 5c24 | 604c 896c 
  0x000002159eb31a10: 2450 48ff | 7424 2048 | 8f44 2448 | 4489 5424 | 344c 8b6c | 2428 498b | d7c5 f877 | 49ba 9022 
  0x000002159eb31a30: cec7 fe7f | 0000 41ff 

  0x000002159eb31a38: ;   {other}
  0x000002159eb31a38: d20f 1f84 | 0000 0000 | 004c 896c | 2428 448b | 5424 3448 | ff74 2448 | 488f 4424 | 204c 8b6c 
  0x000002159eb31a58: 2450 488b | 5c24 60e9 | e6d7 ffff | 4b89 4c03 | f849 83c0 | f84d 8947 | 48e9 d4d7 | ffff c4e1 
  0x000002159eb31a78: f96e c748 | 895c 2470 | 4c89 6c24 | 6048 ff74 | 2420 488f | 4424 5044 | 8954 2448 | 48ff 7424 
  0x000002159eb31a98: 2848 8f44 | 2420 4d8b | ee4c 63c5 | 4d8d 5010 | 4d8b ca49 | 83e1 f849 | 8bfb 4903 | f949 8beb 
  0x000002159eb31ab8: 49c1 ea03 | 492b ca48 | 33c0 4883 | f908 7f10 | 48ff c978 | 4f48 8904 | cf48 ffc9 | 7df7 eb44 
  0x000002159eb31ad8: c5f5 efc9 | e90d 0000 | 00c5 fe7f | 0fc5 fe7f | 4f20 4883 | c740 4883 | e908 7ded | 4883 c104 
  0x000002159eb31af8: 7c0c c5fe | 7f0f 4883 | c720 4883 | e904 4883 | c104 7e10 | 48ff c9c5 | f9d6 0f48 | 83c7 0848 
  0x000002159eb31b18: ffc9 7df3 | 488b cac4 | e1f9 7ec2 | c5f8 7749 | bac0 9232 | 9e15 0200 | 0041 ffd2 

  0x000002159eb31b34: ;   {other}
  0x000002159eb31b34: 0f1f 8400 | 0000 0000 | 4d8b f548 | ff74 2420 | 488f 4424 | 2844 8b54 | 2448 48ff | 7424 5048 
  0x000002159eb31b54: 8f44 2420 | 4c8b 6c24 | 6048 8b5c | 2470 4c8b | dde9 a1d6 

  0x000002159eb31b68: ;   {metadata('jdk/internal/loader/URLClassPath$FileLoader$1')}
  0x000002159eb31b68: ffff 4181 | fbe0 0c5f | 000f 85d1 | 2e00 0033 | c0e9 9dd8 | ffff 410f | b65c cc11 | 85db 0f85 
  0x000002159eb31b88: 9fd7 ffff | 4c89 8c24 | 8800 0000 | 894c 2454 | 4c89 5c24 | 784c 896c | 2470 48ff | 7424 2048 
  0x000002159eb31ba8: 8f44 2460 | 4489 5424 | 5048 8944 | 24f8 8b44 | 2430 8944 | 2424 488b | 4424 f84c | 8974 2448 
  0x000002159eb31bc8: 4889 4424 | f88b 4424 | 6c89 4424 | 2048 8b44 | 24f8 6690 

  0x000002159eb31bdc: ;   {static_call}
  0x000002159eb31bdc: c5f8 77e8 

  0x000002159eb31be0: ; ImmutableOopMap {[36]=NarrowOop [56]=Oop [72]=Oop [80]=NarrowOop [84]=NarrowOop [88]=Oop [96]=Oop [112]=Oop [120]=Oop [136]=Oop [168]=Oop [176]=NarrowOop [184]=Oop }
                      ;*invokestatic beginInit {reexecute=0 rethrow=0 return_oop=1}
                      ; - java.util.jar.JarFile::ensureInitialization@31
                      ; - java.util.jar.JavaUtilJarAccessImpl::ensureInitialization@1
                      ; - jdk.internal.loader.URLClassPath$JarLoader$2::getManifest@10
                      ; - java.net.URLClassLoader::defineClass@34
                      ; - java.net.URLClassLoader$1::run@43
                      ; - java.net.URLClassLoader$1::run@1
  0x000002159eb31be0: c45f 0000 

  0x000002159eb31be4: ;   {other}
  0x000002159eb31be4: 0f1f 8400 | 543d 002f | 4889 4424 | 6848 8b94 | 2488 0000 | 0066 6690 

  0x000002159eb31bfc: ;   {optimized virtual_call}
  0x000002159eb31bfc: c5f8 77e8 

  0x000002159eb31c00: ; ImmutableOopMap {[36]=NarrowOop [56]=Oop [72]=Oop [80]=NarrowOop [84]=NarrowOop [88]=Oop [96]=Oop [104]=Oop [112]=Oop [120]=Oop [136]=Oop [168]=Oop [176]=NarrowOop [184]=Oop }
                      ;*invokevirtual initializeVerifier {reexecute=0 rethrow=0 return_oop=0}
                      ; - java.util.jar.JarFile::ensureInitialization@36
                      ; - java.util.jar.JavaUtilJarAccessImpl::ensureInitialization@1
                      ; - jdk.internal.loader.URLClassPath$JarLoader$2::getManifest@10
                      ; - java.net.URLClassLoader::defineClass@34
                      ; - java.net.URLClassLoader$1::run@43
                      ; - java.net.URLClassLoader$1::run@1
  0x000002159eb31c00: b35f 0000 

  0x000002159eb31c04: ;   {other}
  0x000002159eb31c04: 0f1f 8400 | 743d 0030 | 448b 5c24 | 5443 c644 | dc11 0148 | 8b54 2468 | 48ff 7424 | 7848 8f44 
  0x000002159eb31c24: 2468 6690 

  0x000002159eb31c28: ;   {static_call}
  0x000002159eb31c28: c5f8 77e8 

  0x000002159eb31c2c: ; ImmutableOopMap {[36]=NarrowOop [56]=Oop [72]=Oop [80]=NarrowOop [88]=Oop [96]=Oop [104]=Oop [112]=Oop [120]=Oop [136]=Oop [168]=Oop [176]=NarrowOop [184]=Oop }
                      ;*invokestatic endInit {reexecute=0 rethrow=0 return_oop=0}
                      ; - java.util.jar.JarFile::ensureInitialization@45
                      ; - java.util.jar.JavaUtilJarAccessImpl::ensureInitialization@1
                      ; - jdk.internal.loader.URLClassPath$JarLoader$2::getManifest@10
                      ; - java.net.URLClassLoader::defineClass@34
                      ; - java.net.URLClassLoader$1::run@43
                      ; - java.net.URLClassLoader$1::run@1
  0x000002159eb31c2c: 965f 0000 

  0x000002159eb31c30: ;   {other}
  0x000002159eb31c30: 0f1f 8400 | a03d 0031 | 4889 4424 | f88b 4424 | 2089 4424 | 6c48 8b44 | 24f8 4c8b | 7424 4848 
  0x000002159eb31c50: 8944 24f8 | 8b44 2424 | 8944 2430 | 488b 4424 | f844 8b54 | 2450 48ff | 7424 6048 | 8f44 2420 
  0x000002159eb31c70: 4c8b 6c24 | 704c 8b5c | 2478 4c8b | 8c24 8800 | 0000 e9a4 | d6ff ff4c | 8b74 2448 | 458b 560c 
  0x000002159eb31c90: 4585 d20f | 84c0 d8ff | ff4d 8b5f | 2849 8bca | 48c1 e103 | 4d85 db0f | 849f 1f00 | 004d 8b57 
  0x000002159eb31cb0: 384b 894c | 1af8 4983 | c3f8 4d89 | 5f28 e996 | d8ff ff4d | 8b57 484d | 8b5f 58f0 | 8344 24c0 
  0x000002159eb31cd0: 0041 8039 | 000f 84b1 | d8ff ff45 | 8821 4d85 | d275 2349 | 8bc9 498b | d7c5 f877 | 49ba 9022 
  0x000002159eb31cf0: cec7 fe7f | 0000 41ff 

  0x000002159eb31cf8: ;   {other}
  0x000002159eb31cf8: d20f 1f84 | 0000 0000 | 00e9 86d8 | ffff 4f89 | 4c13 f849 | 83c2 f84d | 8957 48e9 | 74d8 ffff 
  0x000002159eb31d18: 488b 5424 | 504c 8b84 | 24b8 0000 | 004c 8b4c | 2428 488b | 7c24 2848 | 8b74 2428 | 488b 4c24 
  0x000002159eb31d38: 284c 8b54 | 2428 4c89 | 1424 4c8b | 5424 284c | 8954 2408 | 4c8b 5424 | 284c 8954 | 2410 6690 
  0x000002159eb31d58: ;   {optimized virtual_call}
  0x000002159eb31d58: c5f8 77e8 

  0x000002159eb31d5c: ; ImmutableOopMap {[32]=Oop [48]=NarrowOop [52]=NarrowOop [56]=Oop [72]=Oop [80]=Oop [88]=Oop [168]=Oop [176]=NarrowOop [184]=Oop }
                      ;*invokevirtual definePackage {reexecute=0 rethrow=0 return_oop=1}
                      ; - java.net.URLClassLoader::defineClass@81
                      ; - java.net.URLClassLoader$1::run@43
                      ; - java.net.URLClassLoader$1::run@1
  0x000002159eb31d5c: e0a7 e2ef 

  0x000002159eb31d60: ;   {other}
  0x000002159eb31d60: 0f1f 8400 | d03e 0032 | e92b dbff 

  0x000002159eb31d6c: ;   {metadata('java/util/jar/JarFile')}
  0x000002159eb31d6c: ff81 fd30 | e208 000f | 851b 3600 | 0048 8b94 | 2488 0000 | 0066 6690 

  0x000002159eb31d84: ;   {optimized virtual_call}
  0x000002159eb31d84: c5f8 77e8 

  0x000002159eb31d88: ; ImmutableOopMap {[32]=Oop [56]=NarrowOop [72]=Oop [84]=NarrowOop [88]=Oop [96]=Oop [104]=NarrowOop [112]=Oop [120]=Oop [128]=Oop [136]=Oop [176]=NarrowOop [184]=Oop }
                      ;*invokevirtual getManifest {reexecute=0 rethrow=0 return_oop=1}
                      ; - java.util.jar.JarFile::maybeInstantiateVerifier@31
                      ; - java.util.jar.JarFile::ensureInitialization@1
                      ; - java.util.jar.JavaUtilJarAccessImpl::ensureInitialization@1
                      ; - jdk.internal.loader.URLClassPath$JarLoader$2::getManifest@10
                      ; - java.net.URLClassLoader::defineClass@34
                      ; - java.net.URLClassLoader$1::run@43
                      ; - java.net.URLClassLoader$1::run@1
  0x000002159eb31d88: f4cc 80ff 

  0x000002159eb31d8c: ;   {other}
  0x000002159eb31d8c: 0f1f 8400 | fc3e 0033 | 48ff 7424 | 2048 8f84 | 24a8 0000 | 004c 8b74 | 2448 48ff | 7424 3048 
  0x000002159eb31dac: 8f44 2428 | 4889 4424 | f88b 4424 | 3889 4424 | 3048 8b44 | 24f8 48ff | 7424 6048 | 8f44 2438 
  0x000002159eb31dcc: 448b 5424 | 5448 ff74 | 2470 488f | 4424 204c | 8b6c 2478 | 4c8b 9c24 | 8000 0000 | 8b4c 2468 
  0x000002159eb31dec: 4c8b 8c24 | 8800 0000 | e927 d5ff | ff49 bb00 | 00b1 ac15 | 0200 0041 | ba02 0000 | 004c 899c 
  0x000002159eb31e0c: 24f8 0000 | 0044 8994 | 24f4 0000 | 004d 8b97 | b801 0000 | 4d8b da49 | 83c3 204d | 3b9f c801 
  0x000002159eb31e2c: 0000 0f83 | 1d24 0000 | 4d89 9fb8 | 0100 0041 | 0f0d 8b00 | 0100 0049 | c702 0100 

  0x000002159eb31e48: ;   {metadata('java/lang/ThreadLocal$ThreadLocalMap$Entry')}
  0x000002159eb31e48: 0000 41c7 | 4208 d037 | 0000 4d89 | 6210 4d89 

  0x000002159eb31e58: ;   {oop(a 'java/lang/ThreadLocal'{0x0000000600e64548})}
  0x000002159eb31e58: 6218 41c7 | 420c a9c8 | 1cc0 498b | da41 807f | 4000 0f85 | 311e 0000 

  0x000002159eb31e70: ;   {oop(a 'java/lang/ref/ReferenceQueue$Null'{0x0000000600409cb8})}
  0x000002159eb31e70: 4c8b d341 | c742 1097 

  0x000002159eb31e78: ;   {oop(a 'java/lang/ref/ReferenceQueue$Null'{0x0000000600409cb8})}
  0x000002159eb31e78: 1308 c049 | bab8 9c40 | 0006 0000 | 004c 8bdb | 4d33 d349 | c1ea 164d | 85d2 741a | 49c1 eb09 
  0x000002159eb31e98: 48b9 0000 | b1ac 1502 | 0000 4903 | cb80 3902 | 0f85 9a1e | 0000 f083 | 4424 c000 | 4180 7f40 
  0x000002159eb31eb8: 000f 8519 | 1e00 004c | 8bd3 448b | 8424 b400 | 0000 4589 | 421c 4c8b | 5424 684c | 8bdb 4d33 
  0x000002159eb31ed8: d349 c1ea | 164d 85d2 | 741a 49c1 | eb09 48b9 | 0000 b1ac | 1502 0000 | 4903 cb80 | 3902 0f85 
  0x000002159eb31ef8: 9d1e 0000 | 448b 9424 | a400 0000 | 443b 5424 | 740f 83e5 | 3400 004a | 8d7c 9510 | 4180 7f40 
  0x000002159eb31f18: 000f 85f3 | 1d00 004c | 8bd7 4c8b | db4d 33da | 4c8b c349 | c1e8 0344 | 8907 49c1 | eb16 4d85 
  0x000002159eb31f38: db74 1a49 | c1ea 0948 | b900 00b1 | ac15 0200 | 0049 03ca | 8039 020f | 8595 1e00 | 0044 8b94 
  0x000002159eb31f58: 2484 0000 | 0047 8b5c | d40c 41ff | c341 8beb | 448b 9424 | 8400 0000 | 4789 5cd4 | 0c48 8b94 
  0x000002159eb31f78: ;   {no_reloc}
  0x000002159eb31f78: 24a8 0000 | 0044 8b84 | 24a4 0000 | 0045 8bcb 

  0x000002159eb31f88: ;   {optimized virtual_call}
  0x000002159eb31f88: c5f8 77e8 

  0x000002159eb31f8c: ; ImmutableOopMap {[32]=Oop [48]=NarrowOop [56]=Oop [72]=Oop [80]=NarrowOop [88]=Oop [96]=Oop [104]=Oop [120]=Oop [128]=NarrowOop [132]=NarrowOop [136]=Oop [144]=Oop [152]=Oop [160]=NarrowOop [168]=Oop [176]=NarrowOop }
                      ;*invokevirtual cleanSomeSlots {reexecute=0 rethrow=0 return_oop=0}
                      ; - java.lang.ThreadLocal$ThreadLocalMap::set@113
                      ; - java.lang.ThreadLocal::set@13
                      ; - java.lang.ThreadLocal::set@5
                      ; - java.io.IoOverNioFileSystem::initializeStreamUsingNio@4
                      ; - java.io.FileInputStream::<init>@197
                      ; - jdk.internal.loader.URLClassPath$FileLoader$1::getInputStream@8
                      ; - jdk.internal.loader.Resource::cachedInputStream@9
                      ; - jdk.internal.loader.Resource::getByteBuffer@1
                      ; - java.net.URLClassLoader::defineClass@132
                      ; - java.net.URLClassLoader$1::run@43
                      ; - java.net.URLClassLoader$1::run@1
  0x000002159eb31f8c: b0b7 2100 

  0x000002159eb31f90: ;   {other}
  0x000002159eb31f90: 0f1f 8400 | 0041 0034 | 85c0 0f85 | 4036 0000 | 448b 9c24 | 8400 0000 | 478b 54dc | 1044 8bdd 
  0x000002159eb31fb0: 453b da0f | 8c76 f4ff | ff48 8b94 | 24a8 0000 | 0066 6690 

  0x000002159eb31fc4: ;   {optimized virtual_call}
  0x000002159eb31fc4: c5f8 77e8 

  0x000002159eb31fc8: ; ImmutableOopMap {[32]=Oop [48]=NarrowOop [56]=Oop [72]=Oop [80]=NarrowOop [88]=Oop [96]=Oop [104]=Oop [120]=Oop [128]=NarrowOop [136]=Oop [144]=Oop [152]=Oop [160]=NarrowOop [176]=NarrowOop }
                      ;*invokevirtual rehash {reexecute=0 rethrow=0 return_oop=0}
                      ; - java.lang.ThreadLocal$ThreadLocalMap::set@129
                      ; - java.lang.ThreadLocal::set@13
                      ; - java.lang.ThreadLocal::set@5
                      ; - java.io.IoOverNioFileSystem::initializeStreamUsingNio@4
                      ; - java.io.FileInputStream::<init>@197
                      ; - jdk.internal.loader.URLClassPath$FileLoader$1::getInputStream@8
                      ; - jdk.internal.loader.Resource::cachedInputStream@9
                      ; - jdk.internal.loader.Resource::getByteBuffer@1
                      ; - java.net.URLClassLoader::defineClass@132
                      ; - java.net.URLClassLoader$1::run@43
                      ; - java.net.URLClassLoader$1::run@1
  0x000002159eb31fc8: 555b 0000 

  0x000002159eb31fcc: ;   {other}
  0x000002159eb31fcc: 0f1f 8400 | 3c41 0035 | e956 f4ff 

  0x000002159eb31fd8: ;   {oop(a 'java/io/File$PathStatus'{0x0000000600d2fea0})}
  0x000002159eb31fd8: ff81 fdd4 | 5f1a c00f | 85e4 e2ff | ffba 45ff | ffff 4c8b | 5424 584c | 8954 2420 | 4c8b 5424 
  0x000002159eb31ff8: 484c 8954 | 2438 448b | 5424 5044 | 8954 2448 

  0x000002159eb32008: ;   {runtime_call UncommonTrapBlob}
  0x000002159eb32008: c5f8 77e8 

  0x000002159eb3200c: ; ImmutableOopMap {rbp=NarrowOop [32]=Oop [48]=NarrowOop [56]=Oop [72]=NarrowOop [104]=Oop [120]=Oop [128]=NarrowOop [176]=NarrowOop }
                      ;*if_acmpne {reexecute=1 rethrow=0 return_oop=0}
                      ; - (reexecute) java.io.File::isInvalid@38
                      ; - java.io.FileInputStream::<init>@66
                      ; - jdk.internal.loader.URLClassPath$FileLoader$1::getInputStream@8
                      ; - jdk.internal.loader.Resource::cachedInputStream@9
                      ; - jdk.internal.loader.Resource::getByteBuffer@1
                      ; - java.net.URLClassLoader::defineClass@132
                      ; - java.net.URLClassLoader$1::run@43
                      ; - java.net.URLClassLoader$1::run@1
  0x000002159eb3200c: 7023 81ff 

  0x000002159eb32010: ;   {other}
  0x000002159eb32010: 0f1f 8400 | 8041 0036 

  0x000002159eb32018: ;   {metadata('java/nio/file/OpenOption')}
  0x000002159eb32018: 48b8 b806 | 0800 0800 | 0000 4833 | ff4c 8b9e | a000 0000 | 498b d348 | c1e2 2f0f | 8921 0000 
  0x000002159eb32038: 00f3 480f | b8d2 488b | 5e28 483b | 04d3 7415 | 490f bae3 | 1173 0b49 

  0x000002159eb32050: ;   {runtime_call StubRoutines (compiler stubs)}
  0x000002159eb32050: c1cb 10e8 | bfec 82ff | eb03 48ff | c748 85ff | 0f84 9cf5 | ffff bade | ffff ff4c | 8b54 2458 
  0x000002159eb32070: 4c89 5424 | 204c 8b54 | 2448 4c89 | 5424 3844 | 8b54 2450 | 4489 5424 | 484c 8b54 | 2478 4c89 
  0x000002159eb32090: 5424 584c | 8954 2460 

  0x000002159eb32098: ;   {runtime_call UncommonTrapBlob}
  0x000002159eb32098: c5f8 77e8 

  0x000002159eb3209c: ; ImmutableOopMap {rbp=NarrowOop [32]=Oop [48]=NarrowOop [56]=Oop [72]=NarrowOop [88]=Oop [96]=Oop [104]=Oop [128]=NarrowOop [144]=Oop [160]=NarrowOop [176]=NarrowOop }
                      ;*checkcast {reexecute=0 rethrow=0 return_oop=0}
                      ; - sun.nio.fs.WindowsChannelFactory$Flags::toFlags@30
                      ; - sun.nio.fs.WindowsChannelFactory::newFileChannel@1
                      ; - sun.nio.fs.WindowsFileSystemProvider::newFileChannel@55
                      ; - java.io.IoOverNioFileSystem::initializeStreamsUsingNio0@14
                      ; - java.io.IoOverNioFileSystem::initializeStreamUsingNio@15
                      ; - java.io.FileInputStream::<init>@197
                      ; - jdk.internal.loader.URLClassPath$FileLoader$1::getInputStream@8
                      ; - jdk.internal.loader.Resource::cachedInputStream@9
                      ; - jdk.internal.loader.Resource::getByteBuffer@1
                      ; - java.net.URLClassLoader::defineClass@132
                      ; - java.net.URLClassLoader$1::run@43
                      ; - java.net.URLClassLoader$1::run@1
  0x000002159eb3209c: e022 81ff 

  0x000002159eb320a0: ;   {other}
  0x000002159eb320a0: 0f1f 8400 | 1042 0037 

  0x000002159eb320a8: ;   {oop(a 'java/nio/file/LinkOption'{0x0000000600ea3330})}
  0x000002159eb320a8: 49ba 3033 | ea00 0600 | 0000 4c8b | 9c24 9800 | 0000 4d3b | da0f 84b8 

  0x000002159eb320c0: ;   {oop(a 'sun/nio/fs/WindowsChannelFactory$1'{0x0000000600ea3960})}
  0x000002159eb320c0: 3600 0049 | ba60 39ea | 0006 0000 | 004d 3bda | 0f84 3637 

  0x000002159eb320d4: ;   {oop(a 'sun/nio/fs/ExtendedOptions$InternalOption'{0x0000000600ea3970})}
  0x000002159eb320d4: 0000 48ba | 7039 ea00 | 0600 0000 | 4d8b c390 

  0x000002159eb320e4: ;   {optimized virtual_call}
  0x000002159eb320e4: c5f8 77e8 

  0x000002159eb320e8: ; ImmutableOopMap {[32]=Oop [48]=NarrowOop [56]=Oop [72]=Oop [80]=NarrowOop [88]=Oop [96]=Oop [104]=Oop [112]=NarrowOop [120]=Oop [128]=NarrowOop [136]=Oop [144]=Oop [152]=Oop [160]=NarrowOop [168]=Oop [176]=NarrowOop [184]=Oop }
                      ;*invokevirtual matches {reexecute=0 rethrow=0 return_oop=0}
                      ; - sun.nio.fs.WindowsChannelFactory$Flags::toFlags@230
                      ; - sun.nio.fs.WindowsChannelFactory::newFileChannel@1
                      ; - sun.nio.fs.WindowsFileSystemProvider::newFileChannel@55
                      ; - java.io.IoOverNioFileSystem::initializeStreamsUsingNio0@14
                      ; - java.io.IoOverNioFileSystem::initializeStreamUsingNio@15
                      ; - java.io.FileInputStream::<init>@197
                      ; - jdk.internal.loader.URLClassPath$FileLoader$1::getInputStream@8
                      ; - jdk.internal.loader.Resource::cachedInputStream@9
                      ; - jdk.internal.loader.Resource::getByteBuffer@1
                      ; - java.net.URLClassLoader::defineClass@132
                      ; - java.net.URLClassLoader$1::run@43
                      ; - java.net.URLClassLoader$1::run@1
  0x000002159eb320e8: 94c9 80ff 

  0x000002159eb320ec: ;   {other}
  0x000002159eb320ec: 0f1f 8400 | 5c42 0038 | 85c0 0f85 | a037 0000 

  0x000002159eb320fc: ;   {oop(a 'sun/nio/fs/ExtendedOptions$InternalOption'{0x0000000600ea3980})}
  0x000002159eb320fc: 48ba 8039 | ea00 0600 | 0000 4c8b | 8424 9800 | 0000 6690 

  0x000002159eb32110: ;   {optimized virtual_call}
  0x000002159eb32110: c5f8 77e8 

  0x000002159eb32114: ; ImmutableOopMap {[32]=Oop [48]=NarrowOop [56]=Oop [72]=Oop [80]=NarrowOop [88]=Oop [96]=Oop [104]=Oop [112]=NarrowOop [120]=Oop [128]=NarrowOop [136]=Oop [144]=Oop [152]=Oop [160]=NarrowOop [168]=Oop [176]=NarrowOop [184]=Oop }
                      ;*invokevirtual matches {reexecute=0 rethrow=0 return_oop=0}
                      ; - sun.nio.fs.WindowsChannelFactory$Flags::toFlags@248
                      ; - sun.nio.fs.WindowsChannelFactory::newFileChannel@1
                      ; - sun.nio.fs.WindowsFileSystemProvider::newFileChannel@55
                      ; - java.io.IoOverNioFileSystem::initializeStreamsUsingNio0@14
                      ; - java.io.IoOverNioFileSystem::initializeStreamUsingNio@15
                      ; - java.io.FileInputStream::<init>@197
                      ; - jdk.internal.loader.URLClassPath$FileLoader$1::getInputStream@8
                      ; - jdk.internal.loader.Resource::cachedInputStream@9
                      ; - jdk.internal.loader.Resource::getByteBuffer@1
                      ; - java.net.URLClassLoader::defineClass@132
                      ; - java.net.URLClassLoader$1::run@43
                      ; - java.net.URLClassLoader$1::run@1
  0x000002159eb32114: 68c9 80ff 

  0x000002159eb32118: ;   {other}
  0x000002159eb32118: 0f1f 8400 | 8842 0039 | 85c0 0f85 | fc37 0000 

  0x000002159eb32128: ;   {oop(a 'sun/nio/fs/ExtendedOptions$InternalOption'{0x0000000600ea3990})}
  0x000002159eb32128: 48ba 9039 | ea00 0600 | 0000 4c8b | 8424 9800 | 0000 6690 

  0x000002159eb3213c: ;   {optimized virtual_call}
  0x000002159eb3213c: c5f8 77e8 

  0x000002159eb32140: ; ImmutableOopMap {[32]=Oop [48]=NarrowOop [56]=Oop [72]=Oop [80]=NarrowOop [88]=Oop [96]=Oop [104]=Oop [112]=NarrowOop [120]=Oop [128]=NarrowOop [136]=Oop [144]=Oop [152]=Oop [160]=NarrowOop [168]=Oop [176]=NarrowOop [184]=Oop }
                      ;*invokevirtual matches {reexecute=0 rethrow=0 return_oop=0}
                      ; - sun.nio.fs.WindowsChannelFactory$Flags::toFlags@266
                      ; - sun.nio.fs.WindowsChannelFactory::newFileChannel@1
                      ; - sun.nio.fs.WindowsFileSystemProvider::newFileChannel@55
                      ; - java.io.IoOverNioFileSystem::initializeStreamsUsingNio0@14
                      ; - java.io.IoOverNioFileSystem::initializeStreamUsingNio@15
                      ; - java.io.FileInputStream::<init>@197
                      ; - jdk.internal.loader.URLClassPath$FileLoader$1::getInputStream@8
                      ; - jdk.internal.loader.Resource::cachedInputStream@9
                      ; - jdk.internal.loader.Resource::getByteBuffer@1
                      ; - java.net.URLClassLoader::defineClass@132
                      ; - java.net.URLClassLoader$1::run@43
                      ; - java.net.URLClassLoader$1::run@1
  0x000002159eb32140: 3cc9 80ff 

  0x000002159eb32144: ;   {other}
  0x000002159eb32144: 0f1f 8400 | b442 003a | 85c0 0f84 | 5838 0000 | 4c8b 9424 | a800 0000 | 4588 621a | e9f4 f4ff 
  0x000002159eb32164: ff4c 8bd7 | 895c 2450 | 4889 7424 | 4844 894c | 2444 4489 | 5c24 4089 | 4c24 2c4c | 8944 2438 
  0x000002159eb32184: 4c89 5424 | 304c 896c | 2420 488b 

  0x000002159eb32190: ;   {metadata({type array byte})}
  0x000002159eb32190: 6c24 5848 | bac8 0a04 | 0008 0000 | 0044 8b44 | 2450 4889 | 4424 5890 

  0x000002159eb321a8: ;   {runtime_call _new_array_Java}
  0x000002159eb321a8: c5f8 77e8 

  0x000002159eb321ac: ; ImmutableOopMap {rbp=Oop [32]=Oop [48]=Oop [56]=Oop }
                      ;*invokevirtual allocateUninitializedArray0 {reexecute=0 rethrow=0 return_oop=1}
                      ; - jdk.internal.misc.Unsafe::allocateUninitializedArray@51
                      ; - java.lang.StringConcatHelper::newArray@33
                      ; - java.lang.StringConcatHelper::simpleConcat@61
                      ; - java.lang.String::concat@11
                      ; - java.net.URLClassLoader$1::run@13
                      ; - java.net.URLClassLoader$1::run@1
  0x000002159eb321ac: 50d2 8cff 

  0x000002159eb321b0: ;   {other}
  0x000002159eb321b0: 0f1f 8400 | 2043 003b | 4889 6c24 | 5848 ff74 | 2420 488f | 4424 6048 | 8b7c 2430 | 4c8b 4424 
  0x000002159eb321d0: 388b 4c24 | 2c44 8b5c | 2440 448b | 4c24 4448 | 8b74 2448 | 8b5c 2450 | 488b e8e9 | 7bcc ffff 
  0x000002159eb321f0: ;   {metadata('java/lang/String')}
  0x000002159eb321f0: 48ba 9020 | 0400 0800 | 0000 6690 

  0x000002159eb321fc: ;   {runtime_call _new_instance_Java}
  0x000002159eb321fc: c5f8 77e8 

  0x000002159eb32200: ; ImmutableOopMap {rbp=Oop [88]=Oop [96]=Oop }
                      ;*new {reexecute=0 rethrow=0 return_oop=1}
                      ; - java.lang.StringConcatHelper::newString@6
                      ; - java.lang.StringConcatHelper::simpleConcat@90
                      ; - java.lang.String::concat@11
                      ; - java.net.URLClassLoader$1::run@13
                      ; - java.net.URLClassLoader$1::run@1
  0x000002159eb32200: fcce 8cff 

  0x000002159eb32204: ;   {other}
  0x000002159eb32204: 0f1f 8400 | 7443 003c | 4c8b c0e9 | 13cd ffff | 4c89 4424 | 5089 7424 | 4c89 7c24 | 484c 896c 
  0x000002159eb32224: 2440 4c89 | 7424 3889 | 5c24 3044 | 894c 242c | 894c 2428 

  0x000002159eb32238: ;   {metadata({type array byte})}
  0x000002159eb32238: 48ba c80a | 0400 0800 | 0000 448b | c366 6690 

  0x000002159eb32248: ;   {runtime_call _new_array_Java}
  0x000002159eb32248: c5f8 77e8 

  0x000002159eb3224c: ; ImmutableOopMap {[40]=NarrowOop [44]=NarrowOop [56]=Oop [64]=Oop [80]=Oop [88]=Oop }
                      ;*invokevirtual allocateUninitializedArray0 {reexecute=0 rethrow=0 return_oop=1}
                      ; - jdk.internal.misc.Unsafe::allocateUninitializedArray@51
                      ; - java.lang.StringConcatHelper::newArray@33
                      ; - java.lang.StringLatin1::replace@49
                      ; - java.lang.String::replace@18
                      ; - java.net.URLClassLoader$1::run@8
                      ; - java.net.URLClassLoader$1::run@1
  0x000002159eb3224c: b0d1 8cff 

  0x000002159eb32250: ;   {other}
  0x000002159eb32250: 0f1f 8400 | c043 003d | 8b4c 2428 | 448b 4c24 | 2c8b 5c24 | 304c 8b74 | 2438 48ff | 7424 4048 
  0x000002159eb32270: 8f44 2438 | 8b7c 2448 | 8b74 244c | 4c8b 4424 | 504c 8bd0 | e9ae c8ff 

  0x000002159eb32288: ;   {metadata('java/lang/String')}
  0x000002159eb32288: ff48 ba90 | 2004 0008 | 0000 0049 | 8bee 4c89 | 5424 3090 

  0x000002159eb3229c: ;   {runtime_call _new_instance_Java}
  0x000002159eb3229c: c5f8 77e8 

  0x000002159eb322a0: ; ImmutableOopMap {rbp=Oop [48]=Oop [56]=Oop [88]=Oop }
                      ;*new {reexecute=0 rethrow=0 return_oop=1}
                      ; - java.lang.StringLatin1::replace@116
                      ; - java.lang.String::replace@18
                      ; - java.net.URLClassLoader$1::run@8
                      ; - java.net.URLClassLoader$1::run@1
  0x000002159eb322a0: 5cce 8cff 

  0x000002159eb322a4: ;   {other}
  0x000002159eb322a4: 0f1f 8400 | 1444 003e | 4c8b c04c | 8b54 2430 | e9c5 caff | ff44 8b5b | 0c45 85db | 0f84 de37 
  0x000002159eb322c4: 0000 448b | 9c24 a400 | 0000 41ff | c344 3b5c | 2474 0f8d | 6819 0000 | 458b c344 | 3b44 2474 
  0x000002159eb322e4: 0f83 6232 | 0000 468b | 5485 104d | 8b9f 5004 

  0x000002159eb322f4: ; ImmutableOopMap {r10=NarrowOop rbp=Oop [32]=Oop [48]=NarrowOop [56]=Oop [72]=Oop [80]=NarrowOop [88]=Oop [96]=Oop [104]=Oop [112]=NarrowOop [120]=Oop [128]=NarrowOop [132]=NarrowOop [136]=Oop [144]=Oop [152]=Oop [160]=NarrowOop [168]=Oop [176]=NarrowOop [180]=NarrowOop }
                      ;*goto {reexecute=1 rethrow=0 return_oop=0}
                      ; - (reexecute) java.lang.ThreadLocal$ThreadLocalMap::set@79
                      ; - java.lang.ThreadLocal::set@13
                      ; - java.lang.ThreadLocal::set@5
                      ; - java.io.IoOverNioFileSystem::initializeStreamUsingNio@4
                      ; - java.io.FileInputStream::<init>@197
                      ; - jdk.internal.loader.URLClassPath$FileLoader$1::getInputStream@8
                      ; - jdk.internal.loader.Resource::cachedInputStream@9
                      ; - jdk.internal.loader.Resource::getByteBuffer@1
                      ; - java.net.URLClassLoader::defineClass@132
                      ; - java.net.URLClassLoader$1::run@43
                      ; - java.net.URLClassLoader$1::run@1
                      ;   {poll}
  0x000002159eb322f4: 0000 4185 | 0345 85d2 | 0f84 3104 | 0000 4b8d | 1cd4 4489 | 8424 a400 | 0000 e9c6 | f0ff ff4c 
  0x000002159eb32314: 895c 2468 

  0x000002159eb32318: ;   {metadata('java/security/CodeSource')}
  0x000002159eb32318: 48ba 985e | 0500 0800 | 0000 4889 | 4424 f88b | 4424 4889 | 4424 3448 | 8b44 24f8 

  0x000002159eb32334: ;   {runtime_call _new_instance_Java}
  0x000002159eb32334: c5f8 77e8 

  0x000002159eb32338: ; ImmutableOopMap {[32]=Oop [40]=Oop [48]=NarrowOop [52]=NarrowOop [56]=Oop [80]=Oop [88]=Oop [96]=Oop [104]=Oop [176]=NarrowOop }
                      ;*new {reexecute=0 rethrow=0 return_oop=1}
                      ; - java.net.URLClassLoader::defineClass@190
                      ; - java.net.URLClassLoader$1::run@43
                      ; - java.net.URLClassLoader$1::run@1
  0x000002159eb32338: c4cd 8cff 

  0x000002159eb3233c: ;   {other}
  0x000002159eb3233c: 0f1f 8400 | ac44 0040 | e914 d4ff | ff4c 896c | 2478 48ff | 7424 2048 | 8f44 2470 | 4489 5424 
  0x000002159eb3235c: 6848 897c | 2460 48ff | 7424 3848 | 8f44 2450 | 4489 4c24 | 4c44 895c | 2448 4489 | 4424 3c48 
  0x000002159eb3237c: 8944 24f8 | 8b44 2430 | 8944 2424 | 488b 4424 | f848 ff74 | 2428 488f | 4424 304c | 8974 2428 
  0x000002159eb3239c: ;   {metadata('java/lang/String')}
  0x000002159eb3239c: 48ba 9020 | 0400 0800 | 0000 6690 

  0x000002159eb323a8: ;   {runtime_call _new_instance_Java}
  0x000002159eb323a8: c5f8 77e8 

  0x000002159eb323ac: ; ImmutableOopMap {[36]=NarrowOop [40]=Oop [60]=NarrowOop [80]=Oop [88]=Oop [96]=Oop [104]=NarrowOop [112]=Oop [120]=Oop [168]=Oop [176]=NarrowOop }
                      ;*new {reexecute=0 rethrow=0 return_oop=1}
                      ; - java.lang.StringLatin1::newString@7
                      ; - java.lang.String::substring@41
                      ; - java.net.URLClassLoader::defineClass@28
                      ; - java.net.URLClassLoader$1::run@43
                      ; - java.net.URLClassLoader$1::run@1
  0x000002159eb323ac: 50cd 8cff 

  0x000002159eb323b0: ;   {other}
  0x000002159eb323b0: 0f1f 8400 | 2045 0041 | 4c8b 7424 | 2848 ff74 | 2430 488f | 4424 2848 | 8944 24f8 | 8b44 2424 
  0x000002159eb323d0: 8944 2430 | 488b 4424 | f844 8b44 | 243c 448b | 5c24 4844 | 8b4c 244c | 48ff 7424 | 5048 8f44 
  0x000002159eb323f0: 2438 488b | 7c24 6044 | 8b54 2468 | 48ff 7424 | 7048 8f44 | 2420 4c8b | 6c24 7848 | 8bd8 e909 
  0x000002159eb32410: cdff ff4c | 8b94 24b8 | 0000 004c | 8994 24e0 | 0000 00e9 | 3cea ffff | 4c89 8424 | a000 0000 
  0x000002159eb32430: 4889 8c24 | 9800 0000 | 4889 9424 | 9000 0000 | 4889 9c24 | 8800 0000 | 4c89 ac24 | 8000 0000 
  0x000002159eb32450: 48ff 7424 | 2048 8f44 | 2478 4489 | 5424 7048 | ff74 2438 | 488f 4424 | 6044 894c | 2454 4889 
  0x000002159eb32470: 4424 f88b | 8424 b000 | 0000 8944 | 2450 488b | 4424 f848 | 8944 24f8 | 8b44 2430 | 8944 243c 
  0x000002159eb32490: 488b 4424 | f848 ff74 | 2428 488f | 4424 484c | 8974 2428 | 4889 4424 | f88b 4424 

  0x000002159eb324ac: ;   {no_reloc}
  0x000002159eb324ac: 6c89 4424 | 3848 8b44 | 24f8 48ff | b424 a800 | 0000 488f 

  0x000002159eb324c0: ;   {metadata({type array byte})}
  0x000002159eb324c0: 4424 3048 | bac8 0a04 | 0008 0000 | 0048 897c | 2468 458b | c166 6690 

  0x000002159eb324d8: ;   {runtime_call _new_array_nozero_Java}
  0x000002159eb324d8: c5f8 77e8 

  0x000002159eb324dc: ; ImmutableOopMap {[40]=Oop [48]=Oop [60]=NarrowOop [80]=NarrowOop [88]=Oop [96]=Oop [104]=Oop [144]=Derived_oop_[104] [112]=NarrowOop [120]=Oop [128]=Oop [136]=Oop }
                      ;*newarray {reexecute=0 rethrow=0 return_oop=1}
                      ; - java.util.Arrays::copyOfRangeByte@10
                      ; - java.util.Arrays::copyOfRange@13
                      ; - java.lang.StringLatin1::newString@16
                      ; - java.lang.String::substring@41
                      ; - java.net.URLClassLoader::defineClass@28
                      ; - java.net.URLClassLoader$1::run@43
                      ; - java.net.URLClassLoader$1::run@1
  0x000002159eb324dc: 20d2 8cff 

  0x000002159eb324e0: ;   {other}
  0x000002159eb324e0: 0f1f 8400 | 5046 0042 | 48ff 7424 | 3048 8f84 | 24a8 0000 | 0048 8944 | 24f8 8b44 | 2438 8944 
  0x000002159eb32500: 246c 488b | 4424 f84c | 8b74 2428 | 48ff 7424 | 4848 8f44 | 2428 4889 | 4424 f88b | 4424 3c89 
  0x000002159eb32520: 4424 3048 | 8b44 24f8 | 4889 4424 | f88b 4424 | 5089 8424 | b000 0000 | 488b 4424 | f844 8b4c 
  0x000002159eb32540: 2454 48ff | 7424 6048 | 8f44 2438 | 448b 5424 | 7048 ff74 | 2478 488f | 4424 204c | 8bac 2480 
  0x000002159eb32560: 0000 0048 | 8b9c 2488 | 0000 0048 | 8b94 2490 | 0000 0048 | 8b8c 2498 | 0000 004c | 8b84 24a0 
  0x000002159eb32580: 0000 004c | 8bd8 e92c 

  0x000002159eb32588: ;   {oop(a 'sun/nio/fs/WindowsPathType'{0x0000000600d2fe58})}
  0x000002159eb32588: ccff ff81 | fdcb 5f1a | c00f 8479 | 3100 00ba | 45ff ffff | 488b 6c24 | 584c 8b54 | 2448 448b 
  0x000002159eb325a8: 5c24 3044 | 895c 2428 | 4c89 5424 | 304c 8b54 | 2440 4c89 | 5424 3844 | 8b5c 2450 | 4489 5c24 
  0x000002159eb325c8: 404c 8b54 | 2478 4c89 | 5424 504c | 8954 2458 | 448b 9424 | 8000 0000 | 4489 5424 | 444c 8b94 
  0x000002159eb325e8: 2490 0000 | 004c 8954 | 2478 6690 

  0x000002159eb325f4: ;   {runtime_call UncommonTrapBlob}
  0x000002159eb325f4: c5f8 77e8 

  0x000002159eb325f8: ; ImmutableOopMap {rbp=Oop [40]=NarrowOop [48]=Oop [64]=NarrowOop [68]=NarrowOop [80]=Oop [88]=Oop [104]=Oop [120]=Oop [176]=NarrowOop [296]=Oop }
                      ;*ifeq {reexecute=1 rethrow=0 return_oop=0}
                      ; - (reexecute) sun.nio.fs.WindowsPath::getPathForWin32Calls@8
                      ; - sun.nio.fs.WindowsPath::getPathForWin32Calls@2
                      ; - sun.nio.fs.WindowsFileAttributes::get@21
                      ; - sun.nio.fs.WindowsFileAttributeViews$Basic::readAttributes@15
                      ; - sun.nio.fs.WindowsFileAttributeViews$Basic::readAttributes@1
                      ; - sun.nio.fs.WindowsFileSystemProvider::readAttributes@57
                      ; - java.nio.file.spi.FileSystemProvider::readAttributesIfExists@4
                      ; - java.nio.file.Files::isRegularFile@9
                      ; - java.io.FileInputStream::<init>@136
                      ; - jdk.internal.loader.URLClassPath$FileLoader$1::getInputStream@8
                      ; - jdk.internal.loader.Resource::cachedInputStream@9
                      ; - jdk.internal.loader.Resource::getByteBuffer@1
                      ; - java.net.URLClassLoader::defineClass@132
                      ; - java.net.URLClassLoader$1::run@43
                      ; - java.net.URLClassLoader$1::run@1
  0x000002159eb325f8: 841d 81ff 

  0x000002159eb325fc: ;   {other}
  0x000002159eb325fc: 0f1f 8400 | 6c47 0043 

  0x000002159eb32604: ;   {oop(a 'sun/nio/fs/WindowsPathType'{0x0000000600d2fe58})}
  0x000002159eb32604: 81fd cb5f | 1ac0 0f85 | 3434 0000 | ba45 ffff | ff4c 8b54 | 2458 4c89 | 5424 204c | 8b54 2448 
  0x000002159eb32624: 4c89 5424 | 3844 8b54 | 2450 4489 | 5424 484c | 8b54 2478 | 4c89 5424 | 584c 8954 | 2460 4c8b 
  0x000002159eb32644: 9424 9800 | 0000 4c89 | 9424 8800 | 0000 6690 

  0x000002159eb32654: ;   {runtime_call UncommonTrapBlob}
  0x000002159eb32654: c5f8 77e8 

  0x000002159eb32658: ; ImmutableOopMap {rbp=NarrowOop [32]=Oop [48]=NarrowOop [56]=Oop [72]=NarrowOop [88]=Oop [96]=Oop [104]=Oop [128]=NarrowOop [136]=Oop [144]=Oop [160]=NarrowOop [176]=NarrowOop }
                      ;*if_acmpne {reexecute=1 rethrow=0 return_oop=0}
                      ; - (reexecute) sun.nio.fs.WindowsPath::isAbsolute@17
                      ; - sun.nio.fs.WindowsPath::getPathForWin32Calls@5
                      ; - sun.nio.fs.WindowsPath::getPathForWin32Calls@2
                      ; - sun.nio.fs.WindowsFileSystemProvider::newFileChannel@41
                      ; - java.io.IoOverNioFileSystem::initializeStreamsUsingNio0@14
                      ; - java.io.IoOverNioFileSystem::initializeStreamUsingNio@15
                      ; - java.io.FileInputStream::<init>@197
                      ; - jdk.internal.loader.URLClassPath$FileLoader$1::getInputStream@8
                      ; - jdk.internal.loader.Resource::cachedInputStream@9
                      ; - jdk.internal.loader.Resource::getByteBuffer@1
                      ; - java.net.URLClassLoader::defineClass@132
                      ; - java.net.URLClassLoader$1::run@43
                      ; - java.net.URLClassLoader$1::run@1
  0x000002159eb32658: 241d 81ff 

  0x000002159eb3265c: ;   {other}
  0x000002159eb3265c: 0f1f 8400 | cc47 0044 | 83fd 020f | 8404 0200 | 0083 fd05 | 0f84 ea06 | 0000 83fd | 060f 8406 
  0x000002159eb3267c: 1300 0044 | 8d5d fc41 | 83fb 020f | 8783 3400 | 004c 8b94 | 24a8 0000 | 0041 c642 | 0f01 4d8b 
  0x000002159eb3269c: 9750 0400 

  0x000002159eb326a0: ; ImmutableOopMap {[32]=Oop [48]=NarrowOop [56]=Oop [72]=Oop [80]=NarrowOop [88]=Oop [96]=Oop [104]=Oop [112]=NarrowOop [120]=Oop [128]=NarrowOop [136]=Oop [144]=Oop [160]=NarrowOop [168]=Oop [176]=NarrowOop [184]=Oop }
                      ;*goto {reexecute=1 rethrow=0 return_oop=0}
                      ; - (reexecute) sun.nio.fs.WindowsChannelFactory$Flags::toFlags@137
                      ; - sun.nio.fs.WindowsChannelFactory::newFileChannel@1
                      ; - sun.nio.fs.WindowsFileSystemProvider::newFileChannel@55
                      ; - java.io.IoOverNioFileSystem::initializeStreamsUsingNio0@14
                      ; - java.io.IoOverNioFileSystem::initializeStreamUsingNio@15
                      ; - java.io.FileInputStream::<init>@197
                      ; - jdk.internal.loader.URLClassPath$FileLoader$1::getInputStream@8
                      ; - jdk.internal.loader.Resource::cachedInputStream@9
                      ; - jdk.internal.loader.Resource::getByteBuffer@1
                      ; - java.net.URLClassLoader::defineClass@132
                      ; - java.net.URLClassLoader$1::run@43
                      ; - java.net.URLClassLoader$1::run@1
                      ;   {poll}
  0x000002159eb326a0: 0041 8502 | e9da eeff | ffba e4ff | ffff 4889 | 4424 f88b | 4424 3089 | 4424 2848 | 8b44 24f8 
  0x000002159eb326c0: 4c89 7424 | 304c 8b54 | 2440 4c89 | 5424 3844 | 894c 2440 | 4489 4424 | 4c66 6690 

  0x000002159eb326dc: ;   {runtime_call UncommonTrapBlob}
  0x000002159eb326dc: c5f8 77e8 

  0x000002159eb326e0: ; ImmutableOopMap {[40]=NarrowOop [48]=Oop [76]=NarrowOop [88]=Oop [176]=NarrowOop }
                      ;*baload {reexecute=0 rethrow=0 return_oop=0}
                      ; - java.lang.StringLatin1::lastIndexOf@24
                      ; - java.lang.String::lastIndexOf@13
                      ; - java.lang.String::lastIndexOf@8
                      ; - java.net.URLClassLoader::defineClass@7
                      ; - java.net.URLClassLoader$1::run@43
                      ; - java.net.URLClassLoader$1::run@1
  0x000002159eb326e0: 9c1c 81ff 

  0x000002159eb326e4: ;   {other}
  0x000002159eb326e4: 0f1f 8400 | 5448 0046 | 4c8b d045 

  0x000002159eb326f0: ;   {metadata('java/nio/file/NoSuchFileException')}
  0x000002159eb326f0: 8b5a 0841 | 81fb 88b4 | 1400 0f84 | 1445 0000 | 49b8 0000 | 0000 0800 | 0000 4d03 | c34d 8b48 
  0x000002159eb32710: ;   {metadata('java/io/IOException')}
  0x000002159eb32710: 4848 b958 | d409 0008 | 0000 004c | 3bc9 0f85 | 442c 0000 

  0x000002159eb32724: ;   {oop(a 'java/lang/Boolean'{0x000000060048f810} = false)}
  0x000002159eb32724: 48bb 10f8 | 4800 0600 | 0000 e920 | ebff ff44 | 8984 24a4 | 0000 00e9 | d9f6 ffff | 418b ebe9 
  0x000002159eb32744: 7cc3 ffff | 4c89 6c24 

  0x000002159eb3274c: ;   {metadata('java/lang/String')}
  0x000002159eb3274c: 2048 ba90 | 2004 0008 | 0000 0090 

  0x000002159eb32758: ;   {runtime_call _new_instance_Java}
  0x000002159eb32758: c5f8 77e8 

  0x000002159eb3275c: ; ImmutableOopMap {[32]=Oop [88]=Oop }
                      ;*new {reexecute=0 rethrow=0 return_oop=1}
                      ; - java.lang.StringConcatHelper::simpleConcat@17
                      ; - java.lang.String::concat@11
                      ; - java.net.URLClassLoader$1::run@13
                      ; - java.net.URLClassLoader$1::run@1
  0x000002159eb3275c: a0c9 8cff 

  0x000002159eb32760: ;   {other}
  0x000002159eb32760: 0f1f 8400 | d048 0047 | 4c8b 6c24 | 20e9 bdd0 | ffff 48ff | 7424 5848 | 8f44 2448 | 48ff b424 
  0x000002159eb32780: a800 0000 | 488f 4424 | 5048 8944 | 24f8 8b44 | 246c 8944 | 2434 488b | 4424 f84c | 8974 2460 
  0x000002159eb327a0: 4889 4424 | f88b 8424 | b000 0000 | 8944 2468 | 488b 4424 | f844 8944 | 2470 418b | cb48 8bef 
  0x000002159eb327c0: 4489 5424 | 744c 896c | 2478 4889 | 9c24 8000 | 0000 4889 | 9424 8800 | 0000 4c89 

  0x000002159eb327dc: ;   {metadata({type array byte})}
  0x000002159eb327dc: 4c24 5848 | bac8 0a04 | 0008 0000 | 0044 8bc1 

  0x000002159eb327ec: ;   {runtime_call _new_array_nozero_Java}
  0x000002159eb327ec: c5f8 77e8 

  0x000002159eb327f0: ; ImmutableOopMap {rbp=Oop [136]=Derived_oop_rbp [32]=Oop [48]=NarrowOop [56]=Oop [72]=Oop [80]=Oop [96]=Oop [104]=NarrowOop [112]=NarrowOop [116]=NarrowOop [120]=Oop [128]=Oop }
                      ;*invokevirtual clone {reexecute=1 rethrow=0 return_oop=1}
                      ; - (reexecute) java.util.Arrays::copyOfRange@18
                      ; - java.lang.StringLatin1::newString@16
                      ; - java.lang.String::substring@41
                      ; - java.net.URLClassLoader::defineClass@28
                      ; - java.net.URLClassLoader$1::run@43
                      ; - java.net.URLClassLoader$1::run@1
  0x000002159eb327f0: 0ccf 8cff 

  0x000002159eb327f4: ;   {other}
  0x000002159eb327f4: 0f1f 8400 | 6449 0048 | 4c8b c0e9 | 89d1 ffff | 33ff e985 

  0x000002159eb32808: ;   {oop(a 'java/lang/ThreadLocal'{0x0000000600d300a0})}
  0x000002159eb32808: dbff ff48 | baa0 00d3 | 0006 0000 | 004c 8b44 

  0x000002159eb32818: ;   {oop([B{0x0000000600d300b0})}
  0x000002159eb32818: 2470 48bd | b000 d300 | 0600 0000 

  0x000002159eb32824: ;   {optimized virtual_call}
  0x000002159eb32824: c5f8 77e8 

  0x000002159eb32828: ; ImmutableOopMap {rbp=Oop [144]=Derived_oop_rbp [32]=Oop [48]=NarrowOop [56]=Oop [72]=Oop [80]=NarrowOop [88]=Oop [96]=Oop [104]=Oop [112]=Oop [120]=Oop [128]=NarrowOop [132]=NarrowOop [136]=Oop [176]=NarrowOop }
                      ;*invokevirtual setInitialValue {reexecute=0 rethrow=0 return_oop=1}
                      ; - java.lang.ThreadLocal::get@31
                      ; - java.lang.ThreadLocal::get@4
                      ; - com.jetbrains.internal.IoOverNio::isAllowedInThisThread@9
                      ; - java.io.IoOverNioFileSystem::acquireNioFs@16
                      ; - java.io.FileInputStream::<init>@94
                      ; - jdk.internal.loader.URLClassPath$FileLoader$1::getInputStream@8
                      ; - jdk.internal.loader.Resource::cachedInputStream@9
                      ; - jdk.internal.loader.Resource::getByteBuffer@1
                      ; - java.net.URLClassLoader::defineClass@132
                      ; - java.net.URLClassLoader$1::run@43
                      ; - java.net.URLClassLoader$1::run@1
  0x000002159eb32828: 54c2 80ff 

  0x000002159eb3282c: ;   {other}
  0x000002159eb3282c: 0f1f 8400 | 9c49 0049 | e99a dbff | ff33 ffe9 | 79d7 ffff 

  0x000002159eb32840: ;   {oop(a 'java/lang/ThreadLocal'{0x0000000600d300a0})}
  0x000002159eb32840: 48ba a000 | d300 0600 | 0000 4c8b 

  0x000002159eb3284c: ;   {oop([B{0x0000000600d300b0})}
  0x000002159eb3284c: 4424 7048 | bdb0 00d3 | 0006 0000 | 0066 6690 

  0x000002159eb3285c: ;   {optimized virtual_call}
  0x000002159eb3285c: c5f8 77e8 

  0x000002159eb32860: ; ImmutableOopMap {rbp=Oop [144]=Derived_oop_rbp [32]=Oop [48]=NarrowOop [56]=Oop [72]=Oop [80]=NarrowOop [88]=Oop [96]=Oop [104]=Oop [112]=Oop [120]=Oop [128]=NarrowOop [132]=NarrowOop [136]=Oop [176]=NarrowOop }
                      ;*invokevirtual setInitialValue {reexecute=0 rethrow=0 return_oop=1}
                      ; - java.lang.ThreadLocal::get@31
                      ; - java.lang.ThreadLocal::get@4
                      ; - com.jetbrains.internal.IoOverNio::isAllowedInThisThread@9
                      ; - java.io.IoOverNioFileSystem::acquireNioFs@16
                      ; - java.io.IoOverNioFileSystem::isInvalid@4
                      ; - java.io.File::isInvalid@13
                      ; - java.io.FileInputStream::<init>@66
                      ; - jdk.internal.loader.URLClassPath$FileLoader$1::getInputStream@8
                      ; - jdk.internal.loader.Resource::cachedInputStream@9
                      ; - jdk.internal.loader.Resource::getByteBuffer@1
                      ; - java.net.URLClassLoader::defineClass@132
                      ; - java.net.URLClassLoader$1::run@43
                      ; - java.net.URLClassLoader$1::run@1
  0x000002159eb32860: 1cc2 80ff 

  0x000002159eb32864: ;   {other}
  0x000002159eb32864: 0f1f 8400 | d449 004a | e98a d7ff | ff4c 8b94 | 24a8 0000 | 0041 c642 | 0d01 4d8b | 9750 0400 
  0x000002159eb32884: ; ImmutableOopMap {[32]=Oop [48]=NarrowOop [56]=Oop [72]=Oop [80]=NarrowOop [88]=Oop [96]=Oop [104]=Oop [112]=NarrowOop [120]=Oop [128]=NarrowOop [136]=Oop [144]=Oop [160]=NarrowOop [168]=Oop [176]=NarrowOop [184]=Oop }
                      ;*goto {reexecute=1 rethrow=0 return_oop=0}
                      ; - (reexecute) sun.nio.fs.WindowsChannelFactory$Flags::toFlags@121
                      ; - sun.nio.fs.WindowsChannelFactory::newFileChannel@1
                      ; - sun.nio.fs.WindowsFileSystemProvider::newFileChannel@55
                      ; - java.io.IoOverNioFileSystem::initializeStreamsUsingNio0@14
                      ; - java.io.IoOverNioFileSystem::initializeStreamUsingNio@15
                      ; - java.io.FileInputStream::<init>@197
                      ; - jdk.internal.loader.URLClassPath$FileLoader$1::getInputStream@8
                      ; - jdk.internal.loader.Resource::cachedInputStream@9
                      ; - jdk.internal.loader.Resource::getByteBuffer@1
                      ; - java.net.URLClassLoader::defineClass@132
                      ; - java.net.URLClassLoader$1::run@43
                      ; - java.net.URLClassLoader$1::run@1
                      ;   {poll}
  0x000002159eb32884: 0041 8502 | e9f6 ecff | ffba f6ff | ffff 4c89 | 4424 2090 

  0x000002159eb32898: ;   {runtime_call UncommonTrapBlob}
  0x000002159eb32898: c5f8 77e8 

  0x000002159eb3289c: ; ImmutableOopMap {[32]=Oop [88]=Oop }
                      ;*invokevirtual getResource {reexecute=0 rethrow=0 return_oop=0}
                      ; - java.net.URLClassLoader$1::run@26
                      ; - java.net.URLClassLoader$1::run@1
  0x000002159eb3289c: e01a 81ff 

  0x000002159eb328a0: ;   {other}
  0x000002159eb328a0: 0f1f 8400 | 104a 004c | ba76 ffff | ff48 8b6c | 2458 895c | 2424 894c | 2428 4489 | 4c24 2c90 
  0x000002159eb328c0: ;   {runtime_call UncommonTrapBlob}
  0x000002159eb328c0: c5f8 77e8 

  0x000002159eb328c4: ; ImmutableOopMap {rbp=Oop [40]=NarrowOop [44]=NarrowOop }
                      ;*if_icmpge {reexecute=1 rethrow=0 return_oop=0}
                      ; - (reexecute) java.lang.StringLatin1::replace@19
                      ; - java.lang.String::replace@18
                      ; - java.net.URLClassLoader$1::run@8
                      ; - java.net.URLClassLoader$1::run@1
  0x000002159eb328c4: b81a 81ff 

  0x000002159eb328c8: ;   {other}
  0x000002159eb328c8: 0f1f 8400 | 384a 004d | 4863 d3e9 | 2cc5 ffff | bacc ffff | ff4c 8944 | 2428 4889 | 7424 3044 
  0x000002159eb328e8: 894c 2440 

  0x000002159eb328ec: ;   {runtime_call UncommonTrapBlob}
  0x000002159eb328ec: c5f8 77e8 

  0x000002159eb328f0: ; ImmutableOopMap {rbp=Oop [40]=Oop [88]=Oop }
                      ;*invokestatic arraycopy {reexecute=0 rethrow=0 return_oop=0}
                      ; - java.lang.String::getBytes@22
                      ; - java.lang.StringConcatHelper::prepend@21
                      ; - java.lang.StringConcatHelper::simpleConcat@71
                      ; - java.lang.String::concat@11
                      ; - java.net.URLClassLoader$1::run@13
                      ; - java.net.URLClassLoader$1::run@1
  0x000002159eb328f0: 8c1a 81ff 

  0x000002159eb328f4: ;   {other}
  0x000002159eb328f4: 0f1f 8400 | 644a 004e | bacc ffff | ff48 897c | 2428 894c | 2438 6690 

  0x000002159eb3290c: ;   {runtime_call UncommonTrapBlob}
  0x000002159eb3290c: c5f8 77e8 

  0x000002159eb32910: ; ImmutableOopMap {rbp=Oop [40]=Oop [88]=Oop }
                      ;*invokestatic arraycopy {reexecute=0 rethrow=0 return_oop=0}
                      ; - java.lang.String::getBytes@22
                      ; - java.lang.StringConcatHelper::prepend@21
                      ; - java.lang.StringConcatHelper::simpleConcat@81
                      ; - java.lang.String::concat@11
                      ; - java.net.URLClassLoader$1::run@13
                      ; - java.net.URLClassLoader$1::run@1
  0x000002159eb32910: 6c1a 81ff 

  0x000002159eb32914: ;   {other}
  0x000002159eb32914: 0f1f 8400 | 844a 004f 

  0x000002159eb3291c: ;   {oop(a 'java/lang/ThreadLocal'{0x0000000600e64548})}
  0x000002159eb3291c: 48ba 4845 | e600 0600 | 0000 4c8b | 4424 704c | 8b4c 2468 

  0x000002159eb32930: ;   {optimized virtual_call}
  0x000002159eb32930: c5f8 77e8 

  0x000002159eb32934: ; ImmutableOopMap {[32]=Oop [48]=NarrowOop [56]=Oop [72]=Oop [80]=NarrowOop [88]=Oop [96]=Oop [104]=Oop [120]=Oop [128]=NarrowOop [136]=Oop [144]=Oop [152]=Oop [160]=NarrowOop [176]=NarrowOop }
                      ;*invokevirtual createMap {reexecute=0 rethrow=0 return_oop=0}
                      ; - java.lang.ThreadLocal::set@22
                      ; - java.lang.ThreadLocal::set@5
                      ; - java.io.IoOverNioFileSystem::initializeStreamUsingNio@4
                      ; - java.io.FileInputStream::<init>@197
                      ; - jdk.internal.loader.URLClassPath$FileLoader$1::getInputStream@8
                      ; - jdk.internal.loader.Resource::cachedInputStream@9
                      ; - jdk.internal.loader.Resource::getByteBuffer@1
                      ; - java.net.URLClassLoader::defineClass@132
                      ; - java.net.URLClassLoader$1::run@43
                      ; - java.net.URLClassLoader$1::run@1
  0x000002159eb32934: 48c1 80ff 

  0x000002159eb32938: ;   {other}
  0x000002159eb32938: 0f1f 8400 | a84a 0050 | 49ba 0000 | b1ac 1502 | 0000 41bb | 0200 0000 | 4c89 9424 | f800 0000 
  0x000002159eb32958: 4489 9c24 | f400 0000 | e9ca eaff | ffba 76ff | ffff 4c89 | 5424 3089 | 5c24 3889 | 4c24 3c44 
  0x000002159eb32978: 894c 2440 

  0x000002159eb3297c: ;   {runtime_call UncommonTrapBlob}
  0x000002159eb3297c: c5f8 77e8 

  0x000002159eb32980: ; ImmutableOopMap {[48]=Oop [60]=NarrowOop [64]=NarrowOop [88]=Oop }
                      ;*if_icmpge {reexecute=1 rethrow=0 return_oop=0}
                      ; - (reexecute) java.lang.StringLatin1::replace@82
                      ; - java.lang.String::replace@18
                      ; - java.net.URLClassLoader$1::run@8
                      ; - java.net.URLClassLoader$1::run@1
  0x000002159eb32980: fc19 81ff 

  0x000002159eb32984: ;   {other}
  0x000002159eb32984: 0f1f 8400 | f44a 0051 

  0x000002159eb3298c: ;   {oop(a 'java/io/IoOverNioFileSystem'{0x00000006004398e8})}
  0x000002159eb3298c: 49ba e898 | 4300 0600 | 0000 418b | 6a0c 458b 

  0x000002159eb3299c: ;   {metadata('java/io/WinNTFileSystem')}
  0x000002159eb3299c: 54ec 0841 | 81fa 6046 | 0200 0f85 | 093d 0000 | 498d 14ec | 4c8b 8424 | 8800 0000 

  0x000002159eb329b8: ;   {oop([B{0x0000000600d300b0})}
  0x000002159eb329b8: 48bd b000 | d300 0600 | 0000 6690 

  0x000002159eb329c4: ;   {optimized virtual_call}
  0x000002159eb329c4: c5f8 77e8 

  0x000002159eb329c8: ; ImmutableOopMap {rbp=Oop [144]=Derived_oop_rbp [32]=Oop [48]=NarrowOop [56]=Oop [72]=Oop [80]=NarrowOop [88]=Oop [96]=Oop [104]=Oop [112]=Oop [120]=Oop [128]=NarrowOop [136]=Oop [176]=NarrowOop }
                      ;*invokevirtual isInvalid {reexecute=0 rethrow=0 return_oop=0}
                      ; - java.io.IoOverNioFileSystem::isInvalid@61
                      ; - java.io.File::isInvalid@13
                      ; - java.io.FileInputStream::<init>@66
                      ; - jdk.internal.loader.URLClassPath$FileLoader$1::getInputStream@8
                      ; - jdk.internal.loader.Resource::cachedInputStream@9
                      ; - jdk.internal.loader.Resource::getByteBuffer@1
                      ; - java.net.URLClassLoader::defineClass@132
                      ; - java.net.URLClassLoader$1::run@43
                      ; - java.net.URLClassLoader$1::run@1
  0x000002159eb329c8: b4c0 80ff 

  0x000002159eb329cc: ;   {other}
  0x000002159eb329cc: 0f1f 8400 | 3c4b 0052 | 85c0 0f84 | 99d8 ffff | 8be8 ba45 | ffff ff4c | 8b54 2458 | 4c89 5424 
  0x000002159eb329ec: 204c 8b54 | 2448 4c89 | 5424 3844 | 8b54 2450 | 4489 5424 | 484c 8b54 | 2478 4c89 | 5424 584c 
  0x000002159eb32a0c: 8954 2460 | 448b 9c24 | 8000 0000 | 4489 5c24 | 7866 6690 

  0x000002159eb32a20: ;   {runtime_call UncommonTrapBlob}
  0x000002159eb32a20: c5f8 77e8 

  0x000002159eb32a24: ; ImmutableOopMap {[32]=Oop [48]=NarrowOop [56]=Oop [72]=NarrowOop [88]=Oop [96]=Oop [104]=Oop [120]=NarrowOop [128]=NarrowOop [176]=NarrowOop }
                      ;*ifeq {reexecute=1 rethrow=0 return_oop=0}
                      ; - (reexecute) java.io.File::isInvalid@16
                      ; - java.io.FileInputStream::<init>@66
                      ; - jdk.internal.loader.URLClassPath$FileLoader$1::getInputStream@8
                      ; - jdk.internal.loader.Resource::cachedInputStream@9
                      ; - jdk.internal.loader.Resource::getByteBuffer@1
                      ; - java.net.URLClassLoader::defineClass@132
                      ; - java.net.URLClassLoader$1::run@43
                      ; - java.net.URLClassLoader$1::run@1
  0x000002159eb32a24: 5819 81ff 

  0x000002159eb32a28: ;   {other}
  0x000002159eb32a28: 0f1f 8400 | 984b 0053 | baf6 ffff | ff48 8944 | 2428 6690 

  0x000002159eb32a3c: ;   {runtime_call UncommonTrapBlob}
  0x000002159eb32a3c: c5f8 77e8 

  0x000002159eb32a40: ; ImmutableOopMap {[40]=Oop [88]=Oop [176]=NarrowOop }
                      ;*invokevirtual defineClass {reexecute=0 rethrow=0 return_oop=0}
                      ; - java.net.URLClassLoader$1::run@43
                      ; - java.net.URLClassLoader$1::run@1
  0x000002159eb32a40: 3c19 81ff 

  0x000002159eb32a44: ;   {other}
  0x000002159eb32a44: 0f1f 8400 | b44b 0054 | ba45 ffff | ff4c 8974 | 2438 4489 | 5424 4890 

  0x000002159eb32a5c: ;   {runtime_call UncommonTrapBlob}
  0x000002159eb32a5c: c5f8 77e8 

  0x000002159eb32a60: ; ImmutableOopMap {rbp=NarrowOop [48]=NarrowOop [56]=Oop [72]=NarrowOop [88]=Oop [176]=NarrowOop }
                      ;*ifeq {reexecute=1 rethrow=0 return_oop=0}
                      ; - (reexecute) jdk.internal.loader.Resource::getByteBuffer@9
                      ; - java.net.URLClassLoader::defineClass@132
                      ; - java.net.URLClassLoader$1::run@43
                      ; - java.net.URLClassLoader$1::run@1
  0x000002159eb32a60: 1c19 81ff 

  0x000002159eb32a64: ;   {other}
  0x000002159eb32a64: 0f1f 8400 | d44b 0055 | 4c89 6c24 | 7848 ff74 | 2420 488f | 4424 7044 | 8954 2460 | 48ff 7424 
  0x000002159eb32a84: 3848 8f44 | 2450 4889 | 4424 f88b | 4424 3089 | 4424 4848 | 8b44 24f8 | 48ff 7424 | 2848 8f44 
  0x000002159eb32aa4: 2438 4c89 | 7424 3048 | 8944 24f8 | 8b44 246c | 8944 2428 | 488b 4424 | f848 8b6c | 2458 498b 
  0x000002159eb32ac4: d64c 8d84 | 2430 0100 | 0066 6690 

  0x000002159eb32ad0: ;   {runtime_call _complete_monitor_locking_Java}
  0x000002159eb32ad0: c5f8 77e8 

  0x000002159eb32ad4: ; ImmutableOopMap {rbp=Oop [48]=Oop [72]=NarrowOop [80]=Oop [96]=NarrowOop [112]=Oop [120]=Oop [168]=Oop [176]=NarrowOop }
                      ;*synchronization entry
                      ; - jdk.internal.loader.Resource::cachedInputStream@-1
                      ; - jdk.internal.loader.Resource::getByteBuffer@1
                      ; - java.net.URLClassLoader::defineClass@132
                      ; - java.net.URLClassLoader$1::run@43
                      ; - java.net.URLClassLoader$1::run@1
  0x000002159eb32ad4: a8fc 8cff 

  0x000002159eb32ad8: ;   {other}
  0x000002159eb32ad8: 0f1f 8400 | 484c 0056 | 4889 6c24 | 5848 8944 | 24f8 8b44 | 2428 8944 | 246c 488b | 4424 f84c 
  0x000002159eb32af8: 8b74 2430 | 48ff 7424 | 3848 8f44 | 2428 4889 | 4424 f88b | 4424 4889 | 4424 3048 | 8b44 24f8 
  0x000002159eb32b18: 48ff 7424 | 5048 8f44 | 2438 448b | 5424 6048 | ff74 2470 | 488f 4424 | 204c 8b6c | 2478 e99c 
  0x000002159eb32b38: c9ff ff44 | 894c 2434 | 4c89 6c24 | 5048 ff74 | 2420 488f | 4424 4844 | 8954 2424 | 488b 7424 
  0x000002159eb32b58: 2849 8bce | 488d 9424 | 3001 0000 | 4d8b c7c5 | f877 49ba | a0cb 0fc8 | fe7f 0000 

  0x000002159eb32b74: ;   {other}
  0x000002159eb32b74: 41ff d20f | 1f84 0000 | 0000 0048 | 8974 2428 | 448b 5424 | 2448 ff74 | 2448 488f | 4424 204c 
  0x000002159eb32b94: 8b6c 2450 | 448b 4c24 | 34e9 98ca | ffff bade | ffff ff48 | 8b6c 2458 | 4c89 7424 | 2048 8944 
  0x000002159eb32bb4: 24f8 8b44 | 2430 8944 | 2428 488b | 4424 f84c | 8b4c 2440 | 4c89 4c24 | 3044 8954 | 2440 4c89 
  0x000002159eb32bd4: 5c24 5044 | 8944 2444 | 894c 2458 

  0x000002159eb32be0: ;   {runtime_call UncommonTrapBlob}
  0x000002159eb32be0: c5f8 77e8 

  0x000002159eb32be4: ; ImmutableOopMap {rbp=Oop [32]=Oop [40]=NarrowOop [64]=NarrowOop [68]=NarrowOop [80]=Oop [88]=NarrowOop [176]=NarrowOop [184]=Oop }
                      ;*invokeinterface ensureInitialization {reexecute=0 rethrow=0 return_oop=0}
                      ; - jdk.internal.loader.URLClassPath$JarLoader$2::getManifest@10
                      ; - java.net.URLClassLoader::defineClass@34
                      ; - java.net.URLClassLoader$1::run@43
                      ; - java.net.URLClassLoader$1::run@1
  0x000002159eb32be4: 9817 81ff 

  0x000002159eb32be8: ;   {other}
  0x000002159eb32be8: 0f1f 8400 | 584d 0057 | 4c89 8c24 | 8800 0000 | 894c 2468 | 4c89 9c24 | 8000 0000 | 4c89 6c24 
  0x000002159eb32c08: 7848 ff74 | 2420 488f | 4424 7044 | 8954 2454 | 48ff 7424 | 3848 8f44 | 2460 4889 | 4424 f88b 
  0x000002159eb32c28: 4424 3089 | 4424 3448 | 8b44 24f8 | 48ff 7424 | 2848 8f44 | 2448 4c89 | 7424 3848 | ff74 2458 
  0x000002159eb32c48: 488f 4424 | 2049 8bd1 | 4c8d 8424 | 3001 0000 

  0x000002159eb32c58: ;   {runtime_call _complete_monitor_locking_Java}
  0x000002159eb32c58: c5f8 77e8 

  0x000002159eb32c5c: ; ImmutableOopMap {[32]=Oop [52]=NarrowOop [56]=Oop [84]=NarrowOop [96]=Oop [104]=NarrowOop [112]=Oop [120]=Oop [128]=Oop [136]=Oop [168]=Oop [176]=NarrowOop [184]=Oop }
                      ;*synchronization entry
                      ; - java.util.jar.JarFile::ensureInitialization@-1
                      ; - java.util.jar.JavaUtilJarAccessImpl::ensureInitialization@1
                      ; - jdk.internal.loader.URLClassPath$JarLoader$2::getManifest@10
                      ; - java.net.URLClassLoader::defineClass@34
                      ; - java.net.URLClassLoader$1::run@43
                      ; - java.net.URLClassLoader$1::run@1
  0x000002159eb32c5c: 20fb 8cff 

  0x000002159eb32c60: ;   {other}
  0x000002159eb32c60: 0f1f 8400 | d04d 0058 | 48ff 7424 | 2048 8f44 | 2458 4c8b | 7424 3848 | ff74 2448 | 488f 4424 
  0x000002159eb32c80: 2848 8944 | 24f8 8b44 | 2434 8944 | 2430 488b | 4424 f848 | ff74 2460 | 488f 4424 | 3844 8b54 
  0x000002159eb32ca0: 2454 48ff | 7424 7048 | 8f44 2420 | 4c8b 6c24 | 784c 8b9c | 2480 0000 | 008b 4c24 | 684c 8b8c 
  0x000002159eb32cc0: 2488 0000 | 00e9 40c6 | ffff 4c89 | 5c24 604c | 896c 2450 | 48ff 7424 | 2048 8f44 | 2448 4489 
  0x000002159eb32ce0: 5424 344c | 8b6c 2428 | 498b c948 | 8d94 2430 | 0100 004d | 8bc7 c5f8 | 7749 baa0 | cb0f c8fe 
  0x000002159eb32d00: 7f00 0041 

  0x000002159eb32d04: ;   {other}
  0x000002159eb32d04: ffd2 0f1f | 8400 0000 | 0000 4c89 | 6c24 2844 | 8b54 2434 | 48ff 7424 | 4848 8f44 | 2420 4c8b 
  0x000002159eb32d24: 6c24 504c | 8b5c 2460 | e995 c6ff | ffba deff | ffff 4c89 | 7424 284c | 8b44 2440 | 4c89 4424 
  0x000002159eb32d44: 384c 895c | 2440 4489 | 5424 4890 

  0x000002159eb32d50: ;   {runtime_call UncommonTrapBlob}
  0x000002159eb32d50: c5f8 77e8 

  0x000002159eb32d54: ; ImmutableOopMap {rbp=NarrowOop [40]=Oop [48]=NarrowOop [64]=Oop [72]=NarrowOop [88]=Oop [176]=NarrowOop [184]=Oop }
                      ;*invokevirtual getManifest {reexecute=0 rethrow=0 return_oop=0}
                      ; - jdk.internal.loader.URLClassPath$JarLoader$2::getManifest@22
                      ; - java.net.URLClassLoader::defineClass@34
                      ; - java.net.URLClassLoader$1::run@43
                      ; - java.net.URLClassLoader$1::run@1
  0x000002159eb32d54: 2816 81ff 

  0x000002159eb32d58: ;   {other}
  0x000002159eb32d58: 0f1f 8400 | c84e 0059 | 4c8b 9424 | a800 0000 | 41c6 4210 | 014d 8b97 

  0x000002159eb32d70: ; ImmutableOopMap {[32]=Oop [48]=NarrowOop [56]=Oop [72]=Oop [80]=NarrowOop [88]=Oop [96]=Oop [104]=Oop [112]=NarrowOop [120]=Oop [128]=NarrowOop [136]=Oop [144]=Oop [160]=NarrowOop [168]=Oop [176]=NarrowOop [184]=Oop }
                      ;*goto {reexecute=1 rethrow=0 return_oop=0}
                      ; - (reexecute) sun.nio.fs.WindowsChannelFactory$Flags::toFlags@145
                      ; - sun.nio.fs.WindowsChannelFactory::newFileChannel@1
                      ; - sun.nio.fs.WindowsFileSystemProvider::newFileChannel@55
                      ; - java.io.IoOverNioFileSystem::initializeStreamsUsingNio0@14
                      ; - java.io.IoOverNioFileSystem::initializeStreamUsingNio@15
                      ; - java.io.FileInputStream::<init>@197
                      ; - jdk.internal.loader.URLClassPath$FileLoader$1::getInputStream@8
                      ; - jdk.internal.loader.Resource::cachedInputStream@9
                      ; - jdk.internal.loader.Resource::getByteBuffer@1
                      ; - java.net.URLClassLoader::defineClass@132
                      ; - java.net.URLClassLoader$1::run@43
                      ; - java.net.URLClassLoader$1::run@1
  0x000002159eb32d70: 5004 0000 

  0x000002159eb32d74: ;   {poll}
  0x000002159eb32d74: 4185 02e9 | 07e8 ffff | 4c8b cd44 | 8b5d 2445 | 85db 0f84 | 2bd1 ffff | 4d8b 5728 | 498b cb48 
  0x000002159eb32d94: c1e1 034d | 85d2 0f84 | 0b1d 0000 | 4d8b 5f38 | 4b89 4c13 | f849 83c2 | f84d 8957 | 284c 8bcd 
  0x000002159eb32db4: e9fe d0ff | ff4c 8b94 | 2480 0000 | 0045 8b52 | 2845 85d2 | 0f84 9ed0 | ffff 4d8b | 5f28 498b 
  0x000002159eb32dd4: ca48 c1e1 | 034d 85db | 0f84 e91c | 0000 4d8b | 5738 4b89 | 4c1a f849 | 83c3 f84d | 895f 28e9 
  0x000002159eb32df4: 74d0 ffff | 458b 5310 | 4585 d20f | 84ff cfff | ff4d 8b47 | 2849 8bca | 48c1 e103 | 4d85 c00f 
  0x000002159eb32e14: 846f 1c00 | 0049 8bdb | 4d8b 5738 | 4b89 4c02 | f849 83c0 | f84d 8947 | 284c 8bdb | e9cf cfff 
  0x000002159eb32e34: ff4c 8b54 | 2468 458b | 5a14 4585 | db0f 848d | d4ff ff4d | 8b57 2849 | 8bcb 48c1 | e103 4d85 
  0x000002159eb32e54: d20f 841d | 1d00 004d | 8b5f 384b | 894c 13f8 | 4983 c2f8 | 4d89 5728 | e963 d4ff 

  0x000002159eb32e70: ;   {no_reloc}
  0x000002159eb32e70: ff4c 8b94 | 2490 0000 | 0045 8b52 | 1c45 85d2 | 0f84 21d8 | ffff 4d8b | 5f28 498b | ca48 c1e1 
  0x000002159eb32e90: 034d 85db | 0f84 fe1c | 0000 4d8b | 5738 4b89 | 4c1a f849 | 83c3 f84d | 895f 28e9 | f7d7 ffff 
  0x000002159eb32eb0: 4c8b 9424 | 9000 0000 | 458b 5a18 | 4585 db0f | 8496 d7ff | ff4d 8b57 | 2849 8bcb | 48c1 e103 
  0x000002159eb32ed0: 4d85 d20f | 84df 1c00 | 004d 8b5f | 384b 894c | 13f8 4983 | c2f8 4d89 | 5728 e96c | d7ff ff4c 
  0x000002159eb32ef0: 8b94 2490 | 0000 0045 | 8b52 1445 | 85d2 0f84 | 0bd7 ffff | 4d8b 5f28 | 498b ca48 | c1e1 034d 
  0x000002159eb32f10: 85db 0f84 | c01c 0000 | 4d8b 5738 | 4b89 4c1a | f849 83c3 | f84d 895f | 28e9 e1d6 | ffff 4489 
  0x000002159eb32f30: 4424 6448 | 897c 2478 | 4889 5c24 | 7044 894c | 2460 4c89 | 6c24 5048 | ff74 2420 | 488f 4424 
  0x000002159eb32f50: 4844 8954 | 2434 4c8b | 6c24 284d | 8b57 584d | 8b5f 48f0 | 8344 24c0 | 0080 3900 | 7432 4488 
  0x000002159eb32f70: ;   {no_reloc}
  0x000002159eb32f70: 214d 85db | 740f 4b89 | 4c1a f849 | 83c3 f84d | 895f 48eb | 1b49 8bd7 | c5f8 7749 | ba90 22ce 
  0x000002159eb32f90: c7fe 7f00 | 0041 ffd2 

  0x000002159eb32f98: ;   {other}
  0x000002159eb32f98: 0f1f 8400 | 0000 0000 | 4c89 6c24 | 2844 8b54 | 2434 48ff | 7424 4848 | 8f44 2420 | 4c8b 6c24 
  0x000002159eb32fb8: 5044 8b4c | 2460 488b | 5c24 7048 | 8b7c 2478 | 448b 4424 | 64e9 29cd | ffff 4d8b | 5748 4d8b 
  0x000002159eb32fd8: 5f58 f083 | 4424 c000 | 8039 000f | 8472 ceff | ff44 8821 | 4d85 d275 | 2049 8bd7 | c5f8 7749 
  0x000002159eb32ff8: ba90 22ce | c7fe 7f00 | 0041 ffd2 

  0x000002159eb33004: ;   {other}
  0x000002159eb33004: 0f1f 8400 | 0000 0000 | e94a ceff | ff4b 894c | 13f8 4983 | c2f8 4d89 | 5748 e938 | ceff ff49 
  0x000002159eb33024: 8bd9 4d8b | 5748 4d8b | 5f58 f083 | 4424 c000 | 8039 0074 | 3244 8821 | 4d85 d274 | 0f4b 894c 
  0x000002159eb33044: 13f8 4983 | c2f8 4d89 | 5748 eb1b | 498b d7c5 | f877 49ba | 9022 cec7 | fe7f 0000 

  0x000002159eb33060: ;   {other}
  0x000002159eb33060: 41ff d20f | 1f84 0000 | 0000 004c | 8bcb e979 | ceff ff4d | 8b57 484d | 8b5f 58f0 | 8344 24c0 
  0x000002159eb33080: 0080 3900 | 0f84 1fce | ffff 4488 | 214d 85d2 | 7520 498b | d7c5 f877 | 49ba 9022 | cec7 fe7f 
  0x000002159eb330a0: 0000 41ff 

  0x000002159eb330a4: ;   {other}
  0x000002159eb330a4: d20f 1f84 | 0000 0000 | 00e9 f7cd | ffff 4b89 | 4c13 f849 | 83c2 f84d | 8957 48e9 | e5cd ffff 
  0x000002159eb330c4: 4d8b 5748 | 4d8b 5f58 | f083 4424 | c000 8039 | 000f 8429 | d5ff ff44 | 8821 4d85 | d275 2049 
  0x000002159eb330e4: 8bd7 c5f8 | 7749 ba90 | 22ce c7fe | 7f00 0041 

  0x000002159eb330f4: ;   {other}
  0x000002159eb330f4: ffd2 0f1f | 8400 0000 | 0000 e901 | d5ff ff4b | 894c 13f8 | 4983 c2f8 | 4d89 5748 | e9ef d4ff 
  0x000002159eb33114: ff4d 8b57 | 484d 8b5f | 58f0 8344 | 24c0 0080 | 3900 0f84 | f0d1 ffff | 4488 214d | 85d2 7520 
  0x000002159eb33134: 498b d7c5 | f877 49ba | 9022 cec7 | fe7f 0000 

  0x000002159eb33144: ;   {other}
  0x000002159eb33144: 41ff d20f | 1f84 0000 | 0000 00e9 | c8d1 ffff | 4b89 4c13 | f849 83c2 | f84d 8957 | 48e9 b6d1 
  0x000002159eb33164: ffff 4d8b | 5748 4d8b | 5f58 f083 | 4424 c000 | 8039 000f | 846b d5ff | ff44 8821 | 4d85 d275 
  0x000002159eb33184: 2049 8bd7 | c5f8 7749 | ba90 22ce | c7fe 7f00 | 0041 ffd2 

  0x000002159eb33198: ;   {other}
  0x000002159eb33198: 0f1f 8400 | 0000 0000 | e943 d5ff | ff4b 894c | 13f8 4983 | c2f8 4d89 | 5748 e931 | d5ff ff4d 
  0x000002159eb331b8: 8b57 484d | 8b5f 58f0 | 8344 24c0 | 0080 3900 | 0f84 82d4 | ffff 4488 | 214d 85d2 | 7520 498b 
  0x000002159eb331d8: d7c5 f877 | 49ba 9022 | cec7 fe7f | 0000 41ff 

  0x000002159eb331e8: ;   {other}
  0x000002159eb331e8: d20f 1f84 | 0000 0000 | 00e9 5ad4 | ffff 4b89 | 4c13 f849 | 83c2 f84d | 8957 48e9 | 48d4 ffff 
  0x000002159eb33208: 4d8b 5748 | 4d8b 5f58 | f083 4424 | c000 8039 | 000f 847d | d4ff ff44 | 8821 4d85 | d275 2049 
  0x000002159eb33228: 8bd7 c5f8 | 7749 ba90 | 22ce c7fe | 7f00 0041 

  0x000002159eb33238: ;   {other}
  0x000002159eb33238: ffd2 0f1f | 8400 0000 | 0000 e955 | d4ff ff4b | 894c 13f8 | 4983 c2f8 | 4d89 5748 | e943 d4ff 
  0x000002159eb33258: ff44 8b57 | 1c45 85d2 | 0f84 a5d5 | ffff 4d8b | 5f28 498b | ca48 c1e1 | 034d 85db | 0f84 9e19 
  0x000002159eb33278: 0000 4d8b | 5738 4b89 | 4c1a f849 | 83c3 f84d | 895f 28e9 | 7bd5 ffff | 448b 5310 | 4585 d20f 
  0x000002159eb33298: 8463 d5ff | ff4d 8b5f | 2849 8bca | 48c1 e103 | 4d85 db0f | 8447 1900 | 004d 8b57 | 384b 894c 
  0x000002159eb332b8: 1af8 4983 | c3f8 4d89 | 5f28 e939 | d5ff ff49 | 8b87 b801 | 0000 4c8b | d049 83c2 | 204d 3b97 
  0x000002159eb332d8: c801 0000 | 0f83 d623 | 0000 4d89 | 97b8 0100 | 0041 0f0d | 8a00 0100 | 0048 c700 | 0100 0000 
  0x000002159eb332f8: 410f 0d8a | 4001 0000 

  0x000002159eb33300: ;   {metadata('sun/nio/fs/NativeBuffer'[])}
  0x000002159eb33300: c740 08d0 | 9308 0041 | 0f0d 8a80 | 0100 00c7 | 400c 0300 | 0000 4c89 | 6010 4c89 | 6018 4c8b 
  0x000002159eb33320: c041 8968 

  0x000002159eb33324: ;   {oop(a 'sun/nio/fs/NativeBuffers$1'{0x00000006006cfe50})}
  0x000002159eb33324: 1048 ba50 | fe6c 0006 | 0000 0090 

  0x000002159eb33330: ;   {optimized virtual_call}
  0x000002159eb33330: c5f8 77e8 

  0x000002159eb33334: ; ImmutableOopMap {[32]=Oop [48]=NarrowOop [56]=Oop [72]=Oop [80]=NarrowOop [88]=Oop [96]=Oop [104]=Oop [112]=Oop [120]=Oop [128]=NarrowOop [136]=Oop [144]=Oop [176]=NarrowOop [296]=Oop }
                      ;*invokevirtual set {reexecute=0 rethrow=0 return_oop=0}
                      ; - sun.nio.fs.NativeBuffers::releaseNativeBuffer@27
                      ; - sun.nio.fs.NativeBuffer::release@1
                      ; - sun.nio.fs.NativeBuffer::close@1
                      ; - sun.nio.fs.WindowsNativeDispatcher::GetFileAttributesEx@41
                      ; - sun.nio.fs.WindowsFileAttributes::get@26
                      ; - sun.nio.fs.WindowsFileAttributeViews$Basic::readAttributes@15
                      ; - sun.nio.fs.WindowsFileAttributeViews$Basic::readAttributes@1
                      ; - sun.nio.fs.WindowsFileSystemProvider::readAttributes@57
                      ; - java.nio.file.spi.FileSystemProvider::readAttributesIfExists@4
                      ; - java.nio.file.Files::isRegularFile@9
                      ; - java.io.FileInputStream::<init>@136
                      ; - jdk.internal.loader.URLClassPath$FileLoader$1::getInputStream@8
                      ; - jdk.internal.loader.Resource::cachedInputStream@9
                      ; - jdk.internal.loader.Resource::getByteBuffer@1
                      ; - java.net.URLClassLoader::defineClass@132
                      ; - java.net.URLClassLoader$1::run@43
                      ; - java.net.URLClassLoader$1::run@1
  0x000002159eb33334: 48b7 80ff 

  0x000002159eb33338: ;   {other}
  0x000002159eb33338: 0f1f 8400 | a854 005b | e9a8 dcff | ff4c 8b54 | 2468 458b | 5a20 4585 | db0f 8407 | dfff ff4d 
  0x000002159eb33358: 8b57 2849 | 8bcb 48c1 | e103 4d85 | d20f 8409 | 1a00 004d | 8b5f 384b | 894c 13f8 | 4983 c2f8 
  0x000002159eb33378: 4d89 5728 | e9dd deff | ff49 8b87 | b801 0000 | 4c8b d049 | 83c2 204d | 3b97 c801 | 0000 0f83 
  0x000002159eb33398: 4123 0000 | 4d89 97b8 | 0100 0041 | 0f0d 8a00 | 0100 0048 | c700 0100 | 0000 410f | 0d8a 4001 
  0x000002159eb333b8: ;   {metadata('sun/nio/fs/NativeBuffer'[])}
  0x000002159eb333b8: 0000 c740 | 08d0 9308 | 0041 0f0d | 8a80 0100 | 00c7 400c | 0300 0000 | 4c89 6010 | 4c89 6018 
  0x000002159eb333d8: 4c8b c041 

  0x000002159eb333dc: ;   {oop(a 'sun/nio/fs/NativeBuffers$1'{0x00000006006cfe50})}
  0x000002159eb333dc: 8968 1048 | ba50 fe6c | 0006 0000 | 0066 6690 

  0x000002159eb333ec: ;   {optimized virtual_call}
  0x000002159eb333ec: c5f8 77e8 

  0x000002159eb333f0: ; ImmutableOopMap {[32]=Oop [48]=NarrowOop [56]=Oop [72]=Oop [80]=NarrowOop [88]=Oop [96]=Oop [104]=Oop [112]=Oop [120]=Oop [128]=NarrowOop [136]=Oop [144]=Oop [176]=NarrowOop [192]=Oop }
                      ;*invokevirtual set {reexecute=0 rethrow=0 return_oop=0}
                      ; - sun.nio.fs.NativeBuffers::releaseNativeBuffer@27
                      ; - sun.nio.fs.NativeBuffer::release@1
                      ; - sun.nio.fs.NativeBuffer::close@1
                      ; - sun.nio.fs.WindowsFileAttributes::get@62
                      ; - sun.nio.fs.WindowsFileAttributeViews$Basic::readAttributes@15
                      ; - sun.nio.fs.WindowsFileAttributeViews$Basic::readAttributes@1
                      ; - sun.nio.fs.WindowsFileSystemProvider::readAttributes@57
                      ; - java.nio.file.spi.FileSystemProvider::readAttributesIfExists@4
                      ; - java.nio.file.Files::isRegularFile@9
                      ; - java.io.FileInputStream::<init>@136
                      ; - jdk.internal.loader.URLClassPath$FileLoader$1::getInputStream@8
                      ; - jdk.internal.loader.Resource::cachedInputStream@9
                      ; - jdk.internal.loader.Resource::getByteBuffer@1
                      ; - java.net.URLClassLoader::defineClass@132
                      ; - java.net.URLClassLoader$1::run@43
                      ; - java.net.URLClassLoader$1::run@1
  0x000002159eb333f0: 8cb6 80ff 

  0x000002159eb333f4: ;   {other}
  0x000002159eb333f4: 0f1f 8400 | 6455 005c | e914 deff | ff4d 8b57 | 484d 8b5f | 58f0 8344 | 24c0 0080 | 3900 0f84 
  0x000002159eb33414: 84de ffff | 4488 214d | 85d2 7520 | 498b d7c5 | f877 49ba | 9022 cec7 | fe7f 0000 

  0x000002159eb33430: ;   {other}
  0x000002159eb33430: 41ff d20f | 1f84 0000 | 0000 00e9 | 5cde ffff | 4b89 4c13 | f849 83c2 | f84d 8957 | 48e9 4ade 
  0x000002159eb33450: ffff 4963 | c9e9 e0bc | ffff 4883 | c1fe 4833 | c048 83f9 | 087f 1048 | ffc9 784f | 4889 04cf 
  0x000002159eb33470: 48ff c97d | f7eb 44c5 | fdef c0e9 | 0d00 0000 | c5fe 7f07 | c5fe 7f47 | 2048 83c7 | 4048 83e9 
  0x000002159eb33490: 087d ed48 | 83c1 047c | 0cc5 fe7f | 0748 83c7 | 2048 83e9 | 0448 83c1 | 047e 1048 | ffc9 c5f9 
  0x000002159eb334b0: d607 4883 | c708 48ff | c97d f3e9 | 4bbd ffff | bacc ffff | ff48 8b6c | 2458 4889 | 4424 f88b 
  0x000002159eb334d0: 4424 3089 | 4424 2848 | 8b44 24f8 | 4c89 7424 | 304c 8b5c | 2440 4c89 | 5c24 3844 | 894c 2440 
  0x000002159eb334f0: 4489 5424 | 4848 895c | 2458 4489 | 4424 4c90 

  0x000002159eb33500: ;   {runtime_call UncommonTrapBlob}
  0x000002159eb33500: c5f8 77e8 

  0x000002159eb33504: ; ImmutableOopMap {rbp=Oop [40]=NarrowOop [48]=Oop [72]=NarrowOop [76]=NarrowOop [88]=Oop [176]=NarrowOop }
                      ;*newarray {reexecute=1 rethrow=0 return_oop=0}
                      ; - (reexecute) java.util.Arrays::copyOfRangeByte@10
                      ; - java.util.Arrays::copyOfRange@13
                      ; - java.lang.StringLatin1::newString@16
                      ; - java.lang.String::substring@41
                      ; - java.net.URLClassLoader::defineClass@28
                      ; - java.net.URLClassLoader$1::run@43
                      ; - java.net.URLClassLoader$1::run@1
  0x000002159eb33504: 780e 81ff 

  0x000002159eb33508: ;   {other}
  0x000002159eb33508: 0f1f 8400 | 7856 005d | 448b 5b10 | 4585 db0f | 8467 d6ff | ff4d 8b57 | 2849 8bcb | 48c1 e103 
  0x000002159eb33528: 4d85 d20f | 8497 1800 | 004d 8b5f | 384b 894c | 13f8 4983 | c2f8 4d89 | 5728 e93d | d6ff ff44 
  0x000002159eb33548: 8b1b 4585 | db0f 8467 | daff ff4d | 8b57 2849 | 8bcb 48c1 | e103 4d85 | d20f 8481 | 1800 004d 
  0x000002159eb33568: 8b5f 384b | 894c 13f8 | 4983 c2f8 | 4d89 5728 | e93d daff | ff44 8b13 | 4585 d20f | 8459 dcff 
  0x000002159eb33588: ff4d 8b5f | 2849 8bca | 48c1 e103 | 4d85 db0f | 846b 1800 | 004d 8b57 | 384b 894c | 1af8 4983 
  0x000002159eb335a8: c3f8 4d89 | 5f28 e92f | dcff ff4d | 8b57 484d | 8b5f 58f0 | 8344 24c0 | 0080 3900 | 0f84 23da 
  0x000002159eb335c8: ffff 4488 | 214d 85d2 | 7520 498b | d7c5 f877 | 49ba 9022 | cec7 fe7f | 0000 41ff 

  0x000002159eb335e4: ;   {other}
  0x000002159eb335e4: d20f 1f84 | 0000 0000 | 00e9 fbd9 | ffff 4b89 | 4c13 f849 | 83c2 f84d | 8957 48e9 | e9d9 ffff 
  0x000002159eb33604: 4d8b 5748 | 4d8b 5f58 | f083 4424 | c000 8039 | 000f 84fa | dbff ff44 | 8821 4d85 | d275 2049 
  0x000002159eb33624: 8bd7 c5f8 | 7749 ba90 | 22ce c7fe | 7f00 0041 

  0x000002159eb33634: ;   {other}
  0x000002159eb33634: ffd2 0f1f | 8400 0000 | 0000 e9d2 | dbff ff4b | 894c 13f8 | 4983 c2f8 | 4d89 5748 | e9c0 dbff 
  0x000002159eb33654: ffba 76ff | ffff 895c | 2428 4c89 | 5424 3089 | 4c24 3844 | 894c 243c 

  0x000002159eb3366c: ;   {runtime_call UncommonTrapBlob}
  0x000002159eb3366c: c5f8 77e8 

  0x000002159eb33670: ; ImmutableOopMap {[48]=Oop [56]=NarrowOop [60]=NarrowOop [88]=Oop }
                      ;*if_icmpge {reexecute=1 rethrow=0 return_oop=0}
                      ; - (reexecute) java.lang.StringLatin1::replace@61
                      ; - java.lang.String::replace@18
                      ; - java.net.URLClassLoader$1::run@8
                      ; - java.net.URLClassLoader$1::run@1
  0x000002159eb33670: 0c0d 81ff 

  0x000002159eb33674: ;   {other}
  0x000002159eb33674: 0f1f 8400 | e457 005e | 41ba 0100 | 0000 e97e | b5ff ff4c | 8b4c 2468 | 458b 5918 | 4585 db0f 
  0x000002159eb33694: 8407 e2ff | ff4d 8b57 | 2849 8bcb | 48c1 e103 | 4d85 d20f | 847f 1900 | 004d 8b5f | 384b 894c 
  0x000002159eb336b4: 13f8 4983 | c2f8 4d89 | 5728 e9dd | e1ff ff45 | 8b51 2845 | 85d2 0f84 | 69e2 ffff | 4d8b 5f28 
  0x000002159eb336d4: 498b ca48 | c1e1 034d | 85db 0f84 | 6d19 0000 | 4d8b 5738 | 4b89 4c1a | f849 83c3 | f84d 895f 
  0x000002159eb336f4: 28e9 3fe2 | ffff 458b | 5910 4585 | db0f 84ea | e1ff ff4d | 8b57 2849 | 8bcb 48c1 | e103 4d85 
  0x000002159eb33714: d20f 84e5 | 1800 004d | 8b5f 384b | 894c 13f8 | 4983 c2f8 | 4d89 5728 | e9c0 e1ff | ff4d 8b57 
  0x000002159eb33734: 484d 8b5f | 58f0 8344 | 24c0 0080 | 3900 0f84 | 2ee2 ffff | 4488 214d | 85d2 7526 | 498b d949 
  0x000002159eb33754: 8bd7 c5f8 | 7749 ba90 | 22ce c7fe | 7f00 0041 

  0x000002159eb33764: ;   {other}
  0x000002159eb33764: ffd2 0f1f | 8400 0000 | 0000 4c8b | cbe9 00e2 | ffff 4b89 | 4c13 f849 | 83c2 f84d | 8957 48e9 
  0x000002159eb33784: eee1 ffff | 4d8b 5748 | 4d8b 5f58 | f083 4424 | c000 8039 | 000f 8441 | e1ff ff44 | 8821 4d85 
  0x000002159eb337a4: d275 2949 | 8bd9 498b | d7c5 f877 | 49ba 9022 | cec7 fe7f | 0000 41ff 

  0x000002159eb337bc: ;   {other}
  0x000002159eb337bc: d20f 1f84 | 0000 0000 | 004c 8bcb | 488b dde9 | 10e1 ffff | 4b89 4c13 | f849 83c2 | f84d 8957 
  0x000002159eb337dc: 48e9 fee0 | ffff 4d8b | 5748 4d8b | 5f58 f083 | 4424 c000 | 8039 000f | 8435 e1ff | ff44 8821 
  0x000002159eb337fc: 4d85 d275 | 2c48 8bfb | 498b d949 | 8bd7 c5f8 | 7749 ba90 | 22ce c7fe | 7f00 0041 

  0x000002159eb33818: ;   {other}
  0x000002159eb33818: ffd2 0f1f | 8400 0000 | 0000 4c8b | cb48 8bdf | e901 e1ff | ff4b 894c | 13f8 4983 | c2f8 4d89 
  0x000002159eb33838: 5748 e9ef | e0ff ff33 | ed45 85db | 400f 94c5 | ba45 ffff | ff89 4c24 | 2866 6690 

  0x000002159eb33854: ;   {runtime_call UncommonTrapBlob}
  0x000002159eb33854: c5f8 77e8 

  0x000002159eb33858: ; ImmutableOopMap {[40]=NarrowOop [88]=Oop }
                      ;*ifeq {reexecute=1 rethrow=0 return_oop=0}
                      ; - (reexecute) java.lang.String::replace@9
                      ; - java.net.URLClassLoader$1::run@8
                      ; - java.net.URLClassLoader$1::run@1
  0x000002159eb33858: 240b 81ff 

  0x000002159eb3385c: ;   {other}
  0x000002159eb3385c: 0f1f 8400 | cc59 005f | 448b 9c24 | 8000 0000 | 478b 54dc | 1445 85d2 | 0f84 06ca | ffff 4d8b 
  0x000002159eb3387c: 5f28 498b | ca48 c1e1 | 034d 85db | 0f84 4618 | 0000 4d8b | 5738 4b89 | 4c1a f849 | 83c3 f84d 
  0x000002159eb3389c: 895f 28e9 | dcc9 ffff | 4d8b 5748 | 4d8b 5f58 | f083 4424 | c000 8039 | 000f 840e | caff ff44 
  0x000002159eb338bc: 8821 4d85 | d275 2049 | 8bd7 c5f8 | 7749 ba90 | 22ce c7fe | 7f00 0041 

  0x000002159eb338d4: ;   {other}
  0x000002159eb338d4: ffd2 0f1f | 8400 0000 | 0000 e9e6 | c9ff ff4b | 894c 13f8 | 4983 c2f8 | 4d89 5748 | e9d4 c9ff 
  0x000002159eb338f4: ff4c 8b94 | 24b8 0000 | 0045 8b5a | 1c45 85db | 0f84 00d5 | ffff 4d8b | 5728 498b | cb48 c1e1 
  0x000002159eb33914: 034d 85d2 | 0f84 d218 | 0000 4d8b | 5f38 4b89 | 4c13 f849 | 83c2 f84d | 8957 28e9 | d6d4 ffff 
  0x000002159eb33934: 4d8b 5748 | 4d8b 5f58 | f083 4424 | c000 8039 | 000f 8409 | d5ff ff44 | 8821 4d85 | d275 2049 
  0x000002159eb33954: 8bd7 c5f8 | 7749 ba90 | 22ce c7fe | 7f00 0041 

  0x000002159eb33964: ;   {other}
  0x000002159eb33964: ffd2 0f1f | 8400 0000 | 0000 e9e1 | d4ff ff4b | 894c 13f8 | 4983 c2f8 | 4d89 5748 | e9cf d4ff 
  0x000002159eb33984: ff4c 8b94 | 24a8 0000 | 0041 c642 | 1101 4d8b | 9750 0400 

  0x000002159eb33998: ; ImmutableOopMap {[32]=Oop [48]=NarrowOop [56]=Oop [72]=Oop [80]=NarrowOop [88]=Oop [96]=Oop [104]=Oop [112]=NarrowOop [120]=Oop [128]=NarrowOop [136]=Oop [144]=Oop [160]=NarrowOop [168]=Oop [176]=NarrowOop [184]=Oop }
                      ;*goto {reexecute=1 rethrow=0 return_oop=0}
                      ; - (reexecute) sun.nio.fs.WindowsChannelFactory$Flags::toFlags@153
                      ; - sun.nio.fs.WindowsChannelFactory::newFileChannel@1
                      ; - sun.nio.fs.WindowsFileSystemProvider::newFileChannel@55
                      ; - java.io.IoOverNioFileSystem::initializeStreamsUsingNio0@14
                      ; - java.io.IoOverNioFileSystem::initializeStreamUsingNio@15
                      ; - java.io.FileInputStream::<init>@197
                      ; - jdk.internal.loader.URLClassPath$FileLoader$1::getInputStream@8
                      ; - jdk.internal.loader.Resource::cachedInputStream@9
                      ; - jdk.internal.loader.Resource::getByteBuffer@1
                      ; - java.net.URLClassLoader::defineClass@132
                      ; - java.net.URLClassLoader$1::run@43
                      ; - java.net.URLClassLoader$1::run@1
                      ;   {poll}
  0x000002159eb33998: 0041 8502 | e9e2 dbff | ffba 45ff | ffff 4c89 | 4424 2044 | 894c 2428 

  0x000002159eb339b0: ;   {runtime_call UncommonTrapBlob}
  0x000002159eb339b0: c5f8 77e8 

  0x000002159eb339b4: ; ImmutableOopMap {[32]=Oop [88]=Oop }
                      ;*iflt {reexecute=1 rethrow=0 return_oop=0}
                      ; - (reexecute) java.lang.StringConcatHelper::checkOverflow@2
                      ; - java.lang.StringConcatHelper::mix@23
                      ; - java.lang.StringConcatHelper::simpleConcat@46
                      ; - java.lang.String::concat@11
                      ; - java.net.URLClassLoader$1::run@13
                      ; - java.net.URLClassLoader$1::run@1
  0x000002159eb339b4: c809 81ff 

  0x000002159eb339b8: ;   {other}
  0x000002159eb339b8: 0f1f 8400 | 285b 0061 | ba45 ffff | ff4c 8944 | 2428 6690 

  0x000002159eb339cc: ;   {runtime_call UncommonTrapBlob}
  0x000002159eb339cc: c5f8 77e8 

  0x000002159eb339d0: ; ImmutableOopMap {[40]=Oop [88]=Oop }
                      ;*iflt {reexecute=1 rethrow=0 return_oop=0}
                      ; - (reexecute) java.lang.StringConcatHelper::checkOverflow@2
                      ; - java.lang.StringConcatHelper::mix@23
                      ; - java.lang.StringConcatHelper::simpleConcat@54
                      ; - java.lang.String::concat@11
                      ; - java.net.URLClassLoader$1::run@13
                      ; - java.net.URLClassLoader$1::run@1
  0x000002159eb339d0: ac09 81ff 

  0x000002159eb339d4: ;   {other}
  0x000002159eb339d4: 0f1f 8400 | 445b 0062 | ba45 ffff | ff4c 8944 | 2428 4489 | 5c24 3890 

  0x000002159eb339ec: ;   {runtime_call UncommonTrapBlob}
  0x000002159eb339ec: c5f8 77e8 

  0x000002159eb339f0: ; ImmutableOopMap {rbp=Oop [40]=Oop [88]=Oop }
                      ;*if_icmpne {reexecute=1 rethrow=0 return_oop=0}
                      ; - (reexecute) java.lang.String::getBytes@5
                      ; - java.lang.StringConcatHelper::prepend@21
                      ; - java.lang.StringConcatHelper::simpleConcat@81
                      ; - java.lang.String::concat@11
                      ; - java.net.URLClassLoader$1::run@13
                      ; - java.net.URLClassLoader$1::run@1
  0x000002159eb339f0: 8c09 81ff 

  0x000002159eb339f4: ;   {other}
  0x000002159eb339f4: 0f1f 8400 | 645b 0063 | 448b 5b1c | 4585 db0f | 84ec d9ff | ff4d 8b57 | 2849 8bcb | 48c1 e103 
  0x000002159eb33a14: 4d85 d20f | 842b 1900 | 004d 8b5f | 384b 894c | 13f8 4983 | c2f8 4d89 | 5728 e9c2 | d9ff ff4d 
  0x000002159eb33a34: 8b57 484d | 8b5f 58f0 | 8344 24c0 | 0080 3900 | 0f84 e5d9 | ffff 4488 | 214d 85d2 | 7520 498b 
  0x000002159eb33a54: d7c5 f877 | 49ba 9022 | cec7 fe7f | 0000 41ff 

  0x000002159eb33a64: ;   {other}
  0x000002159eb33a64: d20f 1f84 | 0000 0000 | 00e9 bdd9 | ffff 4b89 | 4c13 f849 | 83c2 f84d | 8957 48e9 | abd9 ffff 
  0x000002159eb33a84: ba45 ffff | ff4c 8944 | 2420 4889 | 7424 2844 | 895c 2430 

  0x000002159eb33a98: ;   {runtime_call UncommonTrapBlob}
  0x000002159eb33a98: c5f8 77e8 

  0x000002159eb33a9c: ; ImmutableOopMap {[32]=Oop [88]=Oop }
                      ;*if_icmpne {reexecute=1 rethrow=0 return_oop=0}
                      ; - (reexecute) java.lang.StringConcatHelper::mix@13
                      ; - java.lang.StringConcatHelper::simpleConcat@46
                      ; - java.lang.String::concat@11
                      ; - java.net.URLClassLoader$1::run@13
                      ; - java.net.URLClassLoader$1::run@1
  0x000002159eb33a9c: e008 81ff 

  0x000002159eb33aa0: ;   {other}
  0x000002159eb33aa0: 0f1f 8400 | 105c 0064 | ba45 ffff | ff4c 8944 | 2420 4889 | 4424 2889 | 5c24 3090 

  0x000002159eb33abc: ;   {runtime_call UncommonTrapBlob}
  0x000002159eb33abc: c5f8 77e8 

  0x000002159eb33ac0: ; ImmutableOopMap {[32]=Oop [88]=Oop }
                      ;*ifge {reexecute=1 rethrow=0 return_oop=0}
                      ; - (reexecute) java.lang.StringConcatHelper::newArray@13
                      ; - java.lang.StringConcatHelper::simpleConcat@61
                      ; - java.lang.String::concat@11
                      ; - java.net.URLClassLoader$1::run@13
                      ; - java.net.URLClassLoader$1::run@1
  0x000002159eb33ac0: bc08 81ff 

  0x000002159eb33ac4: ;   {other}
  0x000002159eb33ac4: 0f1f 8400 | 345c 0065 | baf6 ffff | ff4c 8974 | 2438 4489 | 5424 4848 | 894c 2450 

  0x000002159eb33ae0: ;   {runtime_call UncommonTrapBlob}
  0x000002159eb33ae0: c5f8 77e8 

  0x000002159eb33ae4: ; ImmutableOopMap {rbp=NarrowOop [48]=NarrowOop [56]=Oop [72]=NarrowOop [80]=Oop [88]=Oop [176]=NarrowOop }
                      ;*invokevirtual getInputStream {reexecute=0 rethrow=0 return_oop=0}
                      ; - jdk.internal.loader.URLClassPath$JarLoader$2::getInputStream@11
                      ; - jdk.internal.loader.Resource::cachedInputStream@9
                      ; - jdk.internal.loader.Resource::getByteBuffer@1
                      ; - java.net.URLClassLoader::defineClass@132
                      ; - java.net.URLClassLoader$1::run@43
                      ; - java.net.URLClassLoader$1::run@1
  0x000002159eb33ae4: 9808 81ff 

  0x000002159eb33ae8: ;   {other}
  0x000002159eb33ae8: 0f1f 8400 | 585c 0066 | 33ed 4585 | d240 0f94 | c5ba 45ff | ffff 4c89 | 7424 3848 | 8944 24f8 
  0x000002159eb33b08: 8b84 24b0 | 0000 0089 | 4424 3448 | 8b44 24f8 | 897c 244c 

  0x000002159eb33b1c: ;   {runtime_call UncommonTrapBlob}
  0x000002159eb33b1c: c5f8 77e8 

  0x000002159eb33b20: ; ImmutableOopMap {[48]=NarrowOop [52]=NarrowOop [56]=Oop [88]=Oop }
                      ;*ifeq {reexecute=1 rethrow=0 return_oop=0}
                      ; - (reexecute) java.lang.String::lastIndexOf@4
                      ; - java.lang.String::lastIndexOf@8
                      ; - java.net.URLClassLoader::defineClass@7
                      ; - java.net.URLClassLoader$1::run@43
                      ; - java.net.URLClassLoader$1::run@1
  0x000002159eb33b20: 5c08 81ff 

  0x000002159eb33b24: ;   {other}
  0x000002159eb33b24: 0f1f 8400 | 945c 0067 | ba45 ffff | ff48 8b6c | 2458 895c | 2428 4c89 | 7424 3048 | ff74 2440 
  0x000002159eb33b44: 488f 4424 | 3844 894c | 2440 4489 | 4c24 4448 | 8944 24f8 | 8b84 24b0 | 0000 0089 | 4424 4848 
  0x000002159eb33b64: 8b44 24f8 | 4489 5424 | 4c89 4c24 | 5866 6690 

  0x000002159eb33b74: ;   {runtime_call UncommonTrapBlob}
  0x000002159eb33b74: c5f8 77e8 

  0x000002159eb33b78: ; ImmutableOopMap {rbp=Oop [40]=NarrowOop [48]=Oop [72]=NarrowOop [76]=NarrowOop }
                      ;*if_icmpgt {reexecute=1 rethrow=0 return_oop=0}
                      ; - (reexecute) jdk.internal.util.Preconditions::checkFromToIndex@6
                      ; - java.lang.String::checkBoundsBeginEnd@6
                      ; - java.lang.String::substring@8
                      ; - java.net.URLClassLoader::defineClass@28
                      ; - java.net.URLClassLoader$1::run@43
                      ; - java.net.URLClassLoader$1::run@1
  0x000002159eb33b78: 0408 81ff 

  0x000002159eb33b7c: ;   {other}
  0x000002159eb33b7c: 0f1f 8400 | ec5c 0068 | 4c89 5c24 | 7048 895c | 2460 4c89 | 6c24 5048 | ff74 2420 | 488f 4424 
  0x000002159eb33b9c: 4844 8954 | 2434 4c8b | 6c24 2849 | 8bd7 c5f8 | 7749 bab0 | 22ce c7fe | 7f00 0041 

  0x000002159eb33bb8: ;   {other}
  0x000002159eb33bb8: ffd2 0f1f | 8400 0000 | 0000 4c89 | 6c24 2844 | 8b54 2434 | 48ff 7424 | 4848 8f44 | 2420 4c8b 
  0x000002159eb33bd8: 6c24 5048 | 8b5c 2460 | 4c8b 5c24 | 70e9 2cb6 | ffff ba45 | ffff ff48 | 8b6c 2458 | 895c 2428 
  0x000002159eb33bf8: 4c89 7424 | 3048 ff74 | 2440 488f | 4424 3844 | 894c 2440 | 4489 4c24 | 4448 8944 | 24f8 8b84 
  0x000002159eb33c18: 24b0 0000 | 0089 4424 | 4848 8b44 | 24f8 4489 | 5424 4c89 | 4c24 5889 | 4c24 5c90 

  0x000002159eb33c34: ;   {runtime_call UncommonTrapBlob}
  0x000002159eb33c34: c5f8 77e8 

  0x000002159eb33c38: ; ImmutableOopMap {rbp=Oop [40]=NarrowOop [48]=Oop [72]=NarrowOop [76]=NarrowOop }
                      ;*if_icmple {reexecute=1 rethrow=0 return_oop=0}
                      ; - (reexecute) jdk.internal.util.Preconditions::checkFromToIndex@11
                      ; - java.lang.String::checkBoundsBeginEnd@6
                      ; - java.lang.String::substring@8
                      ; - java.net.URLClassLoader::defineClass@28
                      ; - java.net.URLClassLoader$1::run@43
                      ; - java.net.URLClassLoader$1::run@1
  0x000002159eb33c38: 4407 81ff 

  0x000002159eb33c3c: ;   {other}
  0x000002159eb33c3c: 0f1f 8400 | ac5d 0069 | 4533 c0e9 | 93e6 ffff | 498b f149 | 8bd7 c5f8 | 7749 bab0 | 22ce c7fe 
  0x000002159eb33c5c: 7f00 0041 

  0x000002159eb33c60: ;   {other}
  0x000002159eb33c60: ffd2 0f1f | 8400 0000 | 0000 4c8b | cee9 e7b8 | ffff 448b | 9c24 a400 | 0000 498b | d348 c1e2 
  0x000002159eb33c80: 0366 6690 

  0x000002159eb33c84: ;   {static_call}
  0x000002159eb33c84: c5f8 77e8 

  0x000002159eb33c88: ; ImmutableOopMap {[32]=Oop [48]=NarrowOop [56]=Oop [72]=Oop [80]=NarrowOop [88]=Oop [96]=Oop [104]=Oop [112]=Oop [120]=Oop [128]=NarrowOop [132]=NarrowOop [136]=Oop [144]=Oop [168]=Oop [176]=NarrowOop [184]=Oop [296]=Oop }
                      ;*invokestatic toChars {reexecute=0 rethrow=0 return_oop=1}
                      ; - java.lang.String::toCharArray@21
                      ; - sun.nio.fs.WindowsNativeDispatcher::asNativeBuffer@58
                      ; - sun.nio.fs.WindowsNativeDispatcher::GetFileAttributesEx@1
                      ; - sun.nio.fs.WindowsFileAttributes::get@26
                      ; - sun.nio.fs.WindowsFileAttributeViews$Basic::readAttributes@15
                      ; - sun.nio.fs.WindowsFileAttributeViews$Basic::readAttributes@1
                      ; - sun.nio.fs.WindowsFileSystemProvider::readAttributes@57
                      ; - java.nio.file.spi.FileSystemProvider::readAttributesIfExists@4
                      ; - java.nio.file.Files::isRegularFile@9
                      ; - java.io.FileInputStream::<init>@136
                      ; - jdk.internal.loader.URLClassPath$FileLoader$1::getInputStream@8
                      ; - jdk.internal.loader.Resource::cachedInputStream@9
                      ; - jdk.internal.loader.Resource::getByteBuffer@1
                      ; - java.net.URLClassLoader::defineClass@132
                      ; - java.net.URLClassLoader$1::run@43
                      ; - java.net.URLClassLoader$1::run@1
  0x000002159eb33c88: f4b3 80ff 

  0x000002159eb33c8c: ;   {other}
  0x000002159eb33c8c: 0f1f 8400 | fc5d 006a | 4889 8424 | 0801 0000 | e96e d0ff | ff45 8b52 | 1045 85d2 | 0f84 c2e1 
  0x000002159eb33cac: ffff 4d8b | 5f28 498b | ca48 c1e1 | 034d 85db | 0f84 b619 | 0000 4d8b | 5738 4b89 | 4c1a f849 
  0x000002159eb33ccc: 83c3 f84d | 895f 28e9 | 98e1 ffff | 4c8b d345 | 8b5a 1c45 | 85db 0f84 | d7e1 ffff | 4d8b 5728 
  0x000002159eb33cec: 498b cb48 | c1e1 034d | 85d2 0f84 | 5c19 0000 | 4d8b 5f38 | 4b89 4c13 | f849 83c2 | f84d 8957 
  0x000002159eb33d0c: 28e9 ade1 | ffff 448b | 1745 85d2 | 0f84 01e2 | ffff 4d8b | 5f28 498b | ca48 c1e1 | 034d 85db 
  0x000002159eb33d2c: 0f84 6619 | 0000 4d8b | 5738 4b89 | 4c1a f849 | 83c3 f84d | 895f 28e9 | d7e1 ffff | 4d8b 5748 
  0x000002159eb33d4c: 4d8b 5f58 | f083 4424 | c000 8039 | 000f 844f | e1ff ff44 | 8821 4d85 | d275 2049 | 8bd7 c5f8 
  0x000002159eb33d6c: 7749 ba90 | 22ce c7fe | 7f00 0041 

  0x000002159eb33d78: ;   {other}
  0x000002159eb33d78: ffd2 0f1f | 8400 0000 | 0000 e927 | e1ff ff4b | 894c 13f8 | 4983 c2f8 | 4d89 5748 | e915 e1ff 
  0x000002159eb33d98: ff4d 8b57 | 484d 8b5f | 58f0 8344 | 24c0 0080 | 3900 0f84 | 4ce1 ffff | 4488 214d | 85d2 7520 
  0x000002159eb33db8: 498b d7c5 | f877 49ba | 9022 cec7 | fe7f 0000 

  0x000002159eb33dc8: ;   {other}
  0x000002159eb33dc8: 41ff d20f | 1f84 0000 | 0000 00e9 | 24e1 ffff | 4b89 4c13 | f849 83c2 | f84d 8957 | 48e9 12e1 
  0x000002159eb33de8: ffff 4d8b | 5748 4d8b | 5f58 f083 | 4424 c000 | 8039 000f | 8454 e1ff | ff44 8821 | 4d85 d275 
  0x000002159eb33e08: 2049 8bd7 | c5f8 7749 | ba90 22ce | c7fe 7f00 | 0041 ffd2 

  0x000002159eb33e1c: ;   {other}
  0x000002159eb33e1c: 0f1f 8400 | 0000 0000 | e92c e1ff | ff4b 894c | 13f8 4983 | c2f8 4d89 | 5748 e91a | e1ff ff48 
  0x000002159eb33e3c: 8b94 2428 | 0100 0090 

  0x000002159eb33e44: ;   {optimized virtual_call}
  0x000002159eb33e44: c5f8 77e8 

  0x000002159eb33e48: ; ImmutableOopMap {[32]=Oop [48]=NarrowOop [56]=Oop [72]=Oop [80]=NarrowOop [88]=Oop [96]=Oop [104]=Oop [112]=Oop [120]=Oop [128]=NarrowOop [136]=Oop [144]=Oop [176]=NarrowOop }
                      ;*invokevirtual close {reexecute=0 rethrow=0 return_oop=0}
                      ; - sun.nio.fs.WindowsFileAttributes::get@73
                      ; - sun.nio.fs.WindowsFileAttributeViews$Basic::readAttributes@15
                      ; - sun.nio.fs.WindowsFileAttributeViews$Basic::readAttributes@1
                      ; - sun.nio.fs.WindowsFileSystemProvider::readAttributes@57
                      ; - java.nio.file.spi.FileSystemProvider::readAttributesIfExists@4
                      ; - java.nio.file.Files::isRegularFile@9
                      ; - java.io.FileInputStream::<init>@136
                      ; - jdk.internal.loader.URLClassPath$FileLoader$1::getInputStream@8
                      ; - jdk.internal.loader.Resource::cachedInputStream@9
                      ; - jdk.internal.loader.Resource::getByteBuffer@1
                      ; - java.net.URLClassLoader::defineClass@132
                      ; - java.net.URLClassLoader$1::run@43
                      ; - java.net.URLClassLoader$1::run@1
  0x000002159eb33e48: 34ac 80ff 

  0x000002159eb33e4c: ;   {other}
  0x000002159eb33e4c: 0f1f 8400 | bc5f 006b | 488b 9424 | 9000 0000 | 448b 4424 | 5466 6690 

  0x000002159eb33e64: ;   {optimized virtual_call}
  0x000002159eb33e64: c5f8 77e8 

  0x000002159eb33e68: ; ImmutableOopMap {[32]=Oop [48]=NarrowOop [56]=Oop [72]=Oop [80]=NarrowOop [88]=Oop [96]=Oop [104]=Oop [112]=Oop [120]=Oop [128]=NarrowOop [136]=Oop [144]=Oop [176]=NarrowOop }
                      ;*invokevirtual openForReadAttributeAccess {reexecute=0 rethrow=0 return_oop=0}
                      ; - sun.nio.fs.WindowsFileAttributes::get@249
                      ; - sun.nio.fs.WindowsFileAttributeViews$Basic::readAttributes@15
                      ; - sun.nio.fs.WindowsFileAttributeViews$Basic::readAttributes@1
                      ; - sun.nio.fs.WindowsFileSystemProvider::readAttributes@57
                      ; - java.nio.file.spi.FileSystemProvider::readAttributesIfExists@4
                      ; - java.nio.file.Files::isRegularFile@9
                      ; - java.io.FileInputStream::<init>@136
                      ; - jdk.internal.loader.URLClassPath$FileLoader$1::getInputStream@8
                      ; - jdk.internal.loader.Resource::cachedInputStream@9
                      ; - jdk.internal.loader.Resource::getByteBuffer@1
                      ; - java.net.URLClassLoader::defineClass@132
                      ; - java.net.URLClassLoader$1::run@43
                      ; - java.net.URLClassLoader$1::run@1
  0x000002159eb33e68: 14ac 80ff 

  0x000002159eb33e6c: ;   {other}
  0x000002159eb33e6c: 0f1f 8400 | dc5f 006c | 488b e848 | 8bd0 6690 

  0x000002159eb33e7c: ;   {static_call}
  0x000002159eb33e7c: c5f8 77e8 

  0x000002159eb33e80: ; ImmutableOopMap {[32]=Oop [48]=NarrowOop [56]=Oop [72]=Oop [80]=NarrowOop [88]=Oop [96]=Oop [104]=Oop [112]=Oop [120]=Oop [128]=NarrowOop [136]=Oop [144]=Oop [176]=NarrowOop }
                      ;*invokestatic readAttributes {reexecute=0 rethrow=0 return_oop=1}
                      ; - sun.nio.fs.WindowsFileAttributes::get@254
                      ; - sun.nio.fs.WindowsFileAttributeViews$Basic::readAttributes@15
                      ; - sun.nio.fs.WindowsFileAttributeViews$Basic::readAttributes@1
                      ; - sun.nio.fs.WindowsFileSystemProvider::readAttributes@57
                      ; - java.nio.file.spi.FileSystemProvider::readAttributesIfExists@4
                      ; - java.nio.file.Files::isRegularFile@9
                      ; - java.io.FileInputStream::<init>@136
                      ; - jdk.internal.loader.URLClassPath$FileLoader$1::getInputStream@8
                      ; - jdk.internal.loader.Resource::cachedInputStream@9
                      ; - jdk.internal.loader.Resource::getByteBuffer@1
                      ; - java.net.URLClassLoader::defineClass@132
                      ; - java.net.URLClassLoader$1::run@43
                      ; - java.net.URLClassLoader$1::run@1
  0x000002159eb33e80: fcb1 80ff 

  0x000002159eb33e84: ;   {other}
  0x000002159eb33e84: 0f1f 8400 | f45f 006d | 4889 8424 | 9800 0000 | 488b d590 

  0x000002159eb33e98: ;   {static_call}
  0x000002159eb33e98: c5f8 77e8 

  0x000002159eb33e9c: ; ImmutableOopMap {[32]=Oop [48]=NarrowOop [56]=Oop [72]=Oop [80]=NarrowOop [88]=Oop [96]=Oop [104]=Oop [112]=Oop [120]=Oop [128]=NarrowOop [136]=Oop [144]=Oop [152]=Oop [176]=NarrowOop }
                      ;*invokestatic CloseHandle {reexecute=0 rethrow=0 return_oop=0}
                      ; - sun.nio.fs.WindowsFileAttributes::get@260
                      ; - sun.nio.fs.WindowsFileAttributeViews$Basic::readAttributes@15
                      ; - sun.nio.fs.WindowsFileAttributeViews$Basic::readAttributes@1
                      ; - sun.nio.fs.WindowsFileSystemProvider::readAttributes@57
                      ; - java.nio.file.spi.FileSystemProvider::readAttributesIfExists@4
                      ; - java.nio.file.Files::isRegularFile@9
                      ; - java.io.FileInputStream::<init>@136
                      ; - jdk.internal.loader.URLClassPath$FileLoader$1::getInputStream@8
                      ; - jdk.internal.loader.Resource::cachedInputStream@9
                      ; - jdk.internal.loader.Resource::getByteBuffer@1
                      ; - java.net.URLClassLoader::defineClass@132
                      ; - java.net.URLClassLoader$1::run@43
                      ; - java.net.URLClassLoader$1::run@1
  0x000002159eb33e9c: e0b1 80ff 

  0x000002159eb33ea0: ;   {other}
  0x000002159eb33ea0: 0f1f 8400 | 1060 006e | 4c8b 9424 | 9800 0000 | 4d85 d20f | 84c3 2800 | 004c 8994 | 24c0 0000 
  0x000002159eb33ec0: 00e9 4fd3 | ffff 4889 | 5c24 7844 | 894c 2454 | 4c89 6c24 | 7048 ff74 | 2420 488f | 4424 6044 
  0x000002159eb33ee0: 8954 2450 | 4889 4424 | f88b 4424 | 3089 4424 | 2448 8b44 | 24f8 4c89 | 7424 4848 | 8944 24f8 
  0x000002159eb33f00: 8b44 246c | 8944 2420 | 488b 4424 

  0x000002159eb33f0c: ;   {metadata('java/io/FileInputStream')}
  0x000002159eb33f0c: f848 ba50 | 1107 0008 | 0000 0090 

  0x000002159eb33f18: ;   {runtime_call _new_instance_Java}
  0x000002159eb33f18: c5f8 77e8 

  0x000002159eb33f1c: ; ImmutableOopMap {[36]=NarrowOop [56]=Oop [72]=Oop [80]=NarrowOop [88]=Oop [96]=Oop [112]=Oop [120]=Oop [168]=Oop [176]=NarrowOop }
                      ;*new {reexecute=0 rethrow=0 return_oop=1}
                      ; - jdk.internal.loader.URLClassPath$FileLoader$1::getInputStream@0
                      ; - jdk.internal.loader.Resource::cachedInputStream@9
                      ; - jdk.internal.loader.Resource::getByteBuffer@1
                      ; - java.net.URLClassLoader::defineClass@132
                      ; - java.net.URLClassLoader$1::run@43
                      ; - java.net.URLClassLoader$1::run@1
  0x000002159eb33f1c: e0b1 8cff 

  0x000002159eb33f20: ;   {other}
  0x000002159eb33f20: 0f1f 8400 | 9060 006f | 4889 4424 | f88b 4424 | 2089 4424 | 6c48 8b44 | 24f8 4c8b | 7424 4848 
  0x000002159eb33f40: 8944 24f8 | 8b44 2424 | 8944 2430 | 488b 4424 | f844 8b54 | 2450 48ff | 7424 6048 | 8f44 2420 
  0x000002159eb33f60: 4c8b 6c24 | 7044 8b4c | 2454 488b | 5c24 78e9 | 0dbd ffff | 4489 4424 | 6848 89bc | 2480 0000 
  0x000002159eb33f80: 0048 895c | 2478 4489 | 4c24 544c | 896c 2470 | 48ff 7424 | 2048 8f44 | 2460 4489 | 5424 5048 
  0x000002159eb33fa0: 8944 24f8 | 8b44 2430 | 8944 2424 | 488b 4424 | f84c 8974 | 2448 488b | ac24 a800 

  0x000002159eb33fbc: ;   {metadata('java/lang/Object')}
  0x000002159eb33fbc: 0000 48ba | 6813 0400 | 0800 0000 

  0x000002159eb33fc8: ;   {runtime_call _new_instance_Java}
  0x000002159eb33fc8: c5f8 77e8 

  0x000002159eb33fcc: ; ImmutableOopMap {rbp=Oop [36]=NarrowOop [56]=Oop [72]=Oop [80]=NarrowOop [88]=Oop [96]=Oop [104]=NarrowOop [112]=Oop [120]=Oop [128]=Oop [176]=NarrowOop }
                      ;*new {reexecute=0 rethrow=0 return_oop=1}
                      ; - java.io.FileInputStream::<init>@5
                      ; - jdk.internal.loader.URLClassPath$FileLoader$1::getInputStream@8
                      ; - jdk.internal.loader.Resource::cachedInputStream@9
                      ; - jdk.internal.loader.Resource::getByteBuffer@1
                      ; - java.net.URLClassLoader::defineClass@132
                      ; - java.net.URLClassLoader$1::run@43
                      ; - java.net.URLClassLoader$1::run@1
  0x000002159eb33fcc: 30b1 8cff 

  0x000002159eb33fd0: ;   {other}
  0x000002159eb33fd0: 0f1f 8400 | 4061 0070 | 4889 ac24 | a800 0000 | 4c8b 7424 | 4848 8944 | 24f8 8b44 | 2424 8944 
  0x000002159eb33ff0: 2430 488b | 4424 f844 | 8b54 2450 | 48ff 7424 | 6048 8f44 | 2420 4c8b | 6c24 7044 | 8b4c 2454 
  0x000002159eb34010: 488b 5c24 | 7848 8bbc | 2480 0000 | 0044 8b44 | 2468 e99d | bcff ff44 | 8944 2468 | 488b ef48 
  0x000002159eb34030: 895c 2478 | 4489 4c24 | 344c 896c | 2460 4489 | 5424 504c | 8974 2448 | 4889 4424 | f88b 4424 
  0x000002159eb34050: 6c89 4424 | 5448 8b44 | 24f8 48ff | b424 a800 | 0000 488f 

  0x000002159eb34064: ;   {metadata('java/io/NioChannelCleanable')}
  0x000002159eb34064: 4424 7048 | ba70 2007 | 0008 0000 | 0066 6690 

  0x000002159eb34074: ;   {runtime_call _new_instance_Java}
  0x000002159eb34074: c5f8 77e8 

  0x000002159eb34078: ; ImmutableOopMap {rbp=Oop [32]=Oop [48]=NarrowOop [56]=Oop [72]=Oop [80]=NarrowOop [88]=Oop [96]=Oop [104]=NarrowOop [112]=Oop [120]=Oop [176]=NarrowOop }
                      ;*new {reexecute=0 rethrow=0 return_oop=1}
                      ; - java.io.FileInputStream::<init>@16
                      ; - jdk.internal.loader.URLClassPath$FileLoader$1::getInputStream@8
                      ; - jdk.internal.loader.Resource::cachedInputStream@9
                      ; - jdk.internal.loader.Resource::getByteBuffer@1
                      ; - java.net.URLClassLoader::defineClass@132
                      ; - java.net.URLClassLoader$1::run@43
                      ; - java.net.URLClassLoader$1::run@1
  0x000002159eb34078: 84b0 8cff 

  0x000002159eb3407c: ;   {other}
  0x000002159eb3407c: 0f1f 8400 | ec61 0071 | e9fe bcff 

  0x000002159eb34088: ;   {metadata('java/lang/ref/WeakReference')}
  0x000002159eb34088: ff48 bad0 | 7304 0008 | 0000 0090 

  0x000002159eb34094: ;   {runtime_call _new_instance_Java}
  0x000002159eb34094: c5f8 77e8 

  0x000002159eb34098: ; ImmutableOopMap {rbp=Oop [32]=Oop [48]=NarrowOop [56]=Oop [72]=Oop [80]=NarrowOop [88]=Oop [96]=Oop [104]=NarrowOop [112]=Oop [120]=Oop [128]=Oop [176]=NarrowOop }
                      ;*new {reexecute=0 rethrow=0 return_oop=1}
                      ; - java.io.NioChannelCleanable::<init>@9
                      ; - java.io.FileInputStream::<init>@21
                      ; - jdk.internal.loader.URLClassPath$FileLoader$1::getInputStream@8
                      ; - jdk.internal.loader.Resource::cachedInputStream@9
                      ; - jdk.internal.loader.Resource::getByteBuffer@1
                      ; - java.net.URLClassLoader::defineClass@132
                      ; - java.net.URLClassLoader$1::run@43
                      ; - java.net.URLClassLoader$1::run@1
  0x000002159eb34098: 64b0 8cff 

  0x000002159eb3409c: ;   {other}
  0x000002159eb3409c: 0f1f 8400 | 0c62 0072 | 4c8b d8e9 | 4dbd ffff 

  0x000002159eb340ac: ;   {metadata('sun/nio/fs/WindowsPath')}
  0x000002159eb340ac: 48ba d020 | 0800 0800 | 0000 6690 

  0x000002159eb340b8: ;   {runtime_call _new_instance_Java}
  0x000002159eb340b8: c5f8 77e8 

  0x000002159eb340bc: ; ImmutableOopMap {rbp=Oop [32]=Oop [48]=NarrowOop [56]=Oop [72]=Oop [80]=NarrowOop [88]=Oop [96]=Oop [104]=Oop [112]=Oop [120]=Oop [128]=NarrowOop [136]=Oop [176]=NarrowOop }
                      ;*new {reexecute=0 rethrow=0 return_oop=1}
                      ; - sun.nio.fs.WindowsPath::parse@5
                      ; - sun.nio.fs.WindowsFileSystem::getPath@102
                      ; - java.io.FileInputStream::<init>@124
                      ; - jdk.internal.loader.URLClassPath$FileLoader$1::getInputStream@8
                      ; - jdk.internal.loader.Resource::cachedInputStream@9
                      ; - jdk.internal.loader.Resource::getByteBuffer@1
                      ; - java.net.URLClassLoader::defineClass@132
                      ; - java.net.URLClassLoader$1::run@43
                      ; - java.net.URLClassLoader$1::run@1
  0x000002159eb340bc: 40b0 8cff 

  0x000002159eb340c0: ;   {other}
  0x000002159eb340c0: 0f1f 8400 | 3062 0073 | e9c6 c4ff 

  0x000002159eb340cc: ;   {metadata('java/util/ImmutableCollections$Set12')}
  0x000002159eb340cc: ff48 ba10 | 1306 0008 | 0000 0090 

  0x000002159eb340d8: ;   {runtime_call _new_instance_Java}
  0x000002159eb340d8: c5f8 77e8 

  0x000002159eb340dc: ; ImmutableOopMap {[32]=Oop [48]=NarrowOop [56]=Oop [72]=Oop [80]=NarrowOop [88]=Oop [96]=Oop [104]=Oop [112]=Oop [120]=Oop [128]=NarrowOop [136]=Oop [144]=Oop [176]=NarrowOop }
                      ;*new {reexecute=0 rethrow=0 return_oop=1}
                      ; - java.util.Set::of@0
                      ; - java.io.FileInputStream::<init>@190
                      ; - jdk.internal.loader.URLClassPath$FileLoader$1::getInputStream@8
                      ; - jdk.internal.loader.Resource::cachedInputStream@9
                      ; - jdk.internal.loader.Resource::getByteBuffer@1
                      ; - java.net.URLClassLoader::defineClass@132
                      ; - java.net.URLClassLoader$1::run@43
                      ; - java.net.URLClassLoader$1::run@1
  0x000002159eb340dc: 20b0 8cff 

  0x000002159eb340e0: ;   {other}
  0x000002159eb340e0: 0f1f 8400 | 5062 0074 | e905 d2ff 

  0x000002159eb340ec: ;   {metadata('sun/nio/fs/WindowsFileAttributes')}
  0x000002159eb340ec: ff48 ba58 | 9a08 0008 | 0000 0090 

  0x000002159eb340f8: ;   {runtime_call _new_instance_Java}
  0x000002159eb340f8: c5f8 77e8 

  0x000002159eb340fc: ; ImmutableOopMap {[32]=Oop [48]=NarrowOop [56]=Oop [72]=Oop [80]=NarrowOop [88]=Oop [96]=Oop [104]=Oop [112]=Oop [120]=Oop [128]=NarrowOop [136]=Oop [144]=Oop [176]=NarrowOop [296]=Oop }
                      ;*new {reexecute=0 rethrow=0 return_oop=1}
                      ; - sun.nio.fs.WindowsFileAttributes::fromFileAttributeData@83
                      ; - sun.nio.fs.WindowsFileAttributes::get@52
                      ; - sun.nio.fs.WindowsFileAttributeViews$Basic::readAttributes@15
                      ; - sun.nio.fs.WindowsFileAttributeViews$Basic::readAttributes@1
                      ; - sun.nio.fs.WindowsFileSystemProvider::readAttributes@57
                      ; - java.nio.file.spi.FileSystemProvider::readAttributesIfExists@4
                      ; - java.nio.file.Files::isRegularFile@9
                      ; - java.io.FileInputStream::<init>@136
                      ; - jdk.internal.loader.URLClassPath$FileLoader$1::getInputStream@8
                      ; - jdk.internal.loader.Resource::cachedInputStream@9
                      ; - jdk.internal.loader.Resource::getByteBuffer@1
                      ; - java.net.URLClassLoader::defineClass@132
                      ; - java.net.URLClassLoader$1::run@43
                      ; - java.net.URLClassLoader$1::run@1
  0x000002159eb340fc: 00b0 8cff 

  0x000002159eb34100: ;   {other}
  0x000002159eb34100: 0f1f 8400 | 7062 0075 | e98c cfff 

  0x000002159eb3410c: ;   {metadata('sun/nio/fs/WindowsChannelFactory$Flags')}
  0x000002159eb3410c: ff48 ba00 | 8f0a 0008 | 0000 0090 

  0x000002159eb34118: ;   {runtime_call _new_instance_Java}
  0x000002159eb34118: c5f8 77e8 

  0x000002159eb3411c: ; ImmutableOopMap {[32]=Oop [48]=NarrowOop [56]=Oop [72]=Oop [80]=NarrowOop [88]=Oop [96]=Oop [104]=Oop [112]=NarrowOop [120]=Oop [128]=NarrowOop [136]=Oop [144]=Oop [152]=Oop [160]=NarrowOop [176]=NarrowOop }
                      ;*new {reexecute=0 rethrow=0 return_oop=1}
                      ; - sun.nio.fs.WindowsChannelFactory$Flags::toFlags@0
                      ; - sun.nio.fs.WindowsChannelFactory::newFileChannel@1
                      ; - sun.nio.fs.WindowsFileSystemProvider::newFileChannel@55
                      ; - java.io.IoOverNioFileSystem::initializeStreamsUsingNio0@14
                      ; - java.io.IoOverNioFileSystem::initializeStreamUsingNio@15
                      ; - java.io.FileInputStream::<init>@197
                      ; - jdk.internal.loader.URLClassPath$FileLoader$1::getInputStream@8
                      ; - jdk.internal.loader.Resource::cachedInputStream@9
                      ; - jdk.internal.loader.Resource::getByteBuffer@1
                      ; - java.net.URLClassLoader::defineClass@132
                      ; - java.net.URLClassLoader$1::run@43
                      ; - java.net.URLClassLoader$1::run@1
  0x000002159eb3411c: e0af 8cff 

  0x000002159eb34120: ;   {other}
  0x000002159eb34120: 0f1f 8400 | 9062 0076 | e9b0 d3ff 

  0x000002159eb3412c: ;   {metadata('java/util/ImmutableCollections$Set12$1')}
  0x000002159eb3412c: ff48 baf0 | c702 0008 | 0000 0090 

  0x000002159eb34138: ;   {runtime_call _new_instance_Java}
  0x000002159eb34138: c5f8 77e8 

  0x000002159eb3413c: ; ImmutableOopMap {[32]=Oop [48]=NarrowOop [56]=Oop [72]=Oop [80]=NarrowOop [88]=Oop [96]=Oop [104]=Oop [112]=NarrowOop [120]=Oop [128]=NarrowOop [136]=Oop [144]=Oop [152]=Oop [160]=NarrowOop [168]=Oop [176]=NarrowOop }
                      ;*new {reexecute=0 rethrow=0 return_oop=1}
                      ; - java.util.ImmutableCollections$Set12::iterator@0
                      ; - sun.nio.fs.WindowsChannelFactory$Flags::toFlags@9
                      ; - sun.nio.fs.WindowsChannelFactory::newFileChannel@1
                      ; - sun.nio.fs.WindowsFileSystemProvider::newFileChannel@55
                      ; - java.io.IoOverNioFileSystem::initializeStreamsUsingNio0@14
                      ; - java.io.IoOverNioFileSystem::initializeStreamUsingNio@15
                      ; - java.io.FileInputStream::<init>@197
                      ; - jdk.internal.loader.URLClassPath$FileLoader$1::getInputStream@8
                      ; - jdk.internal.loader.Resource::cachedInputStream@9
                      ; - jdk.internal.loader.Resource::getByteBuffer@1
                      ; - java.net.URLClassLoader::defineClass@132
                      ; - java.net.URLClassLoader$1::run@43
                      ; - java.net.URLClassLoader$1::run@1
  0x000002159eb3413c: c0af 8cff 

  0x000002159eb34140: ;   {other}
  0x000002159eb34140: 0f1f 8400 | b062 0077 | e9e3 d3ff 

  0x000002159eb3414c: ;   {metadata('java/io/IoOverNioFileSystem$StreamInitializationBundle')}
  0x000002159eb3414c: ff48 bae0 | bd0a 0008 | 0000 0090 

  0x000002159eb34158: ;   {runtime_call _new_instance_Java}
  0x000002159eb34158: c5f8 77e8 

  0x000002159eb3415c: ; ImmutableOopMap {[32]=Oop [48]=NarrowOop [56]=Oop [72]=Oop [80]=NarrowOop [88]=Oop [96]=Oop [104]=Oop [120]=Oop [128]=NarrowOop [136]=Oop [160]=NarrowOop [176]=NarrowOop [224]=Oop }
                      ;*new {reexecute=0 rethrow=0 return_oop=1}
                      ; - java.io.IoOverNioFileSystem::initializeStreamsUsingNio0@19
                      ; - java.io.IoOverNioFileSystem::initializeStreamUsingNio@15
                      ; - java.io.FileInputStream::<init>@197
                      ; - jdk.internal.loader.URLClassPath$FileLoader$1::getInputStream@8
                      ; - jdk.internal.loader.Resource::cachedInputStream@9
                      ; - jdk.internal.loader.Resource::getByteBuffer@1
                      ; - java.net.URLClassLoader::defineClass@132
                      ; - java.net.URLClassLoader$1::run@43
                      ; - java.net.URLClassLoader$1::run@1
  0x000002159eb3415c: a0af 8cff 

  0x000002159eb34160: ;   {other}
  0x000002159eb34160: 0f1f 8400 | d062 0078 | e923 d6ff 

  0x000002159eb3416c: ;   {metadata('java/io/ExternalChannelHolder')}
  0x000002159eb3416c: ff48 ba20 | c00a 0008 | 0000 0044 | 8b94 24a0 | 0000 0044 | 8954 2454 

  0x000002159eb34184: ;   {runtime_call _new_instance_Java}
  0x000002159eb34184: c5f8 77e8 

  0x000002159eb34188: ; ImmutableOopMap {rbp=Oop [32]=Oop [48]=NarrowOop [56]=Oop [72]=Oop [80]=NarrowOop [84]=NarrowOop [88]=Oop [96]=Oop [104]=Oop [112]=Oop [120]=Oop [128]=NarrowOop [136]=Oop [144]=Oop [176]=NarrowOop [224]=Oop }
                      ;*new {reexecute=0 rethrow=0 return_oop=1}
                      ; - java.io.IoOverNioFileSystem::initializeStreamsUsingNio0@33
                      ; - java.io.IoOverNioFileSystem::initializeStreamUsingNio@15
                      ; - java.io.FileInputStream::<init>@197
                      ; - jdk.internal.loader.URLClassPath$FileLoader$1::getInputStream@8
                      ; - jdk.internal.loader.Resource::cachedInputStream@9
                      ; - jdk.internal.loader.Resource::getByteBuffer@1
                      ; - java.net.URLClassLoader::defineClass@132
                      ; - java.net.URLClassLoader$1::run@43
                      ; - java.net.URLClassLoader$1::run@1
  0x000002159eb34188: 74af 8cff 

  0x000002159eb3418c: ;   {other}
  0x000002159eb3418c: 0f1f 8400 | fc62 0079 | e97f d6ff 

  0x000002159eb34198: ;   {metadata({type array char})}
  0x000002159eb34198: ff48 ba50 | 0404 0008 | 0000 0044 | 8b84 24b4 | 0000 0090 

  0x000002159eb341ac: ;   {runtime_call _new_array_nozero_Java}
  0x000002159eb341ac: c5f8 77e8 

  0x000002159eb341b0: ; ImmutableOopMap {rbp=Oop [32]=Oop [48]=NarrowOop [56]=Oop [72]=Oop [80]=NarrowOop [88]=Oop [96]=Oop [104]=Oop [112]=Oop [120]=Oop [128]=NarrowOop [132]=NarrowOop [136]=Oop [144]=Oop [164]=NarrowOop [168]=Oop [176]=NarrowOop [184]=Oop [296]=Oop }
                      ;*newarray {reexecute=0 rethrow=0 return_oop=1}
                      ; - java.lang.StringLatin1::toChars@2
                      ; - java.lang.String::toCharArray@11
                      ; - sun.nio.fs.WindowsNativeDispatcher::asNativeBuffer@58
                      ; - sun.nio.fs.WindowsNativeDispatcher::GetFileAttributesEx@1
                      ; - sun.nio.fs.WindowsFileAttributes::get@26
                      ; - sun.nio.fs.WindowsFileAttributeViews$Basic::readAttributes@15
                      ; - sun.nio.fs.WindowsFileAttributeViews$Basic::readAttributes@1
                      ; - sun.nio.fs.WindowsFileSystemProvider::readAttributes@57
                      ; - java.nio.file.spi.FileSystemProvider::readAttributesIfExists@4
                      ; - java.nio.file.Files::isRegularFile@9
                      ; - java.io.FileInputStream::<init>@136
                      ; - jdk.internal.loader.URLClassPath$FileLoader$1::getInputStream@8
                      ; - jdk.internal.loader.Resource::cachedInputStream@9
                      ; - jdk.internal.loader.Resource::getByteBuffer@1
                      ; - java.net.URLClassLoader::defineClass@132
                      ; - java.net.URLClassLoader$1::run@43
                      ; - java.net.URLClassLoader$1::run@1
  0x000002159eb341b0: 4cb5 8cff 

  0x000002159eb341b4: ;   {other}
  0x000002159eb341b4: 0f1f 8400 | 2463 007a | e998 caff | ff4c 8b94 | 24b8 0000 | 0045 8b5a | 1845 85db | 0f84 e4c8 
  0x000002159eb341d4: ffff 4d8b | 5728 498b | cb48 c1e1 | 034d 85d2 | 0f84 6a1a | 0000 4d8b | 5f38 4b89 | 4c13 f849 
  0x000002159eb341f4: 83c2 f84d | 8957 28e9 | bac8 ffff | 4d8b 5758 | 4d8b 5f48 | f083 4424 | c000 8039 | 000f 84e7 
  0x000002159eb34214: c8ff ff44 | 8821 4d85 | db75 2049 | 8bd7 c5f8 | 7749 ba90 | 22ce c7fe | 7f00 0041 

  0x000002159eb34230: ;   {other}
  0x000002159eb34230: ffd2 0f1f | 8400 0000 | 0000 e9bf | c8ff ff4b | 894c 1af8 | 4983 c3f8 | 4d89 5f48 | e9ad c8ff 
  0x000002159eb34250: ;   {metadata('java/lang/ThreadLocal$ThreadLocalMap$Entry')}
  0x000002159eb34250: ff48 bad0 | 3700 0008 | 0000 0090 

  0x000002159eb3425c: ;   {runtime_call _new_instance_Java}
  0x000002159eb3425c: c5f8 77e8 

  0x000002159eb34260: ; ImmutableOopMap {rbp=Oop [32]=Oop [48]=NarrowOop [56]=Oop [72]=Oop [80]=NarrowOop [88]=Oop [96]=Oop [104]=Oop [112]=NarrowOop [120]=Oop [128]=NarrowOop [132]=NarrowOop [136]=Oop [144]=Oop [152]=Oop [160]=NarrowOop [168]=Oop [176]=NarrowOop [180]=NarrowOop }
                      ;*new {reexecute=0 rethrow=0 return_oop=1}
                      ; - java.lang.ThreadLocal$ThreadLocalMap::set@85
                      ; - java.lang.ThreadLocal::set@13
                      ; - java.lang.ThreadLocal::set@5
                      ; - java.io.IoOverNioFileSystem::initializeStreamUsingNio@4
                      ; - java.io.FileInputStream::<init>@197
                      ; - jdk.internal.loader.URLClassPath$FileLoader$1::getInputStream@8
                      ; - jdk.internal.loader.Resource::cachedInputStream@9
                      ; - jdk.internal.loader.Resource::getByteBuffer@1
                      ; - java.net.URLClassLoader::defineClass@132
                      ; - java.net.URLClassLoader$1::run@43
                      ; - java.net.URLClassLoader$1::run@1
  0x000002159eb34260: 9cae 8cff 

  0x000002159eb34264: ;   {other}
  0x000002159eb34264: 0f1f 8400 | d463 007b | 4c8b d0e9 | e6db ffff 

  0x000002159eb34274: ;   {metadata('sun/nio/fs/NativeBuffer')}
  0x000002159eb34274: 48ba c08c | 0800 0800 | 0000 6690 

  0x000002159eb34280: ;   {runtime_call _new_instance_Java}
  0x000002159eb34280: c5f8 77e8 

  0x000002159eb34284: ; ImmutableOopMap {[32]=Oop [48]=NarrowOop [56]=Oop [72]=Oop [80]=NarrowOop [88]=Oop [96]=Oop [104]=Oop [112]=Oop [120]=Oop [128]=NarrowOop [132]=NarrowOop [136]=Oop [144]=Oop [168]=Oop [176]=NarrowOop [296]=Oop }
                      ;*new {reexecute=0 rethrow=0 return_oop=1}
                      ; - sun.nio.fs.NativeBuffers::allocNativeBuffer@11
                      ; - sun.nio.fs.WindowsNativeDispatcher::asNativeBuffer@40
                      ; - sun.nio.fs.WindowsNativeDispatcher::GetFileAttributesEx@1
                      ; - sun.nio.fs.WindowsFileAttributes::get@26
                      ; - sun.nio.fs.WindowsFileAttributeViews$Basic::readAttributes@15
                      ; - sun.nio.fs.WindowsFileAttributeViews$Basic::readAttributes@1
                      ; - sun.nio.fs.WindowsFileSystemProvider::readAttributes@57
                      ; - java.nio.file.spi.FileSystemProvider::readAttributesIfExists@4
                      ; - java.nio.file.Files::isRegularFile@9
                      ; - java.io.FileInputStream::<init>@136
                      ; - jdk.internal.loader.URLClassPath$FileLoader$1::getInputStream@8
                      ; - jdk.internal.loader.Resource::cachedInputStream@9
                      ; - jdk.internal.loader.Resource::getByteBuffer@1
                      ; - java.net.URLClassLoader::defineClass@132
                      ; - java.net.URLClassLoader$1::run@43
                      ; - java.net.URLClassLoader$1::run@1
  0x000002159eb34284: 78ae 8cff 

  0x000002159eb34288: ;   {other}
  0x000002159eb34288: 0f1f 8400 | f863 007c | e919 c7ff 

  0x000002159eb34294: ;   {metadata('sun/nio/fs/NativeBuffer$Deallocator')}
  0x000002159eb34294: ff48 ba50 | 8f08 0008 | 0000 0090 

  0x000002159eb342a0: ;   {runtime_call _new_instance_Java}
  0x000002159eb342a0: c5f8 77e8 

  0x000002159eb342a4: ; ImmutableOopMap {rbp=Oop [32]=Oop [48]=NarrowOop [56]=Oop [72]=Oop [80]=NarrowOop [88]=Oop [96]=Oop [104]=Oop [112]=Oop [120]=Oop [128]=NarrowOop [132]=NarrowOop [136]=Oop [144]=Oop [168]=Oop [176]=NarrowOop [184]=Oop [296]=Oop }
                      ;*new {reexecute=0 rethrow=0 return_oop=1}
                      ; - sun.nio.fs.NativeBuffer::<init>@26
                      ; - sun.nio.fs.NativeBuffers::allocNativeBuffer@16
                      ; - sun.nio.fs.WindowsNativeDispatcher::asNativeBuffer@40
                      ; - sun.nio.fs.WindowsNativeDispatcher::GetFileAttributesEx@1
                      ; - sun.nio.fs.WindowsFileAttributes::get@26
                      ; - sun.nio.fs.WindowsFileAttributeViews$Basic::readAttributes@15
                      ; - sun.nio.fs.WindowsFileAttributeViews$Basic::readAttributes@1
                      ; - sun.nio.fs.WindowsFileSystemProvider::readAttributes@57
                      ; - java.nio.file.spi.FileSystemProvider::readAttributesIfExists@4
                      ; - java.nio.file.Files::isRegularFile@9
                      ; - java.io.FileInputStream::<init>@136
                      ; - jdk.internal.loader.URLClassPath$FileLoader$1::getInputStream@8
                      ; - jdk.internal.loader.Resource::cachedInputStream@9
                      ; - jdk.internal.loader.Resource::getByteBuffer@1
                      ; - java.net.URLClassLoader::defineClass@132
                      ; - java.net.URLClassLoader$1::run@43
                      ; - java.net.URLClassLoader$1::run@1
  0x000002159eb342a4: 58ae 8cff 

  0x000002159eb342a8: ;   {other}
  0x000002159eb342a8: 0f1f 8400 | 1864 007d | e99a c7ff | ffba c6ff | ffff 4889 | 4424 f88b | 4424 3089 | 4424 2848 
  0x000002159eb342c8: 8b44 24f8 | 4c89 7424 | 304c 8b54 | 2440 4c89 | 5424 3844 | 894c 242c | 4c89 7424 | 4066 6690 
  0x000002159eb342e8: ;   {runtime_call UncommonTrapBlob}
  0x000002159eb342e8: c5f8 77e8 

  0x000002159eb342ec: ; ImmutableOopMap {[40]=NarrowOop [48]=Oop [64]=Oop [88]=Oop [176]=NarrowOop }
                      ;*invokevirtual getCodeSourceURL {reexecute=0 rethrow=0 return_oop=0}
                      ; - java.net.URLClassLoader::defineClass@13
                      ; - java.net.URLClassLoader$1::run@43
                      ; - java.net.URLClassLoader$1::run@1
  0x000002159eb342ec: 9000 81ff 

  0x000002159eb342f0: ;   {other}
  0x000002159eb342f0: 0f1f 8400 | 6064 007e | ba45 ffff | ff48 8b6c | 2458 448b | 5424 3044 | 8954 2428 | 4c8b 5424 
  0x000002159eb34310: 484c 8954 | 2430 4c8b | 5424 404c | 8954 2438 | 448b 5424 | 5044 8954 | 2440 6690 

  0x000002159eb3432c: ;   {runtime_call UncommonTrapBlob}
  0x000002159eb3432c: c5f8 77e8 

  0x000002159eb34330: ; ImmutableOopMap {rbp=Oop [40]=NarrowOop [48]=Oop [64]=NarrowOop [104]=Oop [120]=Oop [128]=NarrowOop [176]=NarrowOop }
                      ;*ifeq {reexecute=1 rethrow=0 return_oop=0}
                      ; - (reexecute) java.io.IoOverNioFileSystem::acquireNioFs@46
                      ; - java.io.FileInputStream::<init>@94
                      ; - jdk.internal.loader.URLClassPath$FileLoader$1::getInputStream@8
                      ; - jdk.internal.loader.Resource::cachedInputStream@9
                      ; - jdk.internal.loader.Resource::getByteBuffer@1
                      ; - java.net.URLClassLoader::defineClass@132
                      ; - java.net.URLClassLoader$1::run@43
                      ; - java.net.URLClassLoader$1::run@1
  0x000002159eb34330: 4c00 81ff 

  0x000002159eb34334: ;   {other}
  0x000002159eb34334: 0f1f 8400 | a464 007f | baf6 ffff | ff48 8b6c | 2458 448b | 5424 3044 | 8954 2428 | 4c8b 5424 
  0x000002159eb34354: 484c 8954 | 2430 4c8b | 5424 404c | 8954 2438 | 448b 5424 | 5044 8954 | 2440 4c8b | 5424 784c 
  0x000002159eb34374: 8954 2450 | 4c89 5424 | 5844 8b9c | 2480 0000 | 0044 895c | 2444 4c8b | 9424 9000 | 0000 4c89 
  0x000002159eb34394: 5424 7890 

  0x000002159eb34398: ;   {runtime_call UncommonTrapBlob}
  0x000002159eb34398: c5f8 77e8 

  0x000002159eb3439c: ; ImmutableOopMap {rbp=Oop [40]=NarrowOop [48]=Oop [64]=NarrowOop [68]=NarrowOop [80]=Oop [88]=Oop [104]=Oop [120]=Oop [176]=NarrowOop }
                      ;*invokevirtual provider {reexecute=0 rethrow=0 return_oop=0}
                      ; - java.nio.file.Files::provider@6
                      ; - java.nio.file.Files::isRegularFile@1
                      ; - java.io.FileInputStream::<init>@136
                      ; - jdk.internal.loader.URLClassPath$FileLoader$1::getInputStream@8
                      ; - jdk.internal.loader.Resource::cachedInputStream@9
                      ; - jdk.internal.loader.Resource::getByteBuffer@1
                      ; - java.net.URLClassLoader::defineClass@132
                      ; - java.net.URLClassLoader$1::run@43
                      ; - java.net.URLClassLoader$1::run@1
  0x000002159eb3439c: e0ff 80ff 

  0x000002159eb343a0: ;   {other}
  0x000002159eb343a0: 0f1f 8400 | 1065 0080 | baf6 ffff | ff48 8b6c | 2458 4c8b | 5424 4844 | 8b5c 2430 | 4489 5c24 
  0x000002159eb343c0: 284c 8954 | 2430 4c8b | 5424 404c | 8954 2438 | 448b 5c24 | 5044 895c | 2440 4c8b | 5424 784c 
  0x000002159eb343e0: 8954 2450 | 4c89 5424 | 5844 8b94 | 2480 0000 | 0044 8954 | 2444 4c8b | 9424 9000 | 0000 4c89 
  0x000002159eb34400: 5424 7890 

  0x000002159eb34404: ;   {runtime_call UncommonTrapBlob}
  0x000002159eb34404: c5f8 77e8 

  0x000002159eb34408: ; ImmutableOopMap {rbp=Oop [40]=NarrowOop [48]=Oop [64]=NarrowOop [68]=NarrowOop [80]=Oop [88]=Oop [104]=Oop [120]=Oop [176]=NarrowOop }
                      ;*invokevirtual readAttributesIfExists {reexecute=0 rethrow=0 return_oop=0}
                      ; - java.nio.file.Files::isRegularFile@9
                      ; - java.io.FileInputStream::<init>@136
                      ; - jdk.internal.loader.URLClassPath$FileLoader$1::getInputStream@8
                      ; - jdk.internal.loader.Resource::cachedInputStream@9
                      ; - jdk.internal.loader.Resource::getByteBuffer@1
                      ; - java.net.URLClassLoader::defineClass@132
                      ; - java.net.URLClassLoader$1::run@43
                      ; - java.net.URLClassLoader$1::run@1
  0x000002159eb34408: 74ff 80ff 

  0x000002159eb3440c: ;   {other}
  0x000002159eb3440c: 0f1f 8400 | 7c65 0081 | bac6 ffff | ff48 8b6c | 2458 4889 | 4424 f88b | 4424 3089 | 4424 2848 
  0x000002159eb3442c: 8b44 24f8 | 4c89 7424 | 304c 8b5c | 2440 4c89 | 5c24 384c | 8974 2440 | 4489 5424 | 6066 6690 
  0x000002159eb3444c: ;   {runtime_call UncommonTrapBlob}
  0x000002159eb3444c: c5f8 77e8 

  0x000002159eb34450: ; ImmutableOopMap {rbp=Oop [40]=NarrowOop [48]=Oop [64]=Oop [96]=NarrowOop [176]=NarrowOop }
                      ;*invokevirtual getInputStream {reexecute=0 rethrow=0 return_oop=0}
                      ; - jdk.internal.loader.Resource::cachedInputStream@9
                      ; - jdk.internal.loader.Resource::getByteBuffer@1
                      ; - java.net.URLClassLoader::defineClass@132
                      ; - java.net.URLClassLoader$1::run@43
                      ; - java.net.URLClassLoader$1::run@1
  0x000002159eb34450: 2cff 80ff 

  0x000002159eb34454: ;   {other}
  0x000002159eb34454: 0f1f 8400 | c465 0082 | ba45 ffff | ff48 8b6c | 2458 4c8b | 5424 4844 | 8b5c 2430 | 4489 5c24 
  0x000002159eb34474: 284c 8954 | 2430 4c8b | 5424 404c | 8954 2438 | 448b 5c24 | 5044 895c | 2440 6690 

  0x000002159eb34490: ;   {runtime_call UncommonTrapBlob}
  0x000002159eb34490: c5f8 77e8 

  0x000002159eb34494: ; ImmutableOopMap {rbp=Oop [40]=NarrowOop [48]=Oop [64]=NarrowOop [104]=Oop [120]=Oop [128]=NarrowOop [176]=NarrowOop }
                      ;*ifnull {reexecute=1 rethrow=0 return_oop=0}
                      ; - (reexecute) java.io.FileInputStream::<init>@104
                      ; - jdk.internal.loader.URLClassPath$FileLoader$1::getInputStream@8
                      ; - jdk.internal.loader.Resource::cachedInputStream@9
                      ; - jdk.internal.loader.Resource::getByteBuffer@1
                      ; - java.net.URLClassLoader::defineClass@132
                      ; - java.net.URLClassLoader$1::run@43
                      ; - java.net.URLClassLoader$1::run@1
  0x000002159eb34494: e8fe 80ff 

  0x000002159eb34498: ;   {other}
  0x000002159eb34498: 0f1f 8400 | 0866 0083 | bae4 ffff | ff4c 8b5c | 2458 4c89 | 5c24 204c | 8b5c 2448 | 4c89 5c24 
  0x000002159eb344b8: 3844 8b44 | 2450 4489 | 4424 484c | 8b5c 2478 | 4c89 5c24 | 584c 895c | 2460 448b | 9c24 8000 
  0x000002159eb344d8: 0000 4489 | 5c24 4c44 | 8b84 2484 | 0000 0044 | 8984 2480 | 0000 0044 | 8994 2484 | 0000 0090 
  0x000002159eb344f8: ;   {runtime_call UncommonTrapBlob}
  0x000002159eb344f8: c5f8 77e8 

  0x000002159eb344fc: ; ImmutableOopMap {rbp=NarrowOop [32]=Oop [48]=NarrowOop [56]=Oop [72]=NarrowOop [76]=NarrowOop [88]=Oop [96]=Oop [104]=Oop [112]=Oop [128]=NarrowOop [132]=NarrowOop [176]=NarrowOop }
                      ;*aaload {reexecute=0 rethrow=0 return_oop=0}
                      ; - java.lang.ThreadLocal$ThreadLocalMap::getEntry@18
                      ; - java.lang.ThreadLocal::get@12
                      ; - java.lang.ThreadLocal::get@4
                      ; - com.jetbrains.internal.IoOverNio::isAllowedInThisThread@9
                      ; - java.io.IoOverNioFileSystem::acquireNioFs@16
                      ; - java.io.FileInputStream::<init>@94
                      ; - jdk.internal.loader.URLClassPath$FileLoader$1::getInputStream@8
                      ; - jdk.internal.loader.Resource::cachedInputStream@9
                      ; - jdk.internal.loader.Resource::getByteBuffer@1
                      ; - java.net.URLClassLoader::defineClass@132
                      ; - java.net.URLClassLoader$1::run@43
                      ; - java.net.URLClassLoader$1::run@1
  0x000002159eb344fc: 80fe 80ff 

  0x000002159eb34500: ;   {other}
  0x000002159eb34500: 0f1f 8400 | 7066 0084 | 4533 d2eb | 0641 ba01 | 0000 00ba | e4ff ffff | 488b 6c24 | 584c 8b5c 
  0x000002159eb34520: 2448 448b | 4424 3044 | 8944 2428 | 4c89 5c24 | 304c 8b5c | 2440 4c89 | 5c24 3844 | 8b5c 2450 
  0x000002159eb34540: 4489 5c24 | 404c 8b5c | 2478 4c89 | 5c24 504c | 895c 2458 | 448b 8424 | 8000 0000 | 4489 4424 
  0x000002159eb34560: 444c 8b9c | 2490 0000 | 004c 895c | 2478 4889 | 9c24 a000 | 0000 4489 | 9424 9c00 | 0000 6690 
  0x000002159eb34580: ;   {runtime_call UncommonTrapBlob}
  0x000002159eb34580: c5f8 77e8 

  0x000002159eb34584: ; ImmutableOopMap {rbp=Oop [40]=NarrowOop [48]=Oop [64]=NarrowOop [68]=NarrowOop [80]=Oop [88]=Oop [104]=Oop [120]=Oop [160]=Oop [176]=NarrowOop }
                      ;*aaload {reexecute=0 rethrow=0 return_oop=0}
                      ; - sun.nio.fs.NativeBuffers::getNativeBufferFromCache@23
                      ; - sun.nio.fs.NativeBuffers::getNativeBuffer@1
                      ; - sun.nio.fs.WindowsFileAttributes::get@10
                      ; - sun.nio.fs.WindowsFileAttributeViews$Basic::readAttributes@15
                      ; - sun.nio.fs.WindowsFileAttributeViews$Basic::readAttributes@1
                      ; - sun.nio.fs.WindowsFileSystemProvider::readAttributes@57
                      ; - java.nio.file.spi.FileSystemProvider::readAttributesIfExists@4
                      ; - java.nio.file.Files::isRegularFile@9
                      ; - java.io.FileInputStream::<init>@136
                      ; - jdk.internal.loader.URLClassPath$FileLoader$1::getInputStream@8
                      ; - jdk.internal.loader.Resource::cachedInputStream@9
                      ; - jdk.internal.loader.Resource::getByteBuffer@1
                      ; - java.net.URLClassLoader::defineClass@132
                      ; - java.net.URLClassLoader$1::run@43
                      ; - java.net.URLClassLoader$1::run@1
  0x000002159eb34584: f8fd 80ff 

  0x000002159eb34588: ;   {other}
  0x000002159eb34588: 0f1f 8400 | f866 0085 | ba45 ffff | ff4c 8b54 | 2458 4c89 | 5424 204c | 8b54 2448 | 4c89 5424 
  0x000002159eb345a8: 3844 8b9c | 24b0 0000 | 0044 895c | 2434 448b | 5c24 5044 | 895c 2448 | 4c8b 5424 | 784c 8954 
  0x000002159eb345c8: 2458 4c89 | 5424 6044 | 8b94 2480 | 0000 0044 | 8954 244c | 4c8b 9424 | 9000 0000 | 4c89 9424 
  0x000002159eb345e8: 8800 0000 

  0x000002159eb345ec: ;   {runtime_call UncommonTrapBlob}
  0x000002159eb345ec: c5f8 77e8 

  0x000002159eb345f0: ; ImmutableOopMap {rbp=Oop [32]=Oop [48]=NarrowOop [52]=NarrowOop [56]=Oop [72]=NarrowOop [76]=NarrowOop [88]=Oop [96]=Oop [104]=Oop [136]=Oop [144]=Oop [224]=Oop [296]=Oop }
                      ;*ifeq {reexecute=1 rethrow=0 return_oop=0}
                      ; - (reexecute) jdk.internal.misc.Blocker::begin@14
                      ; - sun.nio.fs.WindowsNativeDispatcher::GetFileAttributesEx@5
                      ; - sun.nio.fs.WindowsFileAttributes::get@26
                      ; - sun.nio.fs.WindowsFileAttributeViews$Basic::readAttributes@15
                      ; - sun.nio.fs.WindowsFileAttributeViews$Basic::readAttributes@1
                      ; - sun.nio.fs.WindowsFileSystemProvider::readAttributes@57
                      ; - java.nio.file.spi.FileSystemProvider::readAttributesIfExists@4
                      ; - java.nio.file.Files::isRegularFile@9
                      ; - java.io.FileInputStream::<init>@136
                      ; - jdk.internal.loader.URLClassPath$FileLoader$1::getInputStream@8
                      ; - jdk.internal.loader.Resource::cachedInputStream@9
                      ; - jdk.internal.loader.Resource::getByteBuffer@1
                      ; - java.net.URLClassLoader::defineClass@132
                      ; - java.net.URLClassLoader$1::run@43
                      ; - java.net.URLClassLoader$1::run@1
  0x000002159eb345f0: 8cfd 80ff 

  0x000002159eb345f4: ;   {other}
  0x000002159eb345f4: 0f1f 8400 | 6467 0086 | baf6 ffff | ff48 8b6c | 2458 4c8b | 5424 4844 | 8b5c 2430 | 4489 5c24 
  0x000002159eb34614: 284c 8954 | 2430 4c8b | 5424 404c | 8954 2438 | 448b 5c24 | 5044 895c | 2440 4c8b | 5424 784c 
  0x000002159eb34634: 8954 2450 | 4c89 5424 | 5844 8b9c | 2480 0000 | 0044 895c | 2478 6690 

  0x000002159eb3464c: ;   {runtime_call UncommonTrapBlob}
  0x000002159eb3464c: c5f8 77e8 

  0x000002159eb34650: ; ImmutableOopMap {rbp=Oop [40]=NarrowOop [48]=Oop [64]=NarrowOop [80]=Oop [88]=Oop [104]=Oop [120]=NarrowOop [144]=Oop [152]=Oop [160]=NarrowOop [176]=NarrowOop }
                      ;*invokevirtual newFileChannel {reexecute=0 rethrow=0 return_oop=0}
                      ; - java.io.IoOverNioFileSystem::initializeStreamsUsingNio0@14
                      ; - java.io.IoOverNioFileSystem::initializeStreamUsingNio@15
                      ; - java.io.FileInputStream::<init>@197
                      ; - jdk.internal.loader.URLClassPath$FileLoader$1::getInputStream@8
                      ; - jdk.internal.loader.Resource::cachedInputStream@9
                      ; - jdk.internal.loader.Resource::getByteBuffer@1
                      ; - java.net.URLClassLoader::defineClass@132
                      ; - java.net.URLClassLoader$1::run@43
                      ; - java.net.URLClassLoader$1::run@1
  0x000002159eb34650: 2cfd 80ff 

  0x000002159eb34654: ;   {other}
  0x000002159eb34654: 0f1f 8400 | c467 0087 | 4533 d2eb | 0641 ba01 | 0000 00ba | e4ff ffff | 488b 6c24 | 5844 8b5c 
  0x000002159eb34674: 2430 4489 | 5c24 284c | 8b5c 2448 | 4c89 5c24 | 304c 8b5c | 2440 4c89 | 5c24 3844 | 8b84 24b0 
  0x000002159eb34694: 0000 0044 | 8944 242c | 448b 5c24 | 5044 895c | 2440 4c8b | 5c24 784c | 895c 2450 | 4c89 5c24 
  0x000002159eb346b4: 5844 8b84 | 2480 0000 | 0044 8944 | 2444 4c8b | 9c24 9000 | 0000 4c89 | 5c24 7848 | 8944 24f8 
  0x000002159eb346d4: 8b84 2484 | 0000 0089 | 8424 8000 | 0000 488b | 4424 f848 | 8944 24f8 | 8b84 24a0 | 0000 0089 
  0x000002159eb346f4: 8424 8400 | 0000 488b | 4424 f848 | 899c 24c8 | 0000 0044 | 8994 24c4 | 0000 0090 

  0x000002159eb34710: ;   {runtime_call UncommonTrapBlob}
  0x000002159eb34710: c5f8 77e8 

  0x000002159eb34714: ; ImmutableOopMap {rbp=Oop [40]=NarrowOop [44]=NarrowOop [48]=Oop [64]=NarrowOop [68]=NarrowOop [80]=Oop [88]=Oop [104]=Oop [120]=Oop [128]=NarrowOop [200]=Oop [296]=Oop }
                      ;*aaload {reexecute=0 rethrow=0 return_oop=0}
                      ; - sun.nio.fs.NativeBuffers::getNativeBufferFromCache@23
                      ; - sun.nio.fs.WindowsNativeDispatcher::asNativeBuffer@31
                      ; - sun.nio.fs.WindowsNativeDispatcher::GetFileAttributesEx@1
                      ; - sun.nio.fs.WindowsFileAttributes::get@26
                      ; - sun.nio.fs.WindowsFileAttributeViews$Basic::readAttributes@15
                      ; - sun.nio.fs.WindowsFileAttributeViews$Basic::readAttributes@1
                      ; - sun.nio.fs.WindowsFileSystemProvider::readAttributes@57
                      ; - java.nio.file.spi.FileSystemProvider::readAttributesIfExists@4
                      ; - java.nio.file.Files::isRegularFile@9
                      ; - java.io.FileInputStream::<init>@136
                      ; - jdk.internal.loader.URLClassPath$FileLoader$1::getInputStream@8
                      ; - jdk.internal.loader.Resource::cachedInputStream@9
                      ; - jdk.internal.loader.Resource::getByteBuffer@1
                      ; - java.net.URLClassLoader::defineClass@132
                      ; - java.net.URLClassLoader$1::run@43
                      ; - java.net.URLClassLoader$1::run@1
  0x000002159eb34714: 68fc 80ff 

  0x000002159eb34718: ;   {other}
  0x000002159eb34718: 0f1f 8400 | 8868 0088 | bae4 ffff | ff48 8b6c | 2458 448b | 5424 3044 | 8954 2428 | 4c8b 5424 
  0x000002159eb34738: 484c 8954 | 2430 4c8b | 5424 404c | 8954 2438 | 448b 9c24 | b000 0000 | 4489 5c24 | 2c44 8b5c 
  0x000002159eb34758: 2450 4489 | 5c24 404c | 8b54 2478 | 4c89 5424 | 504c 8954 | 2458 448b | 9424 8000 | 0000 4489 
  0x000002159eb34778: 5424 444c | 8b94 2490 | 0000 004c | 8954 2478 | 4c89 8c24 | b000 0000 

  0x000002159eb34790: ;   {runtime_call UncommonTrapBlob}
  0x000002159eb34790: c5f8 77e8 

  0x000002159eb34794: ; ImmutableOopMap {rbp=Oop [40]=NarrowOop [44]=NarrowOop [48]=Oop [64]=NarrowOop [68]=NarrowOop [80]=Oop [88]=Oop [104]=Oop [120]=Oop [176]=Oop [224]=Oop [296]=Oop }
                      ;*aaload {reexecute=0 rethrow=0 return_oop=0}
                      ; - sun.nio.fs.NativeBuffers::releaseNativeBuffer@40
                      ; - sun.nio.fs.NativeBuffer::release@1
                      ; - sun.nio.fs.NativeBuffer::close@1
                      ; - sun.nio.fs.WindowsNativeDispatcher::GetFileAttributesEx@41
                      ; - sun.nio.fs.WindowsFileAttributes::get@26
                      ; - sun.nio.fs.WindowsFileAttributeViews$Basic::readAttributes@15
                      ; - sun.nio.fs.WindowsFileAttributeViews$Basic::readAttributes@1
                      ; - sun.nio.fs.WindowsFileSystemProvider::readAttributes@57
                      ; - java.nio.file.spi.FileSystemProvider::readAttributesIfExists@4
                      ; - java.nio.file.Files::isRegularFile@9
                      ; - java.io.FileInputStream::<init>@136
                      ; - jdk.internal.loader.URLClassPath$FileLoader$1::getInputStream@8
                      ; - jdk.internal.loader.Resource::cachedInputStream@9
                      ; - jdk.internal.loader.Resource::getByteBuffer@1
                      ; - java.net.URLClassLoader::defineClass@132
                      ; - java.net.URLClassLoader$1::run@43
                      ; - java.net.URLClassLoader$1::run@1
  0x000002159eb34794: e8fb 80ff 

  0x000002159eb34798: ;   {other}
  0x000002159eb34798: 0f1f 8400 | 0869 0089 | bae4 ffff | ff48 8b6c | 2458 448b | 5424 3044 | 8954 2428 | 4c8b 5424 
  0x000002159eb347b8: 484c 8954 | 2430 4c8b | 5424 404c | 8954 2438 | 448b 5424 | 5044 8954 | 2440 4c8b | 5424 784c 
  0x000002159eb347d8: 8954 2450 | 4c89 5424 | 5844 8b9c | 2480 0000 | 0044 895c | 2444 4c8b | 9424 9000 | 0000 4c89 
  0x000002159eb347f8: 5424 784c | 898c 24a8 | 0000 0090 

  0x000002159eb34804: ;   {runtime_call UncommonTrapBlob}
  0x000002159eb34804: c5f8 77e8 

  0x000002159eb34808: ; ImmutableOopMap {rbp=Oop [40]=NarrowOop [48]=Oop [64]=NarrowOop [68]=NarrowOop [80]=Oop [88]=Oop [104]=Oop [120]=Oop [168]=Oop [176]=NarrowOop [192]=Oop [296]=Oop }
                      ;*aaload {reexecute=0 rethrow=0 return_oop=0}
                      ; - sun.nio.fs.NativeBuffers::releaseNativeBuffer@40
                      ; - sun.nio.fs.NativeBuffer::release@1
                      ; - sun.nio.fs.NativeBuffer::close@1
                      ; - sun.nio.fs.WindowsFileAttributes::get@62
                      ; - sun.nio.fs.WindowsFileAttributeViews$Basic::readAttributes@15
                      ; - sun.nio.fs.WindowsFileAttributeViews$Basic::readAttributes@1
                      ; - sun.nio.fs.WindowsFileSystemProvider::readAttributes@57
                      ; - java.nio.file.spi.FileSystemProvider::readAttributesIfExists@4
                      ; - java.nio.file.Files::isRegularFile@9
                      ; - java.io.FileInputStream::<init>@136
                      ; - jdk.internal.loader.URLClassPath$FileLoader$1::getInputStream@8
                      ; - jdk.internal.loader.Resource::cachedInputStream@9
                      ; - jdk.internal.loader.Resource::getByteBuffer@1
                      ; - java.net.URLClassLoader::defineClass@132
                      ; - java.net.URLClassLoader$1::run@43
                      ; - java.net.URLClassLoader$1::run@1
  0x000002159eb34808: 74fb 80ff 

  0x000002159eb3480c: ;   {other}
  0x000002159eb3480c: 0f1f 8400 | 7c69 008a | bae4 ffff | ff48 8b6c | 2458 4c8b | 5424 4844 | 8b5c 2430 | 4489 5c24 
  0x000002159eb3482c: 284c 8954 | 2430 4c8b | 5424 404c | 8954 2438 | 448b 5c24 | 5044 895c | 2440 4c8b | 5424 784c 
  0x000002159eb3484c: 8954 2450 | 4c89 5424 | 584c 8b54 | 2468 4c89 | 5424 6048 | ffb4 2490 | 0000 0048 | 8f84 2488 
  0x000002159eb3486c: 0000 004c | 8b94 2498 | 0000 004c | 8994 2490 | 0000 0044 | 8b9c 24a0 | 0000 0044 | 899c 2498 
  0x000002159eb3488c: 0000 0090 

  0x000002159eb34890: ;   {runtime_call UncommonTrapBlob}
  0x000002159eb34890: c5f8 77e8 

  0x000002159eb34894: ; ImmutableOopMap {rbp=Oop [40]=NarrowOop [48]=Oop [64]=NarrowOop [80]=Oop [88]=Oop [96]=Oop [112]=NarrowOop [128]=NarrowOop [132]=NarrowOop [136]=Oop [144]=Oop [152]=NarrowOop [176]=NarrowOop }
                      ;*aaload {reexecute=0 rethrow=0 return_oop=0}
                      ; - java.lang.ThreadLocal$ThreadLocalMap::set@23
                      ; - java.lang.ThreadLocal::set@13
                      ; - java.lang.ThreadLocal::set@5
                      ; - java.io.IoOverNioFileSystem::initializeStreamUsingNio@4
                      ; - java.io.FileInputStream::<init>@197
                      ; - jdk.internal.loader.URLClassPath$FileLoader$1::getInputStream@8
                      ; - jdk.internal.loader.Resource::cachedInputStream@9
                      ; - jdk.internal.loader.Resource::getByteBuffer@1
                      ; - java.net.URLClassLoader::defineClass@132
                      ; - java.net.URLClassLoader$1::run@43
                      ; - java.net.URLClassLoader$1::run@1
  0x000002159eb34894: e8fa 80ff 

  0x000002159eb34898: ;   {other}
  0x000002159eb34898: 0f1f 8400 | 086a 008b | ba45 ffff | ff48 8b6c | 2458 448b | 5424 3044 | 8954 2428 | 4c8b 5424 
  0x000002159eb348b8: 484c 8954 | 2430 4c8b | 5424 404c | 8954 2438 | 448b 5424 | 5044 8954 | 2440 448b | 9424 8000 
  0x000002159eb348d8: 0000 4489 | 5424 7044 | 8954 2474 

  0x000002159eb348e4: ;   {runtime_call UncommonTrapBlob}
  0x000002159eb348e4: c5f8 77e8 

  0x000002159eb348e8: ; ImmutableOopMap {rbp=Oop [40]=NarrowOop [48]=Oop [64]=NarrowOop [104]=Oop [112]=NarrowOop [116]=NarrowOop [120]=Oop [176]=NarrowOop }
                      ;*ifeq {reexecute=1 rethrow=0 return_oop=0}
                      ; - (reexecute) java.io.IoOverNioFileSystem::acquireNioFs@46
                      ; - java.io.IoOverNioFileSystem::isInvalid@4
                      ; - java.io.File::isInvalid@13
                      ; - java.io.FileInputStream::<init>@66
                      ; - jdk.internal.loader.URLClassPath$FileLoader$1::getInputStream@8
                      ; - jdk.internal.loader.Resource::cachedInputStream@9
                      ; - jdk.internal.loader.Resource::getByteBuffer@1
                      ; - java.net.URLClassLoader::defineClass@132
                      ; - java.net.URLClassLoader$1::run@43
                      ; - java.net.URLClassLoader$1::run@1
  0x000002159eb348e8: 94fa 80ff 

  0x000002159eb348ec: ;   {other}
  0x000002159eb348ec: 0f1f 8400 | 5c6a 008c | bd01 0000 | 00eb 028b | e8ba 45ff | ffff 4c8b | 5424 584c | 8954 2420 
  0x000002159eb3490c: 4c8b 5424 | 484c 8954 | 2438 448b | 5424 5044 | 8954 2448 | 4c8b 5424 | 784c 8954 | 2458 4c89 
  0x000002159eb3492c: 5424 6044 | 8b94 2480 | 0000 0044 | 8954 2478 

  0x000002159eb3493c: ;   {runtime_call UncommonTrapBlob}
  0x000002159eb3493c: c5f8 77e8 

  0x000002159eb34940: ; ImmutableOopMap {[32]=Oop [48]=NarrowOop [56]=Oop [72]=NarrowOop [88]=Oop [96]=Oop [104]=Oop [120]=NarrowOop [128]=NarrowOop [176]=NarrowOop }
                      ;*ifeq {reexecute=1 rethrow=0 return_oop=0}
                      ; - (reexecute) java.io.IoOverNioFileSystem::isInvalid@33
                      ; - java.io.File::isInvalid@13
                      ; - java.io.FileInputStream::<init>@66
                      ; - jdk.internal.loader.URLClassPath$FileLoader$1::getInputStream@8
                      ; - jdk.internal.loader.Resource::cachedInputStream@9
                      ; - jdk.internal.loader.Resource::getByteBuffer@1
                      ; - java.net.URLClassLoader::defineClass@132
                      ; - java.net.URLClassLoader$1::run@43
                      ; - java.net.URLClassLoader$1::run@1
  0x000002159eb34940: 3cfa 80ff 

  0x000002159eb34944: ;   {other}
  0x000002159eb34944: 0f1f 8400 | b46a 008d | baf6 ffff | ff48 8b6c | 2458 448b | 5424 3044 | 8954 2428 | 4c8b 5424 
  0x000002159eb34964: 484c 8954 | 2430 4c8b | 5424 404c | 8954 2438 | 448b 5424 | 5044 8954 | 2440 448b | 9424 8000 
  0x000002159eb34984: 0000 4489 | 5424 7090 

  0x000002159eb3498c: ;   {runtime_call UncommonTrapBlob}
  0x000002159eb3498c: c5f8 77e8 

  0x000002159eb34990: ; ImmutableOopMap {rbp=Oop [40]=NarrowOop [48]=Oop [64]=NarrowOop [104]=Oop [112]=NarrowOop [120]=Oop [128]=NarrowOop [176]=NarrowOop }
                      ;*invokevirtual type {reexecute=0 rethrow=0 return_oop=0}
                      ; - sun.nio.fs.WindowsPath::parse@11
                      ; - sun.nio.fs.WindowsFileSystem::getPath@102
                      ; - java.io.IoOverNioFileSystem::isInvalid@47
                      ; - java.io.File::isInvalid@13
                      ; - java.io.FileInputStream::<init>@66
                      ; - jdk.internal.loader.URLClassPath$FileLoader$1::getInputStream@8
                      ; - jdk.internal.loader.Resource::cachedInputStream@9
                      ; - jdk.internal.loader.Resource::getByteBuffer@1
                      ; - java.net.URLClassLoader::defineClass@132
                      ; - java.net.URLClassLoader$1::run@43
                      ; - java.net.URLClassLoader$1::run@1
  0x000002159eb34990: ecf9 80ff 

  0x000002159eb34994: ;   {other}
  0x000002159eb34994: 0f1f 8400 | 046b 008e | bae4 ffff | ff4c 8b5c | 2458 4c89 | 5c24 204c | 8b5c 2448 | 4c89 5c24 
  0x000002159eb349b4: 3844 8b44 | 2450 4489 | 4424 484c | 8b5c 2478 | 4c89 5c24 | 584c 895c | 2460 4489 | 9424 8c00 
  0x000002159eb349d4: 0000 6690 

  0x000002159eb349d8: ;   {runtime_call UncommonTrapBlob}
  0x000002159eb349d8: c5f8 77e8 

  0x000002159eb349dc: ; ImmutableOopMap {rbp=NarrowOop [32]=Oop [48]=NarrowOop [56]=Oop [72]=NarrowOop [88]=Oop [96]=Oop [104]=Oop [112]=Oop [128]=NarrowOop [132]=NarrowOop [140]=NarrowOop [176]=NarrowOop }
                      ;*aaload {reexecute=0 rethrow=0 return_oop=0}
                      ; - java.lang.ThreadLocal$ThreadLocalMap::getEntry@18
                      ; - java.lang.ThreadLocal::get@12
                      ; - java.lang.ThreadLocal::get@4
                      ; - com.jetbrains.internal.IoOverNio::isAllowedInThisThread@9
                      ; - java.io.IoOverNioFileSystem::acquireNioFs@16
                      ; - java.io.IoOverNioFileSystem::isInvalid@4
                      ; - java.io.File::isInvalid@13
                      ; - java.io.FileInputStream::<init>@66
                      ; - jdk.internal.loader.URLClassPath$FileLoader$1::getInputStream@8
                      ; - jdk.internal.loader.Resource::cachedInputStream@9
                      ; - jdk.internal.loader.Resource::getByteBuffer@1
                      ; - java.net.URLClassLoader::defineClass@132
                      ; - java.net.URLClassLoader$1::run@43
                      ; - java.net.URLClassLoader$1::run@1
  0x000002159eb349dc: a0f9 80ff 

  0x000002159eb349e0: ;   {other}
  0x000002159eb349e0: 0f1f 8400 | 506b 008f | bae4 ffff | ff4c 8b54 | 2458 4c89 | 5424 204c | 8b54 2448 | 4c89 5424 
  0x000002159eb34a00: 3844 8b54 | 2450 4489 | 5424 484c | 8b54 2478 | 4c89 5424 | 584c 8954 | 2460 448b | 9c24 8000 
  0x000002159eb34a20: 0000 4489 | 5c24 7444 | 8b9c 24a0 | 0000 0044 | 899c 2480 | 0000 0090 

  0x000002159eb34a38: ;   {runtime_call UncommonTrapBlob}
  0x000002159eb34a38: c5f8 77e8 

  0x000002159eb34a3c: ; ImmutableOopMap {[32]=Oop [48]=NarrowOop [56]=Oop [72]=NarrowOop [88]=Oop [96]=Oop [104]=Oop [112]=NarrowOop [116]=NarrowOop [128]=NarrowOop [144]=Oop [168]=Oop [176]=NarrowOop [184]=Oop }
                      ;*iaload {reexecute=0 rethrow=0 return_oop=0}
                      ; - sun.nio.fs.WindowsChannelFactory$Flags::toFlags@51
                      ; - sun.nio.fs.WindowsChannelFactory::newFileChannel@1
                      ; - sun.nio.fs.WindowsFileSystemProvider::newFileChannel@55
                      ; - java.io.IoOverNioFileSystem::initializeStreamsUsingNio0@14
                      ; - java.io.IoOverNioFileSystem::initializeStreamUsingNio@15
                      ; - java.io.FileInputStream::<init>@197
                      ; - jdk.internal.loader.URLClassPath$FileLoader$1::getInputStream@8
                      ; - jdk.internal.loader.Resource::cachedInputStream@9
                      ; - jdk.internal.loader.Resource::getByteBuffer@1
                      ; - java.net.URLClassLoader::defineClass@132
                      ; - java.net.URLClassLoader$1::run@43
                      ; - java.net.URLClassLoader$1::run@1
  0x000002159eb34a3c: 40f9 80ff 

  0x000002159eb34a40: ;   {other}
  0x000002159eb34a40: 0f1f 8400 | b06b 0090 | bac6 ffff | ff48 8944 | 24f8 8b44 | 2430 8944 | 2428 488b | 4424 f84c 
  0x000002159eb34a60: 8974 2430 | 4c8b 5c24 | 404c 895c | 2438 4c89 | 7424 4044 | 8954 2448 

  0x000002159eb34a78: ;   {runtime_call UncommonTrapBlob}
  0x000002159eb34a78: c5f8 77e8 

  0x000002159eb34a7c: ; ImmutableOopMap {[40]=NarrowOop [48]=Oop [64]=Oop [72]=NarrowOop [88]=Oop [176]=NarrowOop [184]=Oop }
                      ;*invokevirtual getManifest {reexecute=0 rethrow=0 return_oop=0}
                      ; - java.net.URLClassLoader::defineClass@34
                      ; - java.net.URLClassLoader$1::run@43
                      ; - java.net.URLClassLoader$1::run@1
  0x000002159eb34a7c: 00f9 80ff 

  0x000002159eb34a80: ;   {other}
  0x000002159eb34a80: 0f1f 8400 | f06b 0091 | 498b db49 | 8bd7 c5f8 | 7749 bab0 | 22ce c7fe | 7f00 0041 

  0x000002159eb34a9c: ;   {other}
  0x000002159eb34a9c: ffd2 0f1f | 8400 0000 | 0000 e982 | e3ff ff49 | 8bd7 c5f8 | 7749 bab0 | 22ce c7fe | 7f00 0041 
  0x000002159eb34abc: ;   {other}
  0x000002159eb34abc: ffd2 0f1f | 8400 0000 | 0000 e9e6 | e2ff ff49 | 8bd7 c5f8 | 7749 bab0 | 22ce c7fe | 7f00 0041 
  0x000002159eb34adc: ;   {other}
  0x000002159eb34adc: ffd2 0f1f | 8400 0000 | 0000 e981 | b3ff ffba | 45ff ffff | 488b 6c24 | 5844 8b54 | 2430 4489 
  0x000002159eb34afc: 5424 284c | 8b54 2448 | 4c89 5424 | 304c 8b54 | 2440 4c89 | 5424 3844 | 8b54 2450 | 4489 5424 
  0x000002159eb34b1c: 4044 895c | 2474 6690 

  0x000002159eb34b24: ;   {runtime_call UncommonTrapBlob}
  0x000002159eb34b24: c5f8 77e8 

  0x000002159eb34b28: ; ImmutableOopMap {rbp=Oop [40]=NarrowOop [48]=Oop [64]=NarrowOop [104]=Oop [120]=Oop [128]=NarrowOop [132]=NarrowOop [176]=NarrowOop }
                      ;*if_icmplt {reexecute=1 rethrow=0 return_oop=0}
                      ; - (reexecute) jdk.internal.misc.VM::isBooted@4
                      ; - java.io.IoOverNioFileSystem::acquireNioFs@0
                      ; - java.io.FileInputStream::<init>@94
                      ; - jdk.internal.loader.URLClassPath$FileLoader$1::getInputStream@8
                      ; - jdk.internal.loader.Resource::cachedInputStream@9
                      ; - jdk.internal.loader.Resource::getByteBuffer@1
                      ; - java.net.URLClassLoader::defineClass@132
                      ; - java.net.URLClassLoader$1::run@43
                      ; - java.net.URLClassLoader$1::run@1
  0x000002159eb34b28: 54f8 80ff 

  0x000002159eb34b2c: ;   {other}
  0x000002159eb34b2c: 0f1f 8400 | 9c6c 0092 | ba45 ffff | ff4c 8b54 | 2458 4c89 | 5424 204c | 8b54 2448 | 4c89 5424 
  0x000002159eb34b4c: 3844 8b54 | 2450 4489 | 5424 484c | 8b54 2478 | 4c89 5424 | 584c 8954 | 2460 6690 

  0x000002159eb34b68: ;   {runtime_call UncommonTrapBlob}
  0x000002159eb34b68: c5f8 77e8 

  0x000002159eb34b6c: ; ImmutableOopMap {[32]=Oop [48]=NarrowOop [56]=Oop [72]=NarrowOop [88]=Oop [96]=Oop [104]=Oop [128]=NarrowOop [132]=NarrowOop [176]=NarrowOop }
                      ;*if_icmplt {reexecute=1 rethrow=0 return_oop=0}
                      ; - (reexecute) jdk.internal.misc.VM::isModuleSystemInited@4
                      ; - java.nio.file.FileSystems::getDefault@0
                      ; - java.io.IoOverNioFileSystem::acquireNioFs@24
                      ; - java.io.FileInputStream::<init>@94
                      ; - jdk.internal.loader.URLClassPath$FileLoader$1::getInputStream@8
                      ; - jdk.internal.loader.Resource::cachedInputStream@9
                      ; - jdk.internal.loader.Resource::getByteBuffer@1
                      ; - java.net.URLClassLoader::defineClass@132
                      ; - java.net.URLClassLoader$1::run@43
                      ; - java.net.URLClassLoader$1::run@1
  0x000002159eb34b6c: 10f8 80ff 

  0x000002159eb34b70: ;   {other}
  0x000002159eb34b70: 0f1f 8400 | e06c 0093 | 498b d7c5 | f877 49ba | b022 cec7 | fe7f 0000 

  0x000002159eb34b88: ;   {other}
  0x000002159eb34b88: 41ff d20f | 1f84 0000 | 0000 00e9 | 3cb7 ffff | 498b d7c5 | f877 49ba | b022 cec7 | fe7f 0000 
  0x000002159eb34ba8: ;   {other}
  0x000002159eb34ba8: 41ff d20f | 1f84 0000 | 0000 00e9 | efba ffff | 498b d7c5 | f877 49ba | b022 cec7 | fe7f 0000 
  0x000002159eb34bc8: ;   {other}
  0x000002159eb34bc8: 41ff d20f | 1f84 0000 | 0000 00e9 | 83ba ffff | 498b d7c5 | f877 49ba | b022 cec7 | fe7f 0000 
  0x000002159eb34be8: ;   {other}
  0x000002159eb34be8: 41ff d20f | 1f84 0000 | 0000 00e9 | 17ba ffff | 498b d7c5 | f877 49ba | b022 cec7 | fe7f 0000 
  0x000002159eb34c08: ;   {other}
  0x000002159eb34c08: 41ff d20f | 1f84 0000 | 0000 00e9 | e8bb ffff | 498b d7c5 | f877 49ba | b022 cec7 | fe7f 0000 
  0x000002159eb34c28: ;   {other}
  0x000002159eb34c28: 41ff d20f | 1f84 0000 | 0000 00e9 | d3bb ffff | ba45 ffff | ff48 8b6c | 2458 4c8b | 5424 4844 
  0x000002159eb34c48: 8b44 2430 | 4489 4424 | 284c 8954 | 2430 4c8b | 5424 404c | 8954 2438 | 448b 5424 | 5044 8954 
  0x000002159eb34c68: 2440 4c89 | 4c24 6044 | 895c 2444 

  0x000002159eb34c74: ;   {runtime_call UncommonTrapBlob}
  0x000002159eb34c74: c5f8 77e8 

  0x000002159eb34c78: ; ImmutableOopMap {rbp=Oop [40]=NarrowOop [48]=Oop [64]=NarrowOop [68]=NarrowOop [96]=Oop [120]=Oop [176]=NarrowOop }
                      ;*ifnonnull {reexecute=1 rethrow=0 return_oop=0}
                      ; - (reexecute) java.io.FileInputStream::<init>@54
                      ; - jdk.internal.loader.URLClassPath$FileLoader$1::getInputStream@8
                      ; - jdk.internal.loader.Resource::cachedInputStream@9
                      ; - jdk.internal.loader.Resource::getByteBuffer@1
                      ; - java.net.URLClassLoader::defineClass@132
                      ; - java.net.URLClassLoader$1::run@43
                      ; - java.net.URLClassLoader$1::run@1
  0x000002159eb34c78: 04f7 80ff 

  0x000002159eb34c7c: ;   {other}
  0x000002159eb34c7c: 0f1f 8400 | ec6d 0094 | ba45 ffff | ff4c 8b54 | 2458 4c89 | 5424 204c | 8b54 2448 | 4c89 5424 
  0x000002159eb34c9c: 3844 8b5c | 2450 4489 | 5c24 4890 

  0x000002159eb34ca8: ;   {runtime_call UncommonTrapBlob}
  0x000002159eb34ca8: c5f8 77e8 

  0x000002159eb34cac: ; ImmutableOopMap {rbp=NarrowOop [32]=Oop [48]=NarrowOop [56]=Oop [72]=NarrowOop [104]=Oop [120]=Oop [128]=NarrowOop [176]=NarrowOop }
                      ;*ifnull {reexecute=1 rethrow=0 return_oop=0}
                      ; - (reexecute) java.io.FileInputStream::<init>@111
                      ; - jdk.internal.loader.URLClassPath$FileLoader$1::getInputStream@8
                      ; - jdk.internal.loader.Resource::cachedInputStream@9
                      ; - jdk.internal.loader.Resource::getByteBuffer@1
                      ; - java.net.URLClassLoader::defineClass@132
                      ; - java.net.URLClassLoader$1::run@43
                      ; - java.net.URLClassLoader$1::run@1
  0x000002159eb34cac: d0f6 80ff 

  0x000002159eb34cb0: ;   {other}
  0x000002159eb34cb0: 0f1f 8400 | 206e 0095 | ba45 ffff | ff4c 8b54 | 2458 4c89 | 5424 204c | 8b54 2448 | 4c89 5424 
  0x000002159eb34cd0: 3844 8b94 | 24b0 0000 | 0044 8954 | 2434 448b | 5c24 5044 | 895c 2448 | 4c8b 5424 | 784c 8954 
  0x000002159eb34cf0: 2458 4c89 | 5424 6044 | 8b9c 2480 | 0000 0044 | 895c 244c | 4c8b 9424 | 9000 0000 | 4c89 9424 
  0x000002159eb34d10: 8800 0000 

  0x000002159eb34d14: ;   {runtime_call UncommonTrapBlob}
  0x000002159eb34d14: c5f8 77e8 

  0x000002159eb34d18: ; ImmutableOopMap {[32]=Oop [48]=NarrowOop [52]=NarrowOop [56]=Oop [72]=NarrowOop [76]=NarrowOop [88]=Oop [96]=Oop [104]=Oop [136]=Oop [144]=Oop [224]=Oop [296]=Oop }
                      ;*if_icmplt {reexecute=1 rethrow=0 return_oop=0}
                      ; - (reexecute) jdk.internal.misc.VM::isBooted@4
                      ; - jdk.internal.misc.Blocker::begin@0
                      ; - sun.nio.fs.WindowsNativeDispatcher::GetFileAttributesEx@5
                      ; - sun.nio.fs.WindowsFileAttributes::get@26
                      ; - sun.nio.fs.WindowsFileAttributeViews$Basic::readAttributes@15
                      ; - sun.nio.fs.WindowsFileAttributeViews$Basic::readAttributes@1
                      ; - sun.nio.fs.WindowsFileSystemProvider::readAttributes@57
                      ; - java.nio.file.spi.FileSystemProvider::readAttributesIfExists@4
                      ; - java.nio.file.Files::isRegularFile@9
                      ; - java.io.FileInputStream::<init>@136
                      ; - jdk.internal.loader.URLClassPath$FileLoader$1::getInputStream@8
                      ; - jdk.internal.loader.Resource::cachedInputStream@9
                      ; - jdk.internal.loader.Resource::getByteBuffer@1
                      ; - java.net.URLClassLoader::defineClass@132
                      ; - java.net.URLClassLoader$1::run@43
                      ; - java.net.URLClassLoader$1::run@1
  0x000002159eb34d18: 64f6 80ff 

  0x000002159eb34d1c: ;   {other}
  0x000002159eb34d1c: 0f1f 8400 | 8c6e 0096 | ba45 ffff | ff4c 8b54 | 2458 4c89 | 5424 204c | 8b54 2448 | 4c89 5424 
  0x000002159eb34d3c: 3844 8b54 | 2450 4489 | 5424 484c | 8b54 2478 | 4c89 5424 | 584c 8954 | 2460 448b | 9424 8000 
  0x000002159eb34d5c: 0000 4489 | 5424 4c90 

  0x000002159eb34d64: ;   {runtime_call UncommonTrapBlob}
  0x000002159eb34d64: c5f8 77e8 

  0x000002159eb34d68: ; ImmutableOopMap {rbp=NarrowOop [32]=Oop [48]=NarrowOop [56]=Oop [72]=NarrowOop [76]=NarrowOop [88]=Oop [96]=Oop [104]=Oop [144]=Oop [176]=NarrowOop }
                      ;*if_acmpne {reexecute=1 rethrow=0 return_oop=0}
                      ; - (reexecute) java.io.FileInputStream::<init>@163
                      ; - jdk.internal.loader.URLClassPath$FileLoader$1::getInputStream@8
                      ; - jdk.internal.loader.Resource::cachedInputStream@9
                      ; - jdk.internal.loader.Resource::getByteBuffer@1
                      ; - java.net.URLClassLoader::defineClass@132
                      ; - java.net.URLClassLoader$1::run@43
                      ; - java.net.URLClassLoader$1::run@1
  0x000002159eb34d68: 14f6 80ff 

  0x000002159eb34d6c: ;   {other}
  0x000002159eb34d6c: 0f1f 8400 | dc6e 0097 | 498b d7c5 | f877 49ba | b022 cec7 | fe7f 0000 

  0x000002159eb34d84: ;   {other}
  0x000002159eb34d84: 41ff d20f | 1f84 0000 | 0000 00e9 | cac4 ffff | ba45 ffff | ff4c 8b54 | 2458 4c89 | 5424 204c 
  0x000002159eb34da4: 8b54 2448 | 4c89 5424 | 3844 8b5c | 2450 4489 | 5c24 4890 

  0x000002159eb34db8: ;   {runtime_call UncommonTrapBlob}
  0x000002159eb34db8: c5f8 77e8 

  0x000002159eb34dbc: ; ImmutableOopMap {[32]=Oop [48]=NarrowOop [56]=Oop [72]=NarrowOop [104]=Oop [120]=Oop [128]=NarrowOop [176]=NarrowOop }
                      ;*if_icmpne {reexecute=1 rethrow=0 return_oop=0}
                      ; - (reexecute) java.lang.String::equals@33
                      ; - java.util.Objects::equals@11
                      ; - java.io.IoOverNioFileSystem::acquireNioFs@43
                      ; - java.io.FileInputStream::<init>@94
                      ; - jdk.internal.loader.URLClassPath$FileLoader$1::getInputStream@8
                      ; - jdk.internal.loader.Resource::cachedInputStream@9
                      ; - jdk.internal.loader.Resource::getByteBuffer@1
                      ; - java.net.URLClassLoader::defineClass@132
                      ; - java.net.URLClassLoader$1::run@43
                      ; - java.net.URLClassLoader$1::run@1
  0x000002159eb34dbc: c0f5 80ff 

  0x000002159eb34dc0: ;   {other}
  0x000002159eb34dc0: 0f1f 8400 | 306f 0098 | 498b d7c5 | f877 49ba | b022 cec7 | fe7f 0000 

  0x000002159eb34dd8: ;   {other}
  0x000002159eb34dd8: 41ff d20f | 1f84 0000 | 0000 00e9 | 9cbd ffff | 498b d7c5 | f877 49ba | b022 cec7 | fe7f 0000 
  0x000002159eb34df8: ;   {other}
  0x000002159eb34df8: 41ff d20f | 1f84 0000 | 0000 00e9 | b2c1 ffff | 498b d7c5 | f877 49ba | b022 cec7 | fe7f 0000 
  0x000002159eb34e18: ;   {other}
  0x000002159eb34e18: 41ff d20f | 1f84 0000 | 0000 00e9 | bac3 ffff | ba45 ffff | ff48 8b6c | 2458 448b | 5c24 3044 
  0x000002159eb34e38: 895c 2428 | 4c8b 5c24 | 484c 895c | 2430 4c8b | 5c24 404c | 895c 2438 | 448b 5c24 | 5044 895c 
  0x000002159eb34e58: 2440 4c8b | 5c24 784c | 895c 2450 | 4c89 5c24 | 5844 8b84 | 2480 0000 | 0044 8944 | 2444 4c8b 
  0x000002159eb34e78: 9c24 9000 | 0000 4c89 | 5c24 7844 | 8994 24a0 | 0000 0090 

  0x000002159eb34e8c: ;   {runtime_call UncommonTrapBlob}
  0x000002159eb34e8c: c5f8 77e8 

  0x000002159eb34e90: ; ImmutableOopMap {rbp=Oop [40]=NarrowOop [48]=Oop [64]=NarrowOop [68]=NarrowOop [80]=Oop [88]=Oop [104]=Oop [120]=Oop [176]=NarrowOop [296]=Oop }
                      ;*if_icmpgt {reexecute=1 rethrow=0 return_oop=0}
                      ; - (reexecute) sun.nio.fs.WindowsPath::getPathForWin32Calls@21
                      ; - sun.nio.fs.WindowsPath::getPathForWin32Calls@2
                      ; - sun.nio.fs.WindowsFileAttributes::get@21
                      ; - sun.nio.fs.WindowsFileAttributeViews$Basic::readAttributes@15
                      ; - sun.nio.fs.WindowsFileAttributeViews$Basic::readAttributes@1
                      ; - sun.nio.fs.WindowsFileSystemProvider::readAttributes@57
                      ; - java.nio.file.spi.FileSystemProvider::readAttributesIfExists@4
                      ; - java.nio.file.Files::isRegularFile@9
                      ; - java.io.FileInputStream::<init>@136
                      ; - jdk.internal.loader.URLClassPath$FileLoader$1::getInputStream@8
                      ; - jdk.internal.loader.Resource::cachedInputStream@9
                      ; - jdk.internal.loader.Resource::getByteBuffer@1
                      ; - java.net.URLClassLoader::defineClass@132
                      ; - java.net.URLClassLoader$1::run@43
                      ; - java.net.URLClassLoader$1::run@1
  0x000002159eb34e90: ecf4 80ff 

  0x000002159eb34e94: ;   {other}
  0x000002159eb34e94: 0f1f 8400 | 0470 0099 | ba45 ffff | ff48 8b6c | 2458 4c8b | 5c24 4844 | 8b44 2430 | 4489 4424 
  0x000002159eb34eb4: 284c 895c | 2430 4c8b | 5c24 404c | 895c 2438 | 448b 4424 | 5044 8944 | 2440 4c8b | 5c24 784c 
  0x000002159eb34ed4: 895c 2450 | 4c89 5c24 | 5844 8b9c | 2480 0000 | 0044 895c | 2444 4c8b | 9c24 9000 | 0000 4c89 
  0x000002159eb34ef4: 5c24 7844 | 8994 24a8 | 0000 0090 

  0x000002159eb34f00: ;   {runtime_call UncommonTrapBlob}
  0x000002159eb34f00: c5f8 77e8 

  0x000002159eb34f04: ; ImmutableOopMap {rbp=Oop [40]=NarrowOop [48]=Oop [64]=NarrowOop [68]=NarrowOop [80]=Oop [88]=Oop [104]=Oop [120]=Oop [176]=NarrowOop [296]=Oop }
                      ;*if_icmple {reexecute=1 rethrow=0 return_oop=0}
                      ; - (reexecute) sun.nio.fs.WindowsNativeDispatcher::asNativeBuffer@6
                      ; - sun.nio.fs.WindowsNativeDispatcher::GetFileAttributesEx@1
                      ; - sun.nio.fs.WindowsFileAttributes::get@26
                      ; - sun.nio.fs.WindowsFileAttributeViews$Basic::readAttributes@15
                      ; - sun.nio.fs.WindowsFileAttributeViews$Basic::readAttributes@1
                      ; - sun.nio.fs.WindowsFileSystemProvider::readAttributes@57
                      ; - java.nio.file.spi.FileSystemProvider::readAttributesIfExists@4
                      ; - java.nio.file.Files::isRegularFile@9
                      ; - java.io.FileInputStream::<init>@136
                      ; - jdk.internal.loader.URLClassPath$FileLoader$1::getInputStream@8
                      ; - jdk.internal.loader.Resource::cachedInputStream@9
                      ; - jdk.internal.loader.Resource::getByteBuffer@1
                      ; - java.net.URLClassLoader::defineClass@132
                      ; - java.net.URLClassLoader$1::run@43
                      ; - java.net.URLClassLoader$1::run@1
  0x000002159eb34f04: 78f4 80ff 

  0x000002159eb34f08: ;   {other}
  0x000002159eb34f08: 0f1f 8400 | 7870 009a | ba45 ffff | ff4c 8b54 | 2458 4c89 | 5424 204c | 8b54 2448 | 4c89 5424 
  0x000002159eb34f28: 3844 8b5c | 2450 4489 | 5c24 484c | 8b54 2478 | 4c89 5424 | 584c 8954 | 2460 448b | 9424 8000 
  0x000002159eb34f48: 0000 4489 | 5424 4c90 

  0x000002159eb34f50: ;   {runtime_call UncommonTrapBlob}
  0x000002159eb34f50: c5f8 77e8 

  0x000002159eb34f54: ; ImmutableOopMap {[32]=Oop [48]=NarrowOop [56]=Oop [72]=NarrowOop [76]=NarrowOop [88]=Oop [96]=Oop [104]=Oop [144]=Oop [176]=NarrowOop [192]=Oop }
                      ;*if_icmpne {reexecute=1 rethrow=0 return_oop=0}
                      ; - (reexecute) sun.nio.fs.WindowsFileAttributes::isSymbolicLink@6
                      ; - sun.nio.fs.WindowsFileAttributes::isRegularFile@1
                      ; - java.nio.file.Files::isRegularFile@18
                      ; - java.io.FileInputStream::<init>@136
                      ; - jdk.internal.loader.URLClassPath$FileLoader$1::getInputStream@8
                      ; - jdk.internal.loader.Resource::cachedInputStream@9
                      ; - jdk.internal.loader.Resource::getByteBuffer@1
                      ; - java.net.URLClassLoader::defineClass@132
                      ; - java.net.URLClassLoader$1::run@43
                      ; - java.net.URLClassLoader$1::run@1
  0x000002159eb34f54: 28f4 80ff 

  0x000002159eb34f58: ;   {other}
  0x000002159eb34f58: 0f1f 8400 | c870 009b | ba45 ffff | ff4c 8b54 | 2458 4c89 | 5424 204c | 8b54 2448 | 4c89 5424 
  0x000002159eb34f78: 3844 8b5c | 2450 4489 | 5c24 484c | 8b54 2478 | 4c89 5424 | 584c 8954 | 2460 448b | 9c24 8000 
  0x000002159eb34f98: 0000 4489 | 5c24 4c90 

  0x000002159eb34fa0: ;   {runtime_call UncommonTrapBlob}
  0x000002159eb34fa0: c5f8 77e8 

  0x000002159eb34fa4: ; ImmutableOopMap {[32]=Oop [48]=NarrowOop [56]=Oop [72]=NarrowOop [76]=NarrowOop [88]=Oop [96]=Oop [104]=Oop [144]=Oop [176]=NarrowOop }
                      ;*ifeq {reexecute=1 rethrow=0 return_oop=0}
                      ; - (reexecute) sun.nio.fs.WindowsFileAttributes::isOther@17
                      ; - sun.nio.fs.WindowsFileAttributes::isRegularFile@15
                      ; - java.nio.file.Files::isRegularFile@18
                      ; - java.io.FileInputStream::<init>@136
                      ; - jdk.internal.loader.URLClassPath$FileLoader$1::getInputStream@8
                      ; - jdk.internal.loader.Resource::cachedInputStream@9
                      ; - jdk.internal.loader.Resource::getByteBuffer@1
                      ; - java.net.URLClassLoader::defineClass@132
                      ; - java.net.URLClassLoader$1::run@43
                      ; - java.net.URLClassLoader$1::run@1
  0x000002159eb34fa4: d8f3 80ff 

  0x000002159eb34fa8: ;   {other}
  0x000002159eb34fa8: 0f1f 8400 | 1871 009c | ba45 ffff | ff4c 8b54 | 2458 4c89 | 5424 204c | 8b54 2448 | 4c89 5424 
  0x000002159eb34fc8: 3844 8b5c | 2450 4489 | 5c24 484c | 8b54 2478 | 4c89 5424 | 584c 8954 | 2460 448b | 9c24 8000 
  0x000002159eb34fe8: 0000 4489 | 5c24 7490 

  0x000002159eb34ff0: ;   {runtime_call UncommonTrapBlob}
  0x000002159eb34ff0: c5f8 77e8 

  0x000002159eb34ff4: ; ImmutableOopMap {rbp=NarrowOop [32]=Oop [48]=NarrowOop [56]=Oop [72]=NarrowOop [88]=Oop [96]=Oop [104]=Oop [112]=NarrowOop [116]=NarrowOop [144]=Oop [152]=Oop [160]=NarrowOop [176]=NarrowOop }
                      ;*ifnonnull {reexecute=1 rethrow=0 return_oop=0}
                      ; - (reexecute) sun.nio.fs.WindowsSecurityDescriptor::address@4
                      ; - sun.nio.fs.WindowsFileSystemProvider::newFileChannel@52
                      ; - java.io.IoOverNioFileSystem::initializeStreamsUsingNio0@14
                      ; - java.io.IoOverNioFileSystem::initializeStreamUsingNio@15
                      ; - java.io.FileInputStream::<init>@197
                      ; - jdk.internal.loader.URLClassPath$FileLoader$1::getInputStream@8
                      ; - jdk.internal.loader.Resource::cachedInputStream@9
                      ; - jdk.internal.loader.Resource::getByteBuffer@1
                      ; - java.net.URLClassLoader::defineClass@132
                      ; - java.net.URLClassLoader$1::run@43
                      ; - java.net.URLClassLoader$1::run@1
  0x000002159eb34ff4: 88f3 80ff 

  0x000002159eb34ff8: ;   {other}
  0x000002159eb34ff8: 0f1f 8400 | 6871 009d | 488b fb49 | 8bd9 498b | d7c5 f877 | 49ba b022 | cec7 fe7f | 0000 41ff 
  0x000002159eb35018: ;   {other}
  0x000002159eb35018: d20f 1f84 | 0000 0000 | 004c 8bcb | 488b dfe9 | c5c8 ffff | 498b d7c5 | f877 49ba | b022 cec7 
  0x000002159eb35038: fe7f 0000 

  0x000002159eb3503c: ;   {other}
  0x000002159eb3503c: 41ff d20f | 1f84 0000 | 0000 004c | 8b4c 2468 | e94f c8ff | ff48 8bfb | 498b d949 | 8bd7 c5f8 
  0x000002159eb3505c: 7749 bab0 | 22ce c7fe | 7f00 0041 

  0x000002159eb35068: ;   {other}
  0x000002159eb35068: ffd2 0f1f | 8400 0000 | 0000 4c8b | cb48 8bdf | e9bc c8ff | ffba 45ff | ffff 4c8b | 5424 584c 
  0x000002159eb35088: 8954 2420 | 4c8b 5424 | 484c 8954 | 2438 448b | 5c24 5044 | 895c 2448 | 4c8b 5424 | 784c 8954 
  0x000002159eb350a8: 2458 4c89 | 5424 6044 | 8b94 2480 | 0000 0044 | 8954 2478 | 4489 5424 | 7c66 6690 

  0x000002159eb350c4: ;   {runtime_call UncommonTrapBlob}
  0x000002159eb350c4: c5f8 77e8 

  0x000002159eb350c8: ; ImmutableOopMap {[32]=Oop [48]=NarrowOop [56]=Oop [72]=NarrowOop [88]=Oop [96]=Oop [104]=Oop [120]=NarrowOop [124]=NarrowOop [132]=NarrowOop [176]=NarrowOop }
                      ;*if_icmplt {reexecute=1 rethrow=0 return_oop=0}
                      ; - (reexecute) jdk.internal.misc.VM::isBooted@4
                      ; - java.io.IoOverNioFileSystem::acquireNioFs@0
                      ; - java.io.IoOverNioFileSystem::isInvalid@4
                      ; - java.io.File::isInvalid@13
                      ; - java.io.FileInputStream::<init>@66
                      ; - jdk.internal.loader.URLClassPath$FileLoader$1::getInputStream@8
                      ; - jdk.internal.loader.Resource::cachedInputStream@9
                      ; - jdk.internal.loader.Resource::getByteBuffer@1
                      ; - java.net.URLClassLoader::defineClass@132
                      ; - java.net.URLClassLoader$1::run@43
                      ; - java.net.URLClassLoader$1::run@1
  0x000002159eb350c8: b4f2 80ff 

  0x000002159eb350cc: ;   {other}
  0x000002159eb350cc: 0f1f 8400 | 3c72 009e | 498b d7c5 | f877 49ba | b022 cec7 | fe7f 0000 

  0x000002159eb350e4: ;   {other}
  0x000002159eb350e4: 41ff d20f | 1f84 0000 | 0000 00e9 | 8cb1 ffff | ba45 ffff | ff4c 8b54 | 2458 4c89 | 5424 204c 
  0x000002159eb35104: 8b54 2448 | 4c89 5424 | 3844 8b54 | 2450 4489 | 5424 484c | 8b54 2478 | 4c89 5424 | 584c 8954 
  0x000002159eb35124: 2460 448b | 9c24 8000 | 0000 4489 | 5c24 7844 | 895c 247c 

  0x000002159eb35138: ;   {runtime_call UncommonTrapBlob}
  0x000002159eb35138: c5f8 77e8 

  0x000002159eb3513c: ; ImmutableOopMap {[32]=Oop [48]=NarrowOop [56]=Oop [72]=NarrowOop [88]=Oop [96]=Oop [104]=Oop [120]=NarrowOop [124]=NarrowOop [132]=NarrowOop [176]=NarrowOop }
                      ;*if_icmplt {reexecute=1 rethrow=0 return_oop=0}
                      ; - (reexecute) jdk.internal.misc.VM::isModuleSystemInited@4
                      ; - java.nio.file.FileSystems::getDefault@0
                      ; - java.io.IoOverNioFileSystem::acquireNioFs@24
                      ; - java.io.IoOverNioFileSystem::isInvalid@4
                      ; - java.io.File::isInvalid@13
                      ; - java.io.FileInputStream::<init>@66
                      ; - jdk.internal.loader.URLClassPath$FileLoader$1::getInputStream@8
                      ; - jdk.internal.loader.Resource::cachedInputStream@9
                      ; - jdk.internal.loader.Resource::getByteBuffer@1
                      ; - java.net.URLClassLoader::defineClass@132
                      ; - java.net.URLClassLoader$1::run@43
                      ; - java.net.URLClassLoader$1::run@1
  0x000002159eb3513c: 40f2 80ff 

  0x000002159eb35140: ;   {other}
  0x000002159eb35140: 0f1f 8400 | b072 009f | ba45 ffff | ff4c 8b54 | 2458 4c89 | 5424 204c | 8b54 2448 | 4c89 5424 
  0x000002159eb35160: 3844 8b5c | 2450 4489 | 5c24 484c | 8b54 2478 | 4c89 5424 | 584c 8954 | 2460 448b | 9c24 8000 
  0x000002159eb35180: 0000 4489 | 5c24 7844 | 895c 247c 

  0x000002159eb3518c: ;   {runtime_call UncommonTrapBlob}
  0x000002159eb3518c: c5f8 77e8 

  0x000002159eb35190: ; ImmutableOopMap {[32]=Oop [48]=NarrowOop [56]=Oop [72]=NarrowOop [88]=Oop [96]=Oop [104]=Oop [120]=NarrowOop [124]=NarrowOop [176]=NarrowOop }
                      ;*if_icmpne {reexecute=1 rethrow=0 return_oop=0}
                      ; - (reexecute) java.lang.String::equals@33
                      ; - java.util.Objects::equals@11
                      ; - java.io.IoOverNioFileSystem::acquireNioFs@43
                      ; - java.io.IoOverNioFileSystem::isInvalid@4
                      ; - java.io.File::isInvalid@13
                      ; - java.io.FileInputStream::<init>@66
                      ; - jdk.internal.loader.URLClassPath$FileLoader$1::getInputStream@8
                      ; - jdk.internal.loader.Resource::cachedInputStream@9
                      ; - jdk.internal.loader.Resource::getByteBuffer@1
                      ; - java.net.URLClassLoader::defineClass@132
                      ; - java.net.URLClassLoader$1::run@43
                      ; - java.net.URLClassLoader$1::run@1
  0x000002159eb35190: ecf1 80ff 

  0x000002159eb35194: ;   {other}
  0x000002159eb35194: 0f1f 8400 | 0473 00a0 | ba45 ffff | ff4c 8b54 | 2458 4c89 | 5424 204c | 8b54 2448 | 4c89 5424 
  0x000002159eb351b4: 3844 8b54 | 2450 4489 | 5424 484c | 8b54 2478 | 4c89 5424 | 584c 8954 | 2460 448b | 9424 8000 
  0x000002159eb351d4: 0000 4489 | 5424 7844 | 8954 247c 

  0x000002159eb351e0: ;   {runtime_call UncommonTrapBlob}
  0x000002159eb351e0: c5f8 77e8 

  0x000002159eb351e4: ; ImmutableOopMap {[32]=Oop [48]=NarrowOop [56]=Oop [72]=NarrowOop [88]=Oop [96]=Oop [104]=Oop [120]=NarrowOop [124]=NarrowOop [176]=NarrowOop }
                      ;*if_icmpne {reexecute=1 rethrow=0 return_oop=0}
                      ; - (reexecute) java.lang.String::equals@33
                      ; - java.io.IoOverNioFileSystem::isInvalid@30
                      ; - java.io.File::isInvalid@13
                      ; - java.io.FileInputStream::<init>@66
                      ; - jdk.internal.loader.URLClassPath$FileLoader$1::getInputStream@8
                      ; - jdk.internal.loader.Resource::cachedInputStream@9
                      ; - jdk.internal.loader.Resource::getByteBuffer@1
                      ; - java.net.URLClassLoader::defineClass@132
                      ; - java.net.URLClassLoader$1::run@43
                      ; - java.net.URLClassLoader$1::run@1
  0x000002159eb351e4: 98f1 80ff 

  0x000002159eb351e8: ;   {other}
  0x000002159eb351e8: 0f1f 8400 | 5873 00a1 | 498b d7c5 | f877 49ba | b022 cec7 | fe7f 0000 

  0x000002159eb35200: ;   {other}
  0x000002159eb35200: 41ff d20f | 1f84 0000 | 0000 00e9 | fabb ffff | ba45 ffff | ff4c 8b54 | 2458 4c89 | 5424 204c 
  0x000002159eb35220: 8b54 2448 | 4c89 5424 | 3844 8b5c | 2450 4489 | 5c24 484c | 8b54 2478 | 4c89 5424 | 584c 8954 
  0x000002159eb35240: 2460 4c8b | 9424 9800 | 0000 4c89 | 9424 8800 | 0000 6690 

  0x000002159eb35254: ;   {runtime_call UncommonTrapBlob}
  0x000002159eb35254: c5f8 77e8 

  0x000002159eb35258: ; ImmutableOopMap {[32]=Oop [48]=NarrowOop [56]=Oop [72]=NarrowOop [88]=Oop [96]=Oop [104]=Oop [128]=NarrowOop [136]=Oop [144]=Oop [160]=NarrowOop [176]=NarrowOop }
                      ;*if_icmpgt {reexecute=1 rethrow=0 return_oop=0}
                      ; - (reexecute) sun.nio.fs.WindowsPath::getPathForWin32Calls@21
                      ; - sun.nio.fs.WindowsPath::getPathForWin32Calls@2
                      ; - sun.nio.fs.WindowsFileSystemProvider::newFileChannel@41
                      ; - java.io.IoOverNioFileSystem::initializeStreamsUsingNio0@14
                      ; - java.io.IoOverNioFileSystem::initializeStreamUsingNio@15
                      ; - java.io.FileInputStream::<init>@197
                      ; - jdk.internal.loader.URLClassPath$FileLoader$1::getInputStream@8
                      ; - jdk.internal.loader.Resource::cachedInputStream@9
                      ; - jdk.internal.loader.Resource::getByteBuffer@1
                      ; - java.net.URLClassLoader::defineClass@132
                      ; - java.net.URLClassLoader$1::run@43
                      ; - java.net.URLClassLoader$1::run@1
  0x000002159eb35258: 24f1 80ff 

  0x000002159eb3525c: ;   {other}
  0x000002159eb3525c: 0f1f 8400 | cc73 00a2 | ba45 ffff | ff4c 8b54 | 2458 4c89 | 5424 204c | 8b54 2448 | 4c89 5424 
  0x000002159eb3527c: 3844 8b54 | 2450 4489 | 5424 484c | 8b54 2478 | 4c89 5424 | 584c 8954 | 2460 448b | 9c24 8000 
  0x000002159eb3529c: 0000 4489 | 5c24 7490 

  0x000002159eb352a4: ;   {runtime_call UncommonTrapBlob}
  0x000002159eb352a4: c5f8 77e8 

  0x000002159eb352a8: ; ImmutableOopMap {[32]=Oop [48]=NarrowOop [56]=Oop [72]=NarrowOop [88]=Oop [96]=Oop [104]=Oop [112]=NarrowOop [116]=NarrowOop [144]=Oop [160]=NarrowOop [168]=Oop [176]=NarrowOop }
                      ;*ifeq {reexecute=1 rethrow=0 return_oop=0}
                      ; - (reexecute) sun.nio.fs.WindowsChannelFactory::newFileChannel@76
                      ; - sun.nio.fs.WindowsFileSystemProvider::newFileChannel@55
                      ; - java.io.IoOverNioFileSystem::initializeStreamsUsingNio0@14
                      ; - java.io.IoOverNioFileSystem::initializeStreamUsingNio@15
                      ; - java.io.FileInputStream::<init>@197
                      ; - jdk.internal.loader.URLClassPath$FileLoader$1::getInputStream@8
                      ; - jdk.internal.loader.Resource::cachedInputStream@9
                      ; - jdk.internal.loader.Resource::getByteBuffer@1
                      ; - java.net.URLClassLoader::defineClass@132
                      ; - java.net.URLClassLoader$1::run@43
                      ; - java.net.URLClassLoader$1::run@1
  0x000002159eb352a8: d4f0 80ff 

  0x000002159eb352ac: ;   {other}
  0x000002159eb352ac: 0f1f 8400 | 1c74 00a3 | ba45 ffff | ff48 8b6c | 2458 4c8b | 5424 4844 | 8b5c 2430 | 4489 5c24 
  0x000002159eb352cc: 284c 8954 | 2430 4c8b | 5424 404c | 8954 2438 | 448b 5c24 | 5044 895c | 2440 4c8b | 5424 684c 
  0x000002159eb352ec: 8954 2460 | 8944 2468 

  0x000002159eb352f4: ;   {runtime_call UncommonTrapBlob}
  0x000002159eb352f4: c5f8 77e8 

  0x000002159eb352f8: ; ImmutableOopMap {rbp=Oop [40]=NarrowOop [48]=Oop [64]=NarrowOop [96]=Oop [120]=Oop [128]=NarrowOop [176]=NarrowOop }
                      ;*ifeq {reexecute=1 rethrow=0 return_oop=0}
                      ; - (reexecute) java.io.FileInputStream::<init>@277
                      ; - jdk.internal.loader.URLClassPath$FileLoader$1::getInputStream@8
                      ; - jdk.internal.loader.Resource::cachedInputStream@9
                      ; - jdk.internal.loader.Resource::getByteBuffer@1
                      ; - java.net.URLClassLoader::defineClass@132
                      ; - java.net.URLClassLoader$1::run@43
                      ; - java.net.URLClassLoader$1::run@1
  0x000002159eb352f8: 84f0 80ff 

  0x000002159eb352fc: ;   {other}
  0x000002159eb352fc: 0f1f 8400 | 6c74 00a4 | ba45 ffff | ff4c 8b54 | 2458 4c89 | 5424 204c | 8b54 2448 | 4c89 5424 
  0x000002159eb3531c: 3844 8b54 | 2450 4489 | 5424 484c | 8b54 2478 | 4c89 5424 | 584c 8954 | 2460 6690 

  0x000002159eb35338: ;   {runtime_call UncommonTrapBlob}
  0x000002159eb35338: c5f8 77e8 

  0x000002159eb3533c: ; ImmutableOopMap {[32]=Oop [48]=NarrowOop [56]=Oop [72]=NarrowOop [88]=Oop [96]=Oop [104]=Oop [128]=NarrowOop [144]=Oop [160]=NarrowOop [176]=NarrowOop }
                      ;*ifeq {reexecute=1 rethrow=0 return_oop=0}
                      ; - (reexecute) sun.nio.fs.WindowsChannelFactory::newFileChannel@58
                      ; - sun.nio.fs.WindowsFileSystemProvider::newFileChannel@55
                      ; - java.io.IoOverNioFileSystem::initializeStreamsUsingNio0@14
                      ; - java.io.IoOverNioFileSystem::initializeStreamUsingNio@15
                      ; - java.io.FileInputStream::<init>@197
                      ; - jdk.internal.loader.URLClassPath$FileLoader$1::getInputStream@8
                      ; - jdk.internal.loader.Resource::cachedInputStream@9
                      ; - jdk.internal.loader.Resource::getByteBuffer@1
                      ; - java.net.URLClassLoader::defineClass@132
                      ; - java.net.URLClassLoader$1::run@43
                      ; - java.net.URLClassLoader$1::run@1
  0x000002159eb3533c: 40f0 80ff 

  0x000002159eb35340: ;   {other}
  0x000002159eb35340: 0f1f 8400 | b074 00a5 | 498b d7c5 | f877 49ba | b022 cec7 | fe7f 0000 

  0x000002159eb35358: ;   {other}
  0x000002159eb35358: 41ff d20f | 1f84 0000 | 0000 00e9 | 8dc0 ffff 

  0x000002159eb35368: ;   {metadata('java/nio/file/InvalidPathException')}
  0x000002159eb35368: 4181 fb30 | b714 000f | 8427 bfff | ff4d 8b58 

  0x000002159eb35378: ;   {metadata('java/lang/SecurityException')}
  0x000002159eb35378: 5049 b830 | b60b 0008 | 0000 004d | 3bd8 0f84 | 10bf ffff | 498b dae9 | 9910 0000 | ba66 ffff 
  0x000002159eb35398: ff48 8b6c | 2458 4c8b | 5424 484c | 8954 2420 | 448b 5c24 | 3844 895c | 2428 4c8b | 5424 404c 
  0x000002159eb353b8: 8954 2430 | 4c8b 9424 | 8000 0000 | 4c89 5424 | 3844 8b54 | 2454 4489 | 5424 4044 | 8b54 2468 
  0x000002159eb353d8: 4489 5424 | 5844 8954 | 245c 6690 

  0x000002159eb353e4: ;   {runtime_call UncommonTrapBlob}
  0x000002159eb353e4: c5f8 77e8 

  0x000002159eb353e8: ; ImmutableOopMap {rbp=Oop [32]=Oop [40]=NarrowOop [56]=Oop [64]=NarrowOop [88]=NarrowOop [92]=NarrowOop [176]=NarrowOop [184]=Oop }
                      ;*invokevirtual getManifest {reexecute=0 rethrow=0 return_oop=0}
                      ; - java.util.jar.JarFile::maybeInstantiateVerifier@31
                      ; - java.util.jar.JarFile::ensureInitialization@1
                      ; - java.util.jar.JavaUtilJarAccessImpl::ensureInitialization@1
                      ; - jdk.internal.loader.URLClassPath$JarLoader$2::getManifest@10
                      ; - java.net.URLClassLoader::defineClass@34
                      ; - java.net.URLClassLoader$1::run@43
                      ; - java.net.URLClassLoader$1::run@1
  0x000002159eb353e8: 94ef 80ff 

  0x000002159eb353ec: ;   {other}
  0x000002159eb353ec: 0f1f 8400 | 5c75 00a6 | bae4 ffff | ff48 8b6c | 2458 4c8b | 5424 4844 | 8b5c 2430 | 4489 5c24 
  0x000002159eb3540c: 284c 8954 | 2430 4c8b | 5424 404c | 8954 2438 | 448b 5424 | 5044 8954 | 2440 4c8b | 5424 784c 
  0x000002159eb3542c: 8954 2450 | 4c89 5424 | 5844 8b9c | 2480 0000 | 0044 895c | 2474 4c8b | 9424 9000 | 0000 4c89 
  0x000002159eb3544c: 9424 8800 | 0000 4c8b | 9424 9800 | 0000 4c89 | 9424 9000 | 0000 448b | 9c24 a000 | 0000 4489 
  0x000002159eb3546c: 9c24 8000 | 0000 448b | 9c24 a400 | 0000 4489 | 9c24 9c00 | 0000 4889 | 9c24 a000 | 0000 6690 
  0x000002159eb3548c: ;   {runtime_call UncommonTrapBlob}
  0x000002159eb3548c: c5f8 77e8 

  0x000002159eb35490: ; ImmutableOopMap {rbp=Oop [40]=NarrowOop [48]=Oop [64]=NarrowOop [80]=Oop [88]=Oop [104]=Oop [112]=NarrowOop [116]=NarrowOop [128]=NarrowOop [132]=NarrowOop [136]=Oop [144]=Oop [160]=Oop [176]=NarrowOop }
                      ;*aastore {reexecute=1 rethrow=0 return_oop=0}
                      ; - (reexecute) java.lang.ThreadLocal$ThreadLocalMap::set@94
                      ; - java.lang.ThreadLocal::set@13
                      ; - java.lang.ThreadLocal::set@5
                      ; - java.io.IoOverNioFileSystem::initializeStreamUsingNio@4
                      ; - java.io.FileInputStream::<init>@197
                      ; - jdk.internal.loader.URLClassPath$FileLoader$1::getInputStream@8
                      ; - jdk.internal.loader.Resource::cachedInputStream@9
                      ; - jdk.internal.loader.Resource::getByteBuffer@1
                      ; - java.net.URLClassLoader::defineClass@132
                      ; - java.net.URLClassLoader$1::run@43
                      ; - java.net.URLClassLoader$1::run@1
  0x000002159eb35490: ecee 80ff 

  0x000002159eb35494: ;   {other}
  0x000002159eb35494: 0f1f 8400 | 0476 00a7 | ba45 ffff | ff4c 8b54 | 2458 4c89 | 5424 204c | 8b54 2448 | 4c89 5424 
  0x000002159eb354b4: 3844 8b54 | 2450 4489 | 5424 484c | 8b54 2478 | 4c89 5424 | 584c 8954 | 2460 448b | 9c24 8000 
  0x000002159eb354d4: 0000 4489 | 5c24 7444 | 8b9c 24a0 | 0000 0044 | 899c 2480 | 0000 0090 

  0x000002159eb354ec: ;   {runtime_call UncommonTrapBlob}
  0x000002159eb354ec: c5f8 77e8 

  0x000002159eb354f0: ; ImmutableOopMap {[32]=Oop [48]=NarrowOop [56]=Oop [72]=NarrowOop [88]=Oop [96]=Oop [104]=Oop [112]=NarrowOop [116]=NarrowOop [128]=NarrowOop [144]=Oop [168]=Oop [176]=NarrowOop [184]=Oop }
                      ;*if_icmpne {reexecute=1 rethrow=0 return_oop=0}
                      ; - (reexecute) java.util.ImmutableCollections$Set12$1::next@55
                      ; - sun.nio.fs.WindowsChannelFactory$Flags::toFlags@25
                      ; - sun.nio.fs.WindowsChannelFactory::newFileChannel@1
                      ; - sun.nio.fs.WindowsFileSystemProvider::newFileChannel@55
                      ; - java.io.IoOverNioFileSystem::initializeStreamsUsingNio0@14
                      ; - java.io.IoOverNioFileSystem::initializeStreamUsingNio@15
                      ; - java.io.FileInputStream::<init>@197
                      ; - jdk.internal.loader.URLClassPath$FileLoader$1::getInputStream@8
                      ; - jdk.internal.loader.Resource::cachedInputStream@9
                      ; - jdk.internal.loader.Resource::getByteBuffer@1
                      ; - java.net.URLClassLoader::defineClass@132
                      ; - java.net.URLClassLoader$1::run@43
                      ; - java.net.URLClassLoader$1::run@1
  0x000002159eb354f0: 8cee 80ff 

  0x000002159eb354f4: ;   {other}
  0x000002159eb354f4: 0f1f 8400 | 6476 00a8 | ba45 ffff | ff4c 8b54 | 2458 4c89 | 5424 204c | 8b54 2448 | 4c89 5424 
  0x000002159eb35514: 3844 8b54 | 2450 4489 | 5424 484c | 8b54 2478 | 4c89 5424 | 584c 8954 | 2460 448b | 9c24 8000 
  0x000002159eb35534: 0000 4489 | 5c24 7490 

  0x000002159eb3553c: ;   {runtime_call UncommonTrapBlob}
  0x000002159eb3553c: c5f8 77e8 

  0x000002159eb35540: ; ImmutableOopMap {[32]=Oop [48]=NarrowOop [56]=Oop [72]=NarrowOop [88]=Oop [96]=Oop [104]=Oop [112]=NarrowOop [116]=NarrowOop [144]=Oop [160]=NarrowOop [168]=Oop [176]=NarrowOop }
                      ;*ifeq {reexecute=1 rethrow=0 return_oop=0}
                      ; - (reexecute) sun.nio.fs.WindowsChannelFactory::newFileChannel@27
                      ; - sun.nio.fs.WindowsFileSystemProvider::newFileChannel@55
                      ; - java.io.IoOverNioFileSystem::initializeStreamsUsingNio0@14
                      ; - java.io.IoOverNioFileSystem::initializeStreamUsingNio@15
                      ; - java.io.FileInputStream::<init>@197
                      ; - jdk.internal.loader.URLClassPath$FileLoader$1::getInputStream@8
                      ; - jdk.internal.loader.Resource::cachedInputStream@9
                      ; - jdk.internal.loader.Resource::getByteBuffer@1
                      ; - java.net.URLClassLoader::defineClass@132
                      ; - java.net.URLClassLoader$1::run@43
                      ; - java.net.URLClassLoader$1::run@1
  0x000002159eb35540: 3cee 80ff 

  0x000002159eb35544: ;   {other}
  0x000002159eb35544: 0f1f 8400 | b476 00a9 | bae4 ffff | ff48 8b6c | 2458 4c8b | 5424 4844 | 8b5c 2430 | 4489 5c24 
  0x000002159eb35564: 284c 8954 | 2430 4c8b | 5424 404c | 8954 2438 | 448b 5c24 | 5044 895c | 2440 4c8b | 5424 784c 
  0x000002159eb35584: 8954 2450 | 4c89 5424 | 584c 8b54 | 2468 4c89 | 5424 6048 | ffb4 2490 | 0000 0048 | 8f84 2488 
  0x000002159eb355a4: 0000 004c | 8b94 2498 | 0000 004c | 8994 2490 | 0000 0044 | 8b94 24a0 | 0000 0044 | 8994 2498 
  0x000002159eb355c4: 0000 0044 | 8984 24ac | 0000 0090 

  0x000002159eb355d0: ;   {runtime_call UncommonTrapBlob}
  0x000002159eb355d0: c5f8 77e8 

  0x000002159eb355d4: ; ImmutableOopMap {rbp=Oop [40]=NarrowOop [48]=Oop [64]=NarrowOop [80]=Oop [88]=Oop [96]=Oop [112]=NarrowOop [128]=NarrowOop [132]=NarrowOop [136]=Oop [144]=Oop [152]=NarrowOop [176]=NarrowOop }
                      ;*aaload {reexecute=0 rethrow=0 return_oop=0}
                      ; - java.lang.ThreadLocal$ThreadLocalMap::set@76
                      ; - java.lang.ThreadLocal::set@13
                      ; - java.lang.ThreadLocal::set@5
                      ; - java.io.IoOverNioFileSystem::initializeStreamUsingNio@4
                      ; - java.io.FileInputStream::<init>@197
                      ; - jdk.internal.loader.URLClassPath$FileLoader$1::getInputStream@8
                      ; - jdk.internal.loader.Resource::cachedInputStream@9
                      ; - jdk.internal.loader.Resource::getByteBuffer@1
                      ; - java.net.URLClassLoader::defineClass@132
                      ; - java.net.URLClassLoader$1::run@43
                      ; - java.net.URLClassLoader$1::run@1
  0x000002159eb355d4: a8ed 80ff 

  0x000002159eb355d8: ;   {other}
  0x000002159eb355d8: 0f1f 8400 | 4877 00aa | ba45 ffff | ff48 8b6c | 2458 448b | 5c24 3044 | 895c 2428 | 4c8b 5c24 
  0x000002159eb355f8: 484c 895c | 2430 4c8b | 5c24 404c | 895c 2438 | 448b 5c24 | 5044 895c | 2440 4c8b | 5c24 784c 
  0x000002159eb35618: 895c 2450 | 4c89 5c24 | 5844 8b84 | 2480 0000 | 0044 8944 | 2478 4c8b | 9c24 9000 | 0000 4c89 
  0x000002159eb35638: 9c24 8000 | 0000 8984 | 2490 0000 | 0066 6690 

  0x000002159eb35648: ;   {runtime_call UncommonTrapBlob}
  0x000002159eb35648: c5f8 77e8 

  0x000002159eb3564c: ; ImmutableOopMap {rbp=Oop [40]=NarrowOop [48]=Oop [64]=NarrowOop [80]=Oop [88]=Oop [104]=Oop [120]=NarrowOop [128]=Oop [152]=Oop [160]=NarrowOop [176]=NarrowOop }
                      ;*ifne {reexecute=1 rethrow=0 return_oop=0}
                      ; - (reexecute) java.lang.ThreadLocal$ThreadLocalMap::set@116
                      ; - java.lang.ThreadLocal::set@13
                      ; - java.lang.ThreadLocal::set@5
                      ; - java.io.IoOverNioFileSystem::initializeStreamUsingNio@4
                      ; - java.io.FileInputStream::<init>@197
                      ; - jdk.internal.loader.URLClassPath$FileLoader$1::getInputStream@8
                      ; - jdk.internal.loader.Resource::cachedInputStream@9
                      ; - jdk.internal.loader.Resource::getByteBuffer@1
                      ; - java.net.URLClassLoader::defineClass@132
                      ; - java.net.URLClassLoader$1::run@43
                      ; - java.net.URLClassLoader$1::run@1
  0x000002159eb3564c: 30ed 80ff 

  0x000002159eb35650: ;   {other}
  0x000002159eb35650: 0f1f 8400 | c077 00ab | 498b d7c5 | f877 49ba | b022 cec7 | fe7f 0000 

  0x000002159eb35668: ;   {other}
  0x000002159eb35668: 41ff d20f | 1f84 0000 | 0000 00e9 | 47c8 ffff | 498b d7c5 | f877 49ba | b022 cec7 | fe7f 0000 
  0x000002159eb35688: ;   {other}
  0x000002159eb35688: 41ff d20f | 1f84 0000 | 0000 00e9 | d8c7 ffff | 498b d7c5 | f877 49ba | b022 cec7 | fe7f 0000 
  0x000002159eb356a8: ;   {other}
  0x000002159eb356a8: 41ff d20f | 1f84 0000 | 0000 00e9 | 67c8 ffff 

  0x000002159eb356b8: ;   {metadata('sun/nio/fs/NativeBuffer'[])}
  0x000002159eb356b8: 48ba d093 | 0800 0800 | 0000 41b8 | 0300 0000 

  0x000002159eb356c8: ;   {runtime_call _new_array_Java}
  0x000002159eb356c8: c5f8 77e8 

  0x000002159eb356cc: ; ImmutableOopMap {rbp=NarrowOop [32]=Oop [48]=NarrowOop [56]=Oop [72]=Oop [80]=NarrowOop [88]=Oop [96]=Oop [104]=Oop [112]=Oop [120]=Oop [128]=NarrowOop [136]=Oop [144]=Oop [176]=NarrowOop [224]=Oop [296]=Oop }
                      ;*anewarray {reexecute=0 rethrow=0 return_oop=1}
                      ; - sun.nio.fs.NativeBuffers::releaseNativeBuffer@15
                      ; - sun.nio.fs.NativeBuffer::release@1
                      ; - sun.nio.fs.NativeBuffer::close@1
                      ; - sun.nio.fs.WindowsNativeDispatcher::GetFileAttributesEx@41
                      ; - sun.nio.fs.WindowsFileAttributes::get@26
                      ; - sun.nio.fs.WindowsFileAttributeViews$Basic::readAttributes@15
                      ; - sun.nio.fs.WindowsFileAttributeViews$Basic::readAttributes@1
                      ; - sun.nio.fs.WindowsFileSystemProvider::readAttributes@57
                      ; - java.nio.file.spi.FileSystemProvider::readAttributesIfExists@4
                      ; - java.nio.file.Files::isRegularFile@9
                      ; - java.io.FileInputStream::<init>@136
                      ; - jdk.internal.loader.URLClassPath$FileLoader$1::getInputStream@8
                      ; - jdk.internal.loader.Resource::cachedInputStream@9
                      ; - jdk.internal.loader.Resource::getByteBuffer@1
                      ; - java.net.URLClassLoader::defineClass@132
                      ; - java.net.URLClassLoader$1::run@43
                      ; - java.net.URLClassLoader$1::run@1
  0x000002159eb356cc: 309d 8cff 

  0x000002159eb356d0: ;   {other}
  0x000002159eb356d0: 0f1f 8400 | 4078 00ac | e941 dcff 

  0x000002159eb356dc: ;   {metadata('sun/nio/fs/NativeBuffer'[])}
  0x000002159eb356dc: ff48 bad0 | 9308 0008 | 0000 0041 | b803 0000 | 0066 6690 

  0x000002159eb356f0: ;   {runtime_call _new_array_Java}
  0x000002159eb356f0: c5f8 77e8 

  0x000002159eb356f4: ; ImmutableOopMap {rbp=NarrowOop [32]=Oop [48]=NarrowOop [56]=Oop [72]=Oop [80]=NarrowOop [88]=Oop [96]=Oop [104]=Oop [112]=Oop [120]=Oop [128]=NarrowOop [136]=Oop [144]=Oop [176]=NarrowOop [192]=Oop [296]=Oop }
                      ;*anewarray {reexecute=0 rethrow=0 return_oop=1}
                      ; - sun.nio.fs.NativeBuffers::releaseNativeBuffer@15
                      ; - sun.nio.fs.NativeBuffer::release@1
                      ; - sun.nio.fs.NativeBuffer::close@1
                      ; - sun.nio.fs.WindowsFileAttributes::get@62
                      ; - sun.nio.fs.WindowsFileAttributeViews$Basic::readAttributes@15
                      ; - sun.nio.fs.WindowsFileAttributeViews$Basic::readAttributes@1
                      ; - sun.nio.fs.WindowsFileSystemProvider::readAttributes@57
                      ; - java.nio.file.spi.FileSystemProvider::readAttributesIfExists@4
                      ; - java.nio.file.Files::isRegularFile@9
                      ; - java.io.FileInputStream::<init>@136
                      ; - jdk.internal.loader.URLClassPath$FileLoader$1::getInputStream@8
                      ; - jdk.internal.loader.Resource::cachedInputStream@9
                      ; - jdk.internal.loader.Resource::getByteBuffer@1
                      ; - java.net.URLClassLoader::defineClass@132
                      ; - java.net.URLClassLoader$1::run@43
                      ; - java.net.URLClassLoader$1::run@1
  0x000002159eb356f4: 089d 8cff 

  0x000002159eb356f8: ;   {other}
  0x000002159eb356f8: 0f1f 8400 | 6878 00ad | e9d3 dcff | ff41 ba02 | 0000 00e9 | 03ee ffff | ba45 ffff | ff4c 8b54 
  0x000002159eb35718: 2458 4c89 | 5424 204c | 8b54 2448 | 4c89 5424 | 3844 8b5c | 2450 4489 | 5c24 484c | 8b54 2478 
  0x000002159eb35738: 4c89 5424 | 584c 8954 | 2460 448b | 9424 8000 | 0000 4489 | 5424 4c4c | 8b94 2490 | 0000 004c 
  0x000002159eb35758: 8994 2480 | 0000 0090 

  0x000002159eb35760: ;   {runtime_call UncommonTrapBlob}
  0x000002159eb35760: c5f8 77e8 

  0x000002159eb35764: ; ImmutableOopMap {rbp=NarrowOop [32]=Oop [48]=NarrowOop [56]=Oop [72]=NarrowOop [76]=NarrowOop [88]=Oop [96]=Oop [104]=Oop [128]=Oop [176]=NarrowOop [296]=Oop }
                      ;*if_acmpne {reexecute=1 rethrow=0 return_oop=0}
                      ; - (reexecute) sun.nio.fs.WindowsPath::isAbsolute@17
                      ; - sun.nio.fs.WindowsPath::getPathForWin32Calls@5
                      ; - sun.nio.fs.WindowsPath::getPathForWin32Calls@2
                      ; - sun.nio.fs.WindowsFileAttributes::get@21
                      ; - sun.nio.fs.WindowsFileAttributeViews$Basic::readAttributes@15
                      ; - sun.nio.fs.WindowsFileAttributeViews$Basic::readAttributes@1
                      ; - sun.nio.fs.WindowsFileSystemProvider::readAttributes@57
                      ; - java.nio.file.spi.FileSystemProvider::readAttributesIfExists@4
                      ; - java.nio.file.Files::isRegularFile@9
                      ; - java.io.FileInputStream::<init>@136
                      ; - jdk.internal.loader.URLClassPath$FileLoader$1::getInputStream@8
                      ; - jdk.internal.loader.Resource::cachedInputStream@9
                      ; - jdk.internal.loader.Resource::getByteBuffer@1
                      ; - java.net.URLClassLoader::defineClass@132
                      ; - java.net.URLClassLoader$1::run@43
                      ; - java.net.URLClassLoader$1::run@1
  0x000002159eb35764: 18ec 80ff 

  0x000002159eb35768: ;   {other}
  0x000002159eb35768: 0f1f 8400 | d878 00ae | 41ba 0200 | 0000 e9ec | eeff ffba | 45ff ffff | 488b 6c24 | 584c 8b54 
  0x000002159eb35788: 2448 448b | 5c24 3044 | 895c 2428 | 4c89 5424 | 304c 8b54 | 2440 4c89 | 5424 3844 | 8b5c 2450 
  0x000002159eb357a8: 4489 5c24 | 404c 8b54 | 2478 4c89 | 5424 504c | 8954 2458 | 448b 9424 | 8000 0000 | 4489 5424 
  0x000002159eb357c8: 7444 8b94 | 24a0 0000 | 0044 8994 | 2480 0000 | 0048 ffb4 | 2490 0000 | 0048 8f84 | 2488 0000 
  0x000002159eb357e8: 004c 8b94 | 24a8 0000 | 004c 8994 | 2490 0000 | 0066 6690 

  0x000002159eb357fc: ;   {runtime_call UncommonTrapBlob}
  0x000002159eb357fc: c5f8 77e8 

  0x000002159eb35800: ; ImmutableOopMap {rbp=Oop [40]=NarrowOop [48]=Oop [64]=NarrowOop [80]=Oop [88]=Oop [104]=Oop [112]=NarrowOop [116]=NarrowOop [128]=NarrowOop [136]=Oop [144]=Oop [152]=Oop [176]=NarrowOop [184]=Oop }
                      ;*if_acmpne {reexecute=1 rethrow=0 return_oop=0}
                      ; - (reexecute) sun.nio.fs.WindowsChannelFactory$Flags::toFlags@200
                      ; - sun.nio.fs.WindowsChannelFactory::newFileChannel@1
                      ; - sun.nio.fs.WindowsFileSystemProvider::newFileChannel@55
                      ; - java.io.IoOverNioFileSystem::initializeStreamsUsingNio0@14
                      ; - java.io.IoOverNioFileSystem::initializeStreamUsingNio@15
                      ; - java.io.FileInputStream::<init>@197
                      ; - jdk.internal.loader.URLClassPath$FileLoader$1::getInputStream@8
                      ; - jdk.internal.loader.Resource::cachedInputStream@9
                      ; - jdk.internal.loader.Resource::getByteBuffer@1
                      ; - java.net.URLClassLoader::defineClass@132
                      ; - java.net.URLClassLoader$1::run@43
                      ; - java.net.URLClassLoader$1::run@1
  0x000002159eb35800: 7ceb 80ff 

  0x000002159eb35804: ;   {other}
  0x000002159eb35804: 0f1f 8400 | 7479 00af | ba45 ffff | ff48 8b6c | 2458 4c8b | 5424 4844 | 8b5c 2430 | 4489 5c24 
  0x000002159eb35824: 284c 8954 | 2430 4c8b | 5424 404c | 8954 2438 | 448b 5424 | 5044 8954 | 2440 4c8b | 5424 784c 
  0x000002159eb35844: 8954 2450 | 4c89 5424 | 5844 8b9c | 2480 0000 | 0044 895c | 2474 448b | 9c24 a000 | 0000 4489 
  0x000002159eb35864: 9c24 8000 | 0000 48ff | b424 9000 | 0000 488f | 8424 8800 | 0000 4c8b | 9424 a800 | 0000 4c89 
  0x000002159eb35884: 9424 9000 | 0000 6690 

  0x000002159eb3588c: ;   {runtime_call UncommonTrapBlob}
  0x000002159eb3588c: c5f8 77e8 

  0x000002159eb35890: ; ImmutableOopMap {rbp=Oop [40]=NarrowOop [48]=Oop [64]=NarrowOop [80]=Oop [88]=Oop [104]=Oop [112]=NarrowOop [116]=NarrowOop [128]=NarrowOop [136]=Oop [144]=Oop [152]=Oop [176]=NarrowOop [184]=Oop }
                      ;*if_acmpne {reexecute=1 rethrow=0 return_oop=0}
                      ; - (reexecute) sun.nio.fs.WindowsChannelFactory$Flags::toFlags@215
                      ; - sun.nio.fs.WindowsChannelFactory::newFileChannel@1
                      ; - sun.nio.fs.WindowsFileSystemProvider::newFileChannel@55
                      ; - java.io.IoOverNioFileSystem::initializeStreamsUsingNio0@14
                      ; - java.io.IoOverNioFileSystem::initializeStreamUsingNio@15
                      ; - java.io.FileInputStream::<init>@197
                      ; - jdk.internal.loader.URLClassPath$FileLoader$1::getInputStream@8
                      ; - jdk.internal.loader.Resource::cachedInputStream@9
                      ; - jdk.internal.loader.Resource::getByteBuffer@1
                      ; - java.net.URLClassLoader::defineClass@132
                      ; - java.net.URLClassLoader$1::run@43
                      ; - java.net.URLClassLoader$1::run@1
  0x000002159eb35890: ecea 80ff 

  0x000002159eb35894: ;   {other}
  0x000002159eb35894: 0f1f 8400 | 047a 00b0 | ba45 ffff | ff48 8b6c | 2458 448b | 5424 3044 | 8954 2428 | 4c8b 5424 
  0x000002159eb358b4: 484c 8954 | 2430 4c8b | 5424 404c | 8954 2438 | 448b 5424 | 5044 8954 | 2440 4c8b | 5424 784c 
  0x000002159eb358d4: 8954 2450 | 4c89 5424 | 5844 8b94 | 2480 0000 | 0044 8954 | 2474 448b | 9424 a000 | 0000 4489 
  0x000002159eb358f4: 9424 8000 | 0000 48ff | b424 9000 | 0000 488f | 8424 8800 | 0000 8984 | 24a0 0000 | 0066 6690 
  0x000002159eb35914: ;   {runtime_call UncommonTrapBlob}
  0x000002159eb35914: c5f8 77e8 

  0x000002159eb35918: ; ImmutableOopMap {rbp=Oop [40]=NarrowOop [48]=Oop [64]=NarrowOop [80]=Oop [88]=Oop [104]=Oop [112]=NarrowOop [116]=NarrowOop [128]=NarrowOop [136]=Oop [168]=Oop [176]=NarrowOop [184]=Oop }
                      ;*ifeq {reexecute=1 rethrow=0 return_oop=0}
                      ; - (reexecute) sun.nio.fs.WindowsChannelFactory$Flags::toFlags@233
                      ; - sun.nio.fs.WindowsChannelFactory::newFileChannel@1
                      ; - sun.nio.fs.WindowsFileSystemProvider::newFileChannel@55
                      ; - java.io.IoOverNioFileSystem::initializeStreamsUsingNio0@14
                      ; - java.io.IoOverNioFileSystem::initializeStreamUsingNio@15
                      ; - java.io.FileInputStream::<init>@197
                      ; - jdk.internal.loader.URLClassPath$FileLoader$1::getInputStream@8
                      ; - jdk.internal.loader.Resource::cachedInputStream@9
                      ; - jdk.internal.loader.Resource::getByteBuffer@1
                      ; - java.net.URLClassLoader::defineClass@132
                      ; - java.net.URLClassLoader$1::run@43
                      ; - java.net.URLClassLoader$1::run@1
  0x000002159eb35918: 64ea 80ff 

  0x000002159eb3591c: ;   {other}
  0x000002159eb3591c: 0f1f 8400 | 8c7a 00b1 | ba45 ffff | ff48 8b6c | 2458 4c8b | 5c24 4844 | 8b44 2430 | 4489 4424 
  0x000002159eb3593c: 284c 895c | 2430 4c8b | 5c24 404c | 895c 2438 | 448b 4424 | 5044 8944 | 2440 4c8b | 5c24 784c 
  0x000002159eb3595c: 895c 2450 | 4c89 5c24 | 5844 8b9c | 2480 0000 | 0044 895c | 2474 448b | 9c24 a000 | 0000 4489 
  0x000002159eb3597c: 9c24 8000 | 0000 48ff | b424 9000 | 0000 488f | 8424 8800 | 0000 8984 | 24a0 0000 | 0066 6690 
  0x000002159eb3599c: ;   {runtime_call UncommonTrapBlob}
  0x000002159eb3599c: c5f8 77e8 

  0x000002159eb359a0: ; ImmutableOopMap {rbp=Oop [40]=NarrowOop [48]=Oop [64]=NarrowOop [80]=Oop [88]=Oop [104]=Oop [112]=NarrowOop [116]=NarrowOop [128]=NarrowOop [136]=Oop [168]=Oop [176]=NarrowOop [184]=Oop }
                      ;*ifeq {reexecute=1 rethrow=0 return_oop=0}
                      ; - (reexecute) sun.nio.fs.WindowsChannelFactory$Flags::toFlags@251
                      ; - sun.nio.fs.WindowsChannelFactory::newFileChannel@1
                      ; - sun.nio.fs.WindowsFileSystemProvider::newFileChannel@55
                      ; - java.io.IoOverNioFileSystem::initializeStreamsUsingNio0@14
                      ; - java.io.IoOverNioFileSystem::initializeStreamUsingNio@15
                      ; - java.io.FileInputStream::<init>@197
                      ; - jdk.internal.loader.URLClassPath$FileLoader$1::getInputStream@8
                      ; - jdk.internal.loader.Resource::cachedInputStream@9
                      ; - jdk.internal.loader.Resource::getByteBuffer@1
                      ; - java.net.URLClassLoader::defineClass@132
                      ; - java.net.URLClassLoader$1::run@43
                      ; - java.net.URLClassLoader$1::run@1
  0x000002159eb359a0: dce9 80ff 

  0x000002159eb359a4: ;   {other}
  0x000002159eb359a4: 0f1f 8400 | 147b 00b2 | ba45 ffff | ff48 8b6c | 2458 448b | 5424 3044 | 8954 2428 | 4c8b 5424 
  0x000002159eb359c4: 484c 8954 | 2430 4c8b | 5424 404c | 8954 2438 | 448b 5424 | 5044 8954 | 2440 4c8b | 5424 784c 
  0x000002159eb359e4: 8954 2450 | 4c89 5424 | 5844 8b9c | 2480 0000 | 0044 895c | 2474 448b | 9c24 a000 | 0000 4489 
  0x000002159eb35a04: 9c24 8000 | 0000 48ff | b424 9000 | 0000 488f | 8424 8800 | 0000 4c8b | 9424 a800 | 0000 4c89 
  0x000002159eb35a24: 9424 9000 | 0000 8984 | 24a8 0000 | 0066 6690 

  0x000002159eb35a34: ;   {runtime_call UncommonTrapBlob}
  0x000002159eb35a34: c5f8 77e8 

  0x000002159eb35a38: ; ImmutableOopMap {rbp=Oop [40]=NarrowOop [48]=Oop [64]=NarrowOop [80]=Oop [88]=Oop [104]=Oop [112]=NarrowOop [116]=NarrowOop [128]=NarrowOop [136]=Oop [144]=Oop [152]=Oop [176]=NarrowOop [184]=Oop }
                      ;*ifeq {reexecute=1 rethrow=0 return_oop=0}
                      ; - (reexecute) sun.nio.fs.WindowsChannelFactory$Flags::toFlags@269
                      ; - sun.nio.fs.WindowsChannelFactory::newFileChannel@1
                      ; - sun.nio.fs.WindowsFileSystemProvider::newFileChannel@55
                      ; - java.io.IoOverNioFileSystem::initializeStreamsUsingNio0@14
                      ; - java.io.IoOverNioFileSystem::initializeStreamUsingNio@15
                      ; - java.io.FileInputStream::<init>@197
                      ; - jdk.internal.loader.URLClassPath$FileLoader$1::getInputStream@8
                      ; - jdk.internal.loader.Resource::cachedInputStream@9
                      ; - jdk.internal.loader.Resource::getByteBuffer@1
                      ; - java.net.URLClassLoader::defineClass@132
                      ; - java.net.URLClassLoader$1::run@43
                      ; - java.net.URLClassLoader$1::run@1
  0x000002159eb35a38: 44e9 80ff 

  0x000002159eb35a3c: ;   {other}
  0x000002159eb35a3c: 0f1f 8400 | ac7b 00b3 | ba45 ffff | ff48 8b6c | 2458 448b | 5424 3044 | 8954 2428 | 4c8b 5424 
  0x000002159eb35a5c: 484c 8954 | 2430 4c8b | 5424 404c | 8954 2438 | 448b 5424 | 5044 8954 | 2440 4c8b | 5424 784c 
  0x000002159eb35a7c: 8954 2450 | 4c89 5424 | 5844 8b9c | 2480 0000 | 0044 895c | 2478 6690 

  0x000002159eb35a94: ;   {runtime_call UncommonTrapBlob}
  0x000002159eb35a94: c5f8 77e8 

  0x000002159eb35a98: ; ImmutableOopMap {rbp=Oop [40]=NarrowOop [48]=Oop [64]=NarrowOop [80]=Oop [88]=Oop [104]=Oop [120]=NarrowOop [144]=Oop [152]=Oop [160]=NarrowOop [176]=NarrowOop }
                      ;*ifeq {reexecute=1 rethrow=0 return_oop=0}
                      ; - (reexecute) sun.nio.fs.WindowsPath::getPathForWin32Calls@8
                      ; - sun.nio.fs.WindowsPath::getPathForWin32Calls@2
                      ; - sun.nio.fs.WindowsFileSystemProvider::newFileChannel@41
                      ; - java.io.IoOverNioFileSystem::initializeStreamsUsingNio0@14
                      ; - java.io.IoOverNioFileSystem::initializeStreamUsingNio@15
                      ; - java.io.FileInputStream::<init>@197
                      ; - jdk.internal.loader.URLClassPath$FileLoader$1::getInputStream@8
                      ; - jdk.internal.loader.Resource::cachedInputStream@9
                      ; - jdk.internal.loader.Resource::getByteBuffer@1
                      ; - java.net.URLClassLoader::defineClass@132
                      ; - java.net.URLClassLoader$1::run@43
                      ; - java.net.URLClassLoader$1::run@1
  0x000002159eb35a98: e4e8 80ff 

  0x000002159eb35a9c: ;   {other}
  0x000002159eb35a9c: 0f1f 8400 | 0c7c 00b4 | 33ed 4585 | db40 0f94 | c5ba 45ff | ffff 4c8b | 5424 584c | 8954 2420 
  0x000002159eb35abc: 4c8b 5424 | 484c 8954 | 2438 448b | 5c24 5044 | 895c 2448 | 4c8b 5424 | 784c 8954 | 2458 4c89 
  0x000002159eb35adc: 5424 6048 | ffb4 2490 | 0000 0048 | 8f84 2488 | 0000 004c | 8b94 2498 | 0000 004c | 8994 2490 
  0x000002159eb35afc: 0000 0090 

  0x000002159eb35b00: ;   {runtime_call UncommonTrapBlob}
  0x000002159eb35b00: c5f8 77e8 

  0x000002159eb35b04: ; ImmutableOopMap {[32]=Oop [48]=NarrowOop [56]=Oop [72]=NarrowOop [88]=Oop [96]=Oop [104]=Oop [128]=NarrowOop [132]=NarrowOop [136]=Oop [144]=Oop [160]=NarrowOop [176]=NarrowOop }
                      ;*ifeq {reexecute=1 rethrow=0 return_oop=0}
                      ; - (reexecute) java.lang.ThreadLocal$ThreadLocalMap::set@53
                      ; - java.lang.ThreadLocal::set@13
                      ; - java.lang.ThreadLocal::set@5
                      ; - java.io.IoOverNioFileSystem::initializeStreamUsingNio@4
                      ; - java.io.FileInputStream::<init>@197
                      ; - jdk.internal.loader.URLClassPath$FileLoader$1::getInputStream@8
                      ; - jdk.internal.loader.Resource::cachedInputStream@9
                      ; - jdk.internal.loader.Resource::getByteBuffer@1
                      ; - java.net.URLClassLoader::defineClass@132
                      ; - java.net.URLClassLoader$1::run@43
                      ; - java.net.URLClassLoader$1::run@1
  0x000002159eb35b04: 78e8 80ff 

  0x000002159eb35b08: ;   {other}
  0x000002159eb35b08: 0f1f 8400 | 787c 00b5 | ba45 ffff | ff4c 8b54 | 2458 4c89 | 5424 204c | 8b54 2448 | 4c89 5424 
  0x000002159eb35b28: 3844 8b54 | 2450 4489 | 5424 484c | 8b54 2478 | 4c89 5424 | 584c 8954 | 2460 448b | 9c24 8000 
  0x000002159eb35b48: 0000 4489 | 5c24 7444 | 8b9c 24a0 | 0000 0044 | 899c 2480 | 0000 0090 

  0x000002159eb35b60: ;   {runtime_call UncommonTrapBlob}
  0x000002159eb35b60: c5f8 77e8 

  0x000002159eb35b64: ; ImmutableOopMap {[32]=Oop [48]=NarrowOop [56]=Oop [72]=NarrowOop [88]=Oop [96]=Oop [104]=Oop [112]=NarrowOop [116]=NarrowOop [128]=NarrowOop [144]=Oop [168]=Oop [176]=NarrowOop [184]=Oop }
                      ;*tableswitch {reexecute=1 rethrow=0 return_oop=0}
                      ; - (reexecute) sun.nio.fs.WindowsChannelFactory$Flags::toFlags@52
                      ; - sun.nio.fs.WindowsChannelFactory::newFileChannel@1
                      ; - sun.nio.fs.WindowsFileSystemProvider::newFileChannel@55
                      ; - java.io.IoOverNioFileSystem::initializeStreamsUsingNio0@14
                      ; - java.io.IoOverNioFileSystem::initializeStreamUsingNio@15
                      ; - java.io.FileInputStream::<init>@197
                      ; - jdk.internal.loader.URLClassPath$FileLoader$1::getInputStream@8
                      ; - jdk.internal.loader.Resource::cachedInputStream@9
                      ; - jdk.internal.loader.Resource::getByteBuffer@1
                      ; - java.net.URLClassLoader::defineClass@132
                      ; - java.net.URLClassLoader$1::run@43
                      ; - java.net.URLClassLoader$1::run@1
  0x000002159eb35b64: 18e8 80ff 

  0x000002159eb35b68: ;   {other}
  0x000002159eb35b68: 0f1f 8400 | d87c 00b6 | baf6 ffff | ff48 8b6c | 2458 448b | 5424 3044 | 8954 2428 | 4c8b 5424 
  0x000002159eb35b88: 484c 8954 | 2430 4c8b | 5424 404c | 8954 2438 | 448b 5424 | 5044 8954 | 2440 4c8b | 5424 784c 
  0x000002159eb35ba8: 8954 2450 | 4c89 5424 | 5844 8b94 | 2480 0000 | 0044 8954 | 2444 4c8b | 9424 9000 | 0000 4c89 
  0x000002159eb35bc8: 5424 7890 

  0x000002159eb35bcc: ;   {runtime_call UncommonTrapBlob}
  0x000002159eb35bcc: c5f8 77e8 

  0x000002159eb35bd0: ; ImmutableOopMap {rbp=Oop [40]=NarrowOop [48]=Oop [64]=NarrowOop [68]=NarrowOop [80]=Oop [88]=Oop [104]=Oop [120]=Oop [176]=NarrowOop }
                      ;*invokevirtual address {reexecute=0 rethrow=0 return_oop=0}
                      ; - sun.nio.fs.WindowsFileAttributes::get@15
                      ; - sun.nio.fs.WindowsFileAttributeViews$Basic::readAttributes@15
                      ; - sun.nio.fs.WindowsFileAttributeViews$Basic::readAttributes@1
                      ; - sun.nio.fs.WindowsFileSystemProvider::readAttributes@57
                      ; - java.nio.file.spi.FileSystemProvider::readAttributesIfExists@4
                      ; - java.nio.file.Files::isRegularFile@9
                      ; - java.io.FileInputStream::<init>@136
                      ; - jdk.internal.loader.URLClassPath$FileLoader$1::getInputStream@8
                      ; - jdk.internal.loader.Resource::cachedInputStream@9
                      ; - jdk.internal.loader.Resource::getByteBuffer@1
                      ; - java.net.URLClassLoader::defineClass@132
                      ; - java.net.URLClassLoader$1::run@43
                      ; - java.net.URLClassLoader$1::run@1
  0x000002159eb35bd0: ace7 80ff 

  0x000002159eb35bd4: ;   {other}
  0x000002159eb35bd4: 0f1f 8400 | 447d 00b7 | baf6 ffff | ff48 8b6c | 2458 448b | 5424 3044 | 8954 2428 | 4c8b 5424 
  0x000002159eb35bf4: 484c 8954 | 2430 4c8b | 5424 404c | 8954 2438 | 448b 9424 | b000 0000 | 4489 5424 | 2c44 8b5c 
  0x000002159eb35c14: 2450 4489 | 5c24 404c | 8b54 2478 | 4c89 5424 | 504c 8954 | 2458 448b | 9424 8000 | 0000 4489 
  0x000002159eb35c34: 5424 444c | 8b94 2490 | 0000 004c | 8954 2478 

  0x000002159eb35c44: ;   {runtime_call UncommonTrapBlob}
  0x000002159eb35c44: c5f8 77e8 

  0x000002159eb35c48: ; ImmutableOopMap {rbp=Oop [40]=NarrowOop [44]=NarrowOop [48]=Oop [64]=NarrowOop [68]=NarrowOop [80]=Oop [88]=Oop [104]=Oop [120]=Oop [184]=Oop [192]=Oop [296]=Oop }
                      ;*invokevirtual register {reexecute=0 rethrow=0 return_oop=0}
                      ; - sun.nio.fs.NativeBuffer::<init>@37
                      ; - sun.nio.fs.NativeBuffers::allocNativeBuffer@16
                      ; - sun.nio.fs.WindowsNativeDispatcher::asNativeBuffer@40
                      ; - sun.nio.fs.WindowsNativeDispatcher::GetFileAttributesEx@1
                      ; - sun.nio.fs.WindowsFileAttributes::get@26
                      ; - sun.nio.fs.WindowsFileAttributeViews$Basic::readAttributes@15
                      ; - sun.nio.fs.WindowsFileAttributeViews$Basic::readAttributes@1
                      ; - sun.nio.fs.WindowsFileSystemProvider::readAttributes@57
                      ; - java.nio.file.spi.FileSystemProvider::readAttributesIfExists@4
                      ; - java.nio.file.Files::isRegularFile@9
                      ; - java.io.FileInputStream::<init>@136
                      ; - jdk.internal.loader.URLClassPath$FileLoader$1::getInputStream@8
                      ; - jdk.internal.loader.Resource::cachedInputStream@9
                      ; - jdk.internal.loader.Resource::getByteBuffer@1
                      ; - java.net.URLClassLoader::defineClass@132
                      ; - java.net.URLClassLoader$1::run@43
                      ; - java.net.URLClassLoader$1::run@1
  0x000002159eb35c48: 34e7 80ff 

  0x000002159eb35c4c: ;   {other}
  0x000002159eb35c4c: 0f1f 8400 | bc7d 00b8 | 498b d7c5 | f877 49ba | b022 cec7 | fe7f 0000 

  0x000002159eb35c64: ;   {other}
  0x000002159eb35c64: 41ff d20f | 1f84 0000 | 0000 00e9 | 46ae ffff | 4b8d 0cdc | 4533 d2eb | 1648 c1e1 | 0341 ba01 
  0x000002159eb35c84: 0000 00eb | 0a4b 8d0c | c441 ba02 | 0000 00ba | 45ff ffff | 488b 6c24 | 584c 8b5c | 2448 448b 
  0x000002159eb35ca4: 4424 3044 | 8944 2428 | 4c89 5c24 | 304c 8b5c | 2440 4c89 | 5c24 3844 | 8b84 24b0 | 0000 0044 
  0x000002159eb35cc4: 8944 242c | 448b 5c24 | 5044 895c | 2440 4c8b | 5c24 784c | 895c 2450 | 4c89 5c24 | 5844 8b84 
  0x000002159eb35ce4: 2480 0000 | 0044 8944 | 2444 4c8b | 9c24 9000 | 0000 4c89 | 5c24 784c | 898c 24a8 | 0000 0044 
  0x000002159eb35d04: 8994 24b0 | 0000 0048 | 898c 24b8 | 0000 0089 | bc24 b400 | 0000 899c | 24c0 0000 | 0066 6690 
  0x000002159eb35d24: ;   {runtime_call UncommonTrapBlob}
  0x000002159eb35d24: c5f8 77e8 

  0x000002159eb35d28: ; ImmutableOopMap {rbp=Oop [40]=NarrowOop [44]=NarrowOop [48]=Oop [64]=NarrowOop [68]=NarrowOop [80]=Oop [88]=Oop [104]=Oop [120]=Oop [168]=Oop [184]=Oop [224]=Oop [296]=Oop }
                      ;*if_icmpge {reexecute=1 rethrow=0 return_oop=0}
                      ; - (reexecute) sun.nio.fs.NativeBuffers::releaseNativeBuffer@74
                      ; - sun.nio.fs.NativeBuffer::release@1
                      ; - sun.nio.fs.NativeBuffer::close@1
                      ; - sun.nio.fs.WindowsNativeDispatcher::GetFileAttributesEx@41
                      ; - sun.nio.fs.WindowsFileAttributes::get@26
                      ; - sun.nio.fs.WindowsFileAttributeViews$Basic::readAttributes@15
                      ; - sun.nio.fs.WindowsFileAttributeViews$Basic::readAttributes@1
                      ; - sun.nio.fs.WindowsFileSystemProvider::readAttributes@57
                      ; - java.nio.file.spi.FileSystemProvider::readAttributesIfExists@4
                      ; - java.nio.file.Files::isRegularFile@9
                      ; - java.io.FileInputStream::<init>@136
                      ; - jdk.internal.loader.URLClassPath$FileLoader$1::getInputStream@8
                      ; - jdk.internal.loader.Resource::cachedInputStream@9
                      ; - jdk.internal.loader.Resource::getByteBuffer@1
                      ; - java.net.URLClassLoader::defineClass@132
                      ; - java.net.URLClassLoader$1::run@43
                      ; - java.net.URLClassLoader$1::run@1
  0x000002159eb35d28: 54e6 80ff 

  0x000002159eb35d2c: ;   {other}
  0x000002159eb35d2c: 0f1f 8400 | 9c7e 00b9 | 4b8d 0cd4 | 4533 d2eb | 164b 8d0c | c441 ba01 | 0000 00eb | 0a49 8d0c 
  0x000002159eb35d4c: d441 ba02 | 0000 00ba | 45ff ffff | 488b 6c24 | 5844 8b5c | 2430 4489 | 5c24 284c | 8b5c 2448 
  0x000002159eb35d6c: 4c89 5c24 | 304c 8b5c | 2440 4c89 | 5c24 3844 | 8b9c 24b0 | 0000 0044 | 895c 242c | 448b 4424 
  0x000002159eb35d8c: 5044 8944 | 2440 4c8b | 5c24 784c | 895c 2450 | 4c89 5c24 | 5844 8b9c | 2480 0000 | 0044 895c 
  0x000002159eb35dac: 2444 4c8b | 9c24 9000 | 0000 4c89 | 5c24 784c | 898c 24a0 | 0000 0044 | 8994 24a8 | 0000 0048 
  0x000002159eb35dcc: 898c 24b0 | 0000 0089 | 9c24 ac00 | 0000 89bc | 24b8 0000 | 0066 6690 

  0x000002159eb35de4: ;   {runtime_call UncommonTrapBlob}
  0x000002159eb35de4: c5f8 77e8 

  0x000002159eb35de8: ; ImmutableOopMap {rbp=Oop [40]=NarrowOop [44]=NarrowOop [48]=Oop [64]=NarrowOop [68]=NarrowOop [80]=Oop [88]=Oop [104]=Oop [120]=Oop [160]=Oop [176]=Oop [192]=Oop [296]=Oop }
                      ;*if_icmpge {reexecute=1 rethrow=0 return_oop=0}
                      ; - (reexecute) sun.nio.fs.NativeBuffers::releaseNativeBuffer@74
                      ; - sun.nio.fs.NativeBuffer::release@1
                      ; - sun.nio.fs.NativeBuffer::close@1
                      ; - sun.nio.fs.WindowsFileAttributes::get@62
                      ; - sun.nio.fs.WindowsFileAttributeViews$Basic::readAttributes@15
                      ; - sun.nio.fs.WindowsFileAttributeViews$Basic::readAttributes@1
                      ; - sun.nio.fs.WindowsFileSystemProvider::readAttributes@57
                      ; - java.nio.file.spi.FileSystemProvider::readAttributesIfExists@4
                      ; - java.nio.file.Files::isRegularFile@9
                      ; - java.io.FileInputStream::<init>@136
                      ; - jdk.internal.loader.URLClassPath$FileLoader$1::getInputStream@8
                      ; - jdk.internal.loader.Resource::cachedInputStream@9
                      ; - jdk.internal.loader.Resource::getByteBuffer@1
                      ; - java.net.URLClassLoader::defineClass@132
                      ; - java.net.URLClassLoader$1::run@43
                      ; - java.net.URLClassLoader$1::run@1
  0x000002159eb35de8: 94e5 80ff 

  0x000002159eb35dec: ;   {other}
  0x000002159eb35dec: 0f1f 8400 | 5c7f 00ba | 488b d8e9 | 3106 0000 | e9ca 0000 | 004c 8bd0 | e95a 0100 | 004c 8bd0 
  0x000002159eb35e0c: e95d 0100 | 004c 8bd0 | e93f 0100 | 0048 ff74 | 2448 488f | 4424 20e9 | a207 0000 | 488b d8e9 
  0x000002159eb35e2c: 2c08 0000 | 488b d8e9 | 2408 0000 | 488b d8e9 | 1c08 0000 | 4889 4424 | 308b 6c24 | 244c 8b54 
  0x000002159eb35e4c: 2438 4c89 | 5424 204c | 8b54 2440 | 4c89 5424 | 2848 8b54 | 2468 4c8b | 5424 784c | 8954 2460 
  0x000002159eb35e6c: ;   {static_call}
  0x000002159eb35e6c: c5f8 77e8 

  0x000002159eb35e70: ; ImmutableOopMap {rbp=NarrowOop [32]=Oop [48]=Oop [72]=Oop [80]=NarrowOop [88]=Oop [96]=Oop [136]=Oop [184]=Oop }
                      ;*invokestatic endInit {reexecute=0 rethrow=0 return_oop=0}
                      ; - java.util.jar.JarFile::ensureInitialization@53
                      ; - java.util.jar.JavaUtilJarAccessImpl::ensureInitialization@1
                      ; - jdk.internal.loader.URLClassPath$JarLoader$2::getManifest@10
                      ; - java.net.URLClassLoader::defineClass@34
                      ; - java.net.URLClassLoader$1::run@43
                      ; - java.net.URLClassLoader$1::run@1
  0x000002159eb35e70: 0c92 80ff 

  0x000002159eb35e74: ;   {other}
  0x000002159eb35e74: 0f1f 8400 | e47f 00bb | 4c8b 5424 | 3049 8bda | e9ce 0400 | 0048 8bd8 | e9c6 0400 | 0048 8bd8 
  0x000002159eb35e94: e9be 0400 | 0048 8bd8 | 448b 5808 | 49ba 0000 | 0000 0800 | 0000 4d03 | d348 ff74 | 2468 488f 
  0x000002159eb35eb4: 4424 20e9 | 0e07 0000 | e9b5 0000 | 00e9 b000 | 0000 e9ab | 0000 0048 | 8be8 e989 | 0300 004c 
  0x000002159eb35ed4: 8bd0 eb03 | 4c8b d049 | 8bda 458b | 5a08 49ba | 0000 0000 | 0800 0000 | 4d03 d348 | ff74 2428 
  0x000002159eb35ef4: 488f 4424 | 20e9 cc06 | 0000 4c8b | d0eb 034c | 8bd0 498b | dae9 4e07 | 0000 488b | d844 8b50 
  0x000002159eb35f14: 0849 b800 | 0000 0008 | 0000 004d | 03c2 e919 | 0400 0048 | 8bd8 448b | 5808 49ba | 0000 0000 
  0x000002159eb35f34: 0800 0000 | 4d03 d34d | 8b5a 504c | 3bdd 0f85 | d1fe ffff | 4533 c9e9 | 8d03 0000 | 4c8b d0eb 
  0x000002159eb35f54: 034c 8bd0 | 498b dae9 | fc06 0000 | 4c8b d049 | 8bda e9c2 | 0400 004c | 8bd0 498b 

  0x000002159eb35f70: ;   {no_reloc}
  0x000002159eb35f70: dae9 b704 | 0000 448b | 5008 49bb | 0000 0000 | 0800 0000 | 4d03 daeb | 2444 8b50 | 0849 bb00 
  0x000002159eb35f90: 0000 0008 | 0000 004d | 03da eb11 | 448b 5008 | 49bb 0000 | 0000 0800 | 0000 4d03 | da4d 8b53 
  0x000002159eb35fb0: ;   {metadata('sun/nio/fs/WindowsException')}
  0x000002159eb35fb0: 4849 bb40 | 730e 0008 | 0000 004d | 3bd3 0f85 | 2601 0000 | 488b d04c | 8b84 2490 | 0000 0090 
  0x000002159eb35fd0: ;   {optimized virtual_call}
  0x000002159eb35fd0: c5f8 77e8 

  0x000002159eb35fd4: ; ImmutableOopMap {[32]=Oop [48]=NarrowOop [56]=Oop [72]=Oop [80]=NarrowOop [88]=Oop [96]=Oop [104]=Oop [120]=Oop [128]=NarrowOop [136]=Oop [160]=NarrowOop [176]=NarrowOop }
                      ;*invokevirtual rethrowAsIOException {reexecute=0 rethrow=0 return_oop=0}
                      ; - sun.nio.fs.WindowsFileSystemProvider::newFileChannel@79
                      ; - java.io.IoOverNioFileSystem::initializeStreamsUsingNio0@14
                      ; - java.io.IoOverNioFileSystem::initializeStreamUsingNio@15
                      ; - java.io.FileInputStream::<init>@197
                      ; - jdk.internal.loader.URLClassPath$FileLoader$1::getInputStream@8
                      ; - jdk.internal.loader.Resource::cachedInputStream@9
                      ; - jdk.internal.loader.Resource::getByteBuffer@1
                      ; - java.net.URLClassLoader::defineClass@132
                      ; - java.net.URLClassLoader$1::run@43
                      ; - java.net.URLClassLoader$1::run@1
  0x000002159eb35fd4: a88a 80ff 

  0x000002159eb35fd8: ;   {other}
  0x000002159eb35fd8: 0f1f 8400 | 4881 00bc 

  0x000002159eb35fe0: ;   {oop(a 'sun/nio/fs/WindowsSecurityDescriptor'{0x0000000600f34fc8})}
  0x000002159eb35fe0: 48ba c84f | f300 0600 | 0000 6690 

  0x000002159eb35fec: ;   {optimized virtual_call}
  0x000002159eb35fec: c5f8 77e8 

  0x000002159eb35ff0: ; ImmutableOopMap {[32]=Oop [48]=NarrowOop [56]=Oop [72]=Oop [80]=NarrowOop [88]=Oop [96]=Oop [104]=Oop [120]=Oop [128]=NarrowOop [136]=Oop [160]=NarrowOop [176]=NarrowOop }
                      ;*invokevirtual release {reexecute=0 rethrow=0 return_oop=0}
                      ; - sun.nio.fs.WindowsFileSystemProvider::newFileChannel@92
                      ; - java.io.IoOverNioFileSystem::initializeStreamsUsingNio0@14
                      ; - java.io.IoOverNioFileSystem::initializeStreamUsingNio@15
                      ; - java.io.FileInputStream::<init>@197
                      ; - jdk.internal.loader.URLClassPath$FileLoader$1::getInputStream@8
                      ; - jdk.internal.loader.Resource::cachedInputStream@9
                      ; - jdk.internal.loader.Resource::getByteBuffer@1
                      ; - java.net.URLClassLoader::defineClass@132
                      ; - java.net.URLClassLoader$1::run@43
                      ; - java.net.URLClassLoader$1::run@1
  0x000002159eb35ff0: 8c8a 80ff 

  0x000002159eb35ff4: ;   {other}
  0x000002159eb35ff4: 0f1f 8400 | 6481 00bd | 4533 d24c | 8994 24e0 | 0000 00e9 | 44b7 ffff | 488b e8e9 | 4802 0000 
  0x000002159eb36014: 488b d844 

  0x000002159eb36018: ;   {metadata('java/nio/file/InvalidPathException')}
  0x000002159eb36018: 8b50 0841 | 81fa 30b7 | 1400 0f85 | 0504 0000 | bd01 0000 | 00e9 acc9 | ffff 488b | d8e9 f303 
  0x000002159eb36038: 0000 4c8b | d0e9 7102 | 0000 488b | d844 8b50 | 0849 bb00 | 0000 0008 | 0000 004d | 03da 4d8b 
  0x000002159eb36058: ;   {metadata('java/nio/file/InvalidPathException')}
  0x000002159eb36058: 5358 49b8 | 30b7 1400 | 0800 0000 | 4d3b d074 | 174d 8b53 

  0x000002159eb3606c: ;   {metadata('java/lang/SecurityException')}
  0x000002159eb3606c: 5049 bb30 | b60b 0008 | 0000 004d | 3bd3 0f85 | ad03 0000 | ba45 ffff | ff48 8b6c | 2458 448b 
  0x000002159eb3608c: 5424 3044 | 8954 2428 | 4c8b 5424 | 484c 8954 | 2430 4c8b | 5424 404c | 8954 2438 | 448b 5424 
  0x000002159eb360ac: 5044 8954 | 2440 6690 

  0x000002159eb360b4: ;   {runtime_call UncommonTrapBlob}
  0x000002159eb360b4: c5f8 77e8 

  0x000002159eb360b8: ; ImmutableOopMap {rbp=Oop [40]=NarrowOop [48]=Oop [64]=NarrowOop [104]=Oop [120]=Oop [128]=NarrowOop [176]=NarrowOop }
                      ;*ifnull {reexecute=1 rethrow=0 return_oop=0}
                      ; - (reexecute) java.io.FileInputStream::<init>@153
                      ; - jdk.internal.loader.URLClassPath$FileLoader$1::getInputStream@8
                      ; - jdk.internal.loader.Resource::cachedInputStream@9
                      ; - jdk.internal.loader.Resource::getByteBuffer@1
                      ; - java.net.URLClassLoader::defineClass@132
                      ; - java.net.URLClassLoader$1::run@43
                      ; - java.net.URLClassLoader$1::run@1
  0x000002159eb360b8: c4e2 80ff 

  0x000002159eb360bc: ;   {other}
  0x000002159eb360bc: 0f1f 8400 | 2c82 00be | 4c8b d049 | 8bda e95e | 0300 004c | 8bd0 e9ba | 0400 0044 | 8b50 0849 
  0x000002159eb360dc: bb00 0000 | 0008 0000 | 004d 03da | eb32 488b 

  0x000002159eb360ec: ;   {oop(a 'sun/nio/fs/WindowsSecurityDescriptor'{0x0000000600f34fc8})}
  0x000002159eb360ec: e848 bac8 | 4ff3 0006 | 0000 0090 

  0x000002159eb360f8: ;   {optimized virtual_call}
  0x000002159eb360f8: c5f8 77e8 

  0x000002159eb360fc: ; ImmutableOopMap {rbp=Oop [48]=NarrowOop [56]=Oop [72]=Oop [80]=NarrowOop [88]=Oop [104]=Oop [120]=Oop [128]=NarrowOop [136]=Oop [160]=NarrowOop [176]=NarrowOop }
                      ;*invokevirtual release {reexecute=0 rethrow=0 return_oop=0}
                      ; - sun.nio.fs.WindowsFileSystemProvider::newFileChannel@107
                      ; - java.io.IoOverNioFileSystem::initializeStreamsUsingNio0@14
                      ; - java.io.IoOverNioFileSystem::initializeStreamUsingNio@15
                      ; - java.io.FileInputStream::<init>@197
                      ; - jdk.internal.loader.URLClassPath$FileLoader$1::getInputStream@8
                      ; - jdk.internal.loader.Resource::cachedInputStream@9
                      ; - jdk.internal.loader.Resource::getByteBuffer@1
                      ; - java.net.URLClassLoader::defineClass@132
                      ; - java.net.URLClassLoader$1::run@43
                      ; - java.net.URLClassLoader$1::run@1
  0x000002159eb360fc: 8089 80ff 

  0x000002159eb36100: ;   {other}
  0x000002159eb36100: 0f1f 8400 | 7082 00bf | 448b 4508 | 49bb 0000 | 0000 0800 | 0000 4d03 | d848 8bc5 | 4d8b 5348 
  0x000002159eb36120: ;   {metadata('java/io/IOException')}
  0x000002159eb36120: 49bb 58d4 | 0900 0800 | 0000 4d3b | d30f 85d9 | feff ff48 | 8984 24b8 | 0000 0045 | 33d2 e9ac 
  0x000002159eb36140: 0000 0044 | 8b58 0849 | ba00 0000 | 0008 0000 | 004d 03d3 | 4d8b 5248 

  0x000002159eb36158: ;   {metadata('java/io/IOException')}
  0x000002159eb36158: 49bb 58d4 | 0900 0800 | 0000 4d3b | d30f 85a1 | feff ff48 | 8984 24b8 | 0000 004c | 8b94 24e0 
  0x000002159eb36178: 0000 00eb | 7244 8b58 | 0849 ba00 | 0000 0008 | 0000 004d | 03d3 4d8b 

  0x000002159eb36190: ;   {metadata('java/io/IOException')}
  0x000002159eb36190: 5248 49bb | 58d4 0900 | 0800 0000 | 4d3b d30f | 8567 feff | ff48 8984 | 24b8 0000 | 004c 8b94 
  0x000002159eb361b0: 24e0 0000 | 00eb 3844 | 8b50 0849 | bb00 0000 | 0008 0000 | 004d 03da | 4d8b 5348 

  0x000002159eb361cc: ;   {metadata('java/io/IOException')}
  0x000002159eb361cc: 49bb 58d4 | 0900 0800 | 0000 4d3b | d30f 852d | feff ff48 | 8984 24b8 | 0000 004c | 8b94 24e0 
  0x000002159eb361ec: 0000 004c | 8954 2460 

  0x000002159eb361f4: ;   {oop(a 'com/jetbrains/internal/IoOverNio$Debug'{0x0000000600e648f8})}
  0x000002159eb361f4: 48ba f848 | e600 0600 | 0000 6690 

  0x000002159eb36200: ;   {optimized virtual_call}
  0x000002159eb36200: c5f8 77e8 

  0x000002159eb36204: ; ImmutableOopMap {[48]=NarrowOop [56]=Oop [72]=Oop [80]=NarrowOop [88]=Oop [96]=Oop [104]=Oop [120]=Oop [128]=NarrowOop [136]=Oop [176]=NarrowOop [184]=Oop }
                      ;*invokevirtual writeErrors {reexecute=0 rethrow=0 return_oop=0}
                      ; - java.io.IoOverNioFileSystem::initializeStreamsUsingNio0@54
                      ; - java.io.IoOverNioFileSystem::initializeStreamUsingNio@15
                      ; - java.io.FileInputStream::<init>@197
                      ; - jdk.internal.loader.URLClassPath$FileLoader$1::getInputStream@8
                      ; - jdk.internal.loader.Resource::cachedInputStream@9
                      ; - jdk.internal.loader.Resource::getByteBuffer@1
                      ; - java.net.URLClassLoader::defineClass@132
                      ; - java.net.URLClassLoader$1::run@43
                      ; - java.net.URLClassLoader$1::run@1
  0x000002159eb36204: 7888 80ff 

  0x000002159eb36208: ;   {other}
  0x000002159eb36208: 0f1f 8400 | 7883 00c0 | 85c0 0f85 | 3409 0000 | 4c8b 5424 | 604d 85d2 | 7416 498b | d266 6690 
  0x000002159eb36228: ;   {optimized virtual_call}
  0x000002159eb36228: c5f8 77e8 

  0x000002159eb3622c: ; ImmutableOopMap {[48]=NarrowOop [56]=Oop [72]=Oop [80]=NarrowOop [88]=Oop [104]=Oop [120]=Oop [128]=NarrowOop [136]=Oop [176]=NarrowOop [184]=Oop }
                      ;*invokevirtual close {reexecute=0 rethrow=0 return_oop=0}
                      ; - java.io.IoOverNioFileSystem::initializeStreamsUsingNio0@112
                      ; - java.io.IoOverNioFileSystem::initializeStreamUsingNio@15
                      ; - java.io.FileInputStream::<init>@197
                      ; - jdk.internal.loader.URLClassPath$FileLoader$1::getInputStream@8
                      ; - jdk.internal.loader.Resource::cachedInputStream@9
                      ; - jdk.internal.loader.Resource::getByteBuffer@1
                      ; - java.net.URLClassLoader::defineClass@132
                      ; - java.net.URLClassLoader$1::run@43
                      ; - java.net.URLClassLoader$1::run@1
  0x000002159eb3622c: 5088 80ff 

  0x000002159eb36230: ;   {other}
  0x000002159eb36230: 0f1f 8400 | a083 00c1 | 488b 9424 | b800 0000 

  0x000002159eb36240: ;   {static_call}
  0x000002159eb36240: c5f8 77e8 

  0x000002159eb36244: ; ImmutableOopMap {[48]=NarrowOop [56]=Oop [72]=Oop [80]=NarrowOop [88]=Oop [104]=Oop [120]=Oop [128]=NarrowOop [136]=Oop [176]=NarrowOop }
                      ;*invokestatic convertNioToIoExceptionInStreams {reexecute=0 rethrow=0 return_oop=1}
                      ; - java.io.IoOverNioFileSystem::initializeStreamsUsingNio0@122
                      ; - java.io.IoOverNioFileSystem::initializeStreamUsingNio@15
                      ; - java.io.FileInputStream::<init>@197
                      ; - jdk.internal.loader.URLClassPath$FileLoader$1::getInputStream@8
                      ; - jdk.internal.loader.Resource::cachedInputStream@9
                      ; - jdk.internal.loader.Resource::getByteBuffer@1
                      ; - java.net.URLClassLoader::defineClass@132
                      ; - java.net.URLClassLoader$1::run@43
                      ; - java.net.URLClassLoader$1::run@1
  0x000002159eb36244: 388e 80ff 

  0x000002159eb36248: ;   {other}
  0x000002159eb36248: 0f1f 8400 | b883 00c2 | 4885 c00f | 84b1 0800 | 0048 8be8 | 448b 5424 | 3044 8954 | 2420 48ff 
  0x000002159eb36268: 7424 3848 | 8f44 2428 | 4c8b 5424 | 404c 8954 

  0x000002159eb36278: ;   {oop(a 'java/lang/ThreadLocal'{0x0000000600e64548})}
  0x000002159eb36278: 2430 48ba | 4845 e600 | 0600 0000 | 448b 5c24 | 5044 895c | 2424 4c8b | 5424 784c | 8954 2460 
  0x000002159eb36298: 4c89 5424 | 7066 6690 

  0x000002159eb362a0: ;   {optimized virtual_call}
  0x000002159eb362a0: c5f8 77e8 

  0x000002159eb362a4: ; ImmutableOopMap {rbp=Oop [32]=NarrowOop [36]=NarrowOop [40]=Oop [72]=Oop [88]=Oop [96]=Oop [104]=Oop [112]=Oop [136]=Oop }
                      ;*invokevirtual remove {reexecute=0 rethrow=0 return_oop=0}
                      ; - java.io.IoOverNioFileSystem::initializeStreamUsingNio@34
                      ; - java.io.FileInputStream::<init>@197
                      ; - jdk.internal.loader.URLClassPath$FileLoader$1::getInputStream@8
                      ; - jdk.internal.loader.Resource::cachedInputStream@9
                      ; - jdk.internal.loader.Resource::getByteBuffer@1
                      ; - java.net.URLClassLoader::defineClass@132
                      ; - java.net.URLClassLoader$1::run@43
                      ; - java.net.URLClassLoader$1::run@1
  0x000002159eb362a4: d887 80ff 

  0x000002159eb362a8: ;   {other}
  0x000002159eb362a8: 0f1f 8400 | 1884 00c3 | 4c8b d549 | 8bda e972 | 0100 0048 | 8bd8 448b | 5808 49ba | 0000 0000 
  0x000002159eb362c8: 0800 0000 | 4d03 d34d | 8b5a 504c | 3bdd 7545 | 4c8b 4c24 | 6048 8b54 | 2450 4c8b | 8424 b800 
  0x000002159eb362e8: 0000 488b | 7c24 2090 

  0x000002159eb362f0: ;   {optimized virtual_call}
  0x000002159eb362f0: c5f8 77e8 

  0x000002159eb362f4: ; ImmutableOopMap {[32]=Oop [48]=NarrowOop [52]=NarrowOop [56]=Oop [72]=Oop [80]=Oop [88]=Oop [168]=Oop [176]=NarrowOop [184]=Oop }
                      ;*invokevirtual getAndVerifyPackage {reexecute=0 rethrow=0 return_oop=1}
                      ; - java.net.URLClassLoader::defineClass@97
                      ; - java.net.URLClassLoader$1::run@43
                      ; - java.net.URLClassLoader$1::run@1
  0x000002159eb362f4: 8887 80ff 

  0x000002159eb362f8: ;   {other}
  0x000002159eb362f8: 0f1f 8400 | 6884 00c4 | 4885 c00f | 8403 0400 | 004c 8b74 | 2448 448b | 5424 344c | 8b6c 2450 
  0x000002159eb36318: e94f 91ff | ff48 ff74 | 2448 488f | 4424 20e9 | 9e02 0000 | 488b d844 | 8b58 0849 | b800 0000 
  0x000002159eb36338: 0008 0000 | 004d 03c3 | 4d8b 5048 

  0x000002159eb36344: ;   {metadata('java/io/IOException')}
  0x000002159eb36344: 49bb 58d4 | 0900 0800 | 0000 4d3b | d30f 84cd | 0300 004c | 8b9c 2488 | 0000 0048 | 8d84 2430 
  0x000002159eb36364: 0100 0048 | 8338 000f | 8479 0000 | 004d 8b13 | 41f6 c202 | 0f84 6200 | 0000 4983 | ba86 0000 
  0x000002159eb36384: 0000 7409 | 49ff 8a86 | 0000 00eb | 4b49 8b82 | 9600 0000 | 490b 828e | 0000 0075 | 0a49 c742 
  0x000002159eb363a4: 3e00 0000 | 00eb 3d49 | 83ba 9e00 | 0000 0074 | 2248 33c0 | 49c7 423e | 0000 0000 | f083 0424 
  0x000002159eb363c4: 0049 83ba | 9e00 0000 | 0075 0df0 | 4d0f b17a | 3e75 0583 | c801 eb0c | a800 eb08 | 4c8b 10f0 
  0x000002159eb363e4: 4d0f b113 | 750a 49ff | 8f48 0500 | 0045 33d2 | 0f84 b501 | 0000 488b | 8c24 8800 | 0000 488d 
  0x000002159eb36404: 9424 3001 | 0000 4d8b | c7c5 f877 | 49ba a0cb | 0fc8 fe7f | 0000 41ff 

  0x000002159eb3641c: ;   {other}
  0x000002159eb3641c: d20f 1f84 | 0000 0000 | 00e9 8501 | 0000 488b | d848 ff74 | 2448 488f | 4424 2048 | 8d84 2430 
  0x000002159eb3643c: 0100 004c | 8b5c 2448 | 4883 3800 | 0f84 7900 | 0000 4d8b | 1341 f6c2 | 020f 8462 | 0000 0049 
  0x000002159eb3645c: 83ba 8600 | 0000 0074 | 0949 ff8a | 8600 0000 | eb4b 498b | 8296 0000 | 0049 0b82 | 8e00 0000 
  0x000002159eb3647c: 750a 49c7 | 423e 0000 | 0000 eb3d | 4983 ba9e | 0000 0000 | 7422 4833 | c049 c742 | 3e00 0000 
  0x000002159eb3649c: 00f0 8304 | 2400 4983 | ba9e 0000 | 0000 750d | f04d 0fb1 | 7a3e 7505 | 83c8 01eb | 0ca8 00eb 
  0x000002159eb364bc: 084c 8b10 | f04d 0fb1 | 1375 0a49 | ff8f 4805 | 0000 4533 | d20f 85b1 | 0100 0044 | 8b43 0849 
  0x000002159eb364dc: ba00 0000 | 0008 0000 | 004d 03d0 | e9dd 0000 | 0048 8bd8 | 448b 5808 | 49ba 0000 | 0000 0800 
  0x000002159eb364fc: 0000 4d03 | d348 896c | 2420 e9bf | 0000 0048 | 8bd8 448b | 5808 49ba | 0000 0000 | 0800 0000 
  0x000002159eb3651c: ;   {no_reloc}
  0x000002159eb3651c: 4d03 d348 | ff74 2448 | 488f 4424 | 20e9 9c00 | 0000 488b | d844 8b58 | 0849 ba00 | 0000 0008 
  0x000002159eb3653c: 0000 004d | 03d3 48ff | 7424 6848 | 8f44 2420 | eb7c 488b | d844 8b58 | 0849 ba00 | 0000 0008 
  0x000002159eb3655c: 0000 004d | 03d3 48ff | 7424 6848 | 8f44 2420 | eb5c 488b | d844 8b58 | 0849 ba00 | 0000 0008 
  0x000002159eb3657c: 0000 004d | 03d3 48ff | 7424 6848 | 8f44 2420 | eb3c 4c8b | d049 8bda | 458b 5a08 | 49ba 0000 
  0x000002159eb3659c: 0000 0800 | 0000 4d03 | d348 896c | 2420 eb1e | 488b d844 | 8b43 0849 | ba00 0000 | 0008 0000 
  0x000002159eb365bc: 004d 03d0 | 48ff 7424 | 4848 8f44 | 2420 4d8b 

  0x000002159eb365cc: ;   {metadata('java/io/IOException')}
  0x000002159eb365cc: 5a48 49b8 | 58d4 0900 | 0800 0000 | 4d3b d80f | 848e 0000 | 004d 8b52 

  0x000002159eb365e4: ;   {metadata('java/lang/ClassFormatError')}
  0x000002159eb365e4: 5049 bb68 | 8d44 0008 | 0000 004d | 3bd3 7568 | 488b eb48 | 8b54 2420 | 6690 c5f8 | 7748 b8ff 
  0x000002159eb36604: ffff ffff 

  0x000002159eb36608: ;   {virtual_call}
  0x000002159eb36608: ffff ffe8 

  0x000002159eb3660c: ; ImmutableOopMap {rbp=Oop [32]=Oop }
                      ;*invokevirtual getDataError {reexecute=0 rethrow=0 return_oop=1}
                      ; - java.net.URLClassLoader$1::run@63
                      ; - java.net.URLClassLoader$1::run@1
  0x000002159eb3660c: 7087 80ff 

  0x000002159eb36610: ;   {other}
  0x000002159eb36610: 0f1f 8400 | 8087 00c5 | 4885 c074 | 3748 8b54 | 2420 c5f8 | 7748 b8ff | ffff ffff 

  0x000002159eb3662c: ;   {virtual_call}
  0x000002159eb3662c: ffff ffe8 

  0x000002159eb36630: ; ImmutableOopMap {rbp=Oop }
                      ;*invokevirtual getDataError {reexecute=0 rethrow=0 return_oop=1}
                      ; - java.net.URLClassLoader$1::run@71
                      ; - java.net.URLClassLoader$1::run@1
  0x000002159eb36630: 4c87 80ff 

  0x000002159eb36634: ;   {other}
  0x000002159eb36634: 0f1f 8400 | a487 00c6 | 488b d54c | 8bc0 6690 

  0x000002159eb36644: ;   {optimized virtual_call}
  0x000002159eb36644: c5f8 77e8 

  0x000002159eb36648: ; ImmutableOopMap {rbp=Oop }
                      ;*invokevirtual addSuppressed {reexecute=0 rethrow=0 return_oop=0}
                      ; - java.net.URLClassLoader$1::run@74
                      ; - java.net.URLClassLoader$1::run@1
  0x000002159eb36648: 3484 80ff 

  0x000002159eb3664c: ;   {other}
  0x000002159eb3664c: 0f1f 8400 | bc87 00c7 | 488b d5eb | 0648 8bd8 | 488b d3c5 | f877 4881 | c440 0100 

  0x000002159eb36668: ;   {runtime_call _rethrow_Java}
  0x000002159eb36668: 005d e991 | df8c ff48 | 8beb ba2f | 0000 0090 

  0x000002159eb36678: ;   {runtime_call UncommonTrapBlob}
  0x000002159eb36678: c5f8 77e8 

  0x000002159eb3667c: ; ImmutableOopMap {rbp=Oop [88]=Oop }
                      ;*new {reexecute=0 rethrow=0 return_oop=0}
                      ; - java.net.URLClassLoader$1::run@48
                      ; - java.net.URLClassLoader$1::run@1
  0x000002159eb3667c: 00dd 80ff 

  0x000002159eb36680: ;   {other}
  0x000002159eb36680: 0f1f 8400 | f087 00c8 | 488b 4c24 | 4848 8d94 | 2430 0100 | 004d 8bc7 | c5f8 7749 | baa0 cb0f 
  0x000002159eb366a0: c8fe 7f00 | 0041 ffd2 

  0x000002159eb366a8: ;   {other}
  0x000002159eb366a8: 0f1f 8400 | 0000 0000 | e922 feff | ffba deff | ffff 4c8b | 5424 584c | 8954 2420 | 4c8b 5424 
  0x000002159eb366c8: 484c 8954 | 2438 448b | 5424 5044 | 8954 2448 | 4c8b 5424 | 784c 8954 | 2458 4c89 | 5424 6044 
  0x000002159eb366e8: 8b94 2480 | 0000 0044 | 8954 2478 | 4489 5424 | 7c66 6690 

  0x000002159eb366fc: ;   {runtime_call UncommonTrapBlob}
  0x000002159eb366fc: c5f8 77e8 

  0x000002159eb36700: ; ImmutableOopMap {rbp=NarrowOop [32]=Oop [48]=NarrowOop [56]=Oop [72]=NarrowOop [88]=Oop [96]=Oop [104]=Oop [120]=NarrowOop [124]=NarrowOop [176]=NarrowOop }
                      ;*invokevirtual isInvalid {reexecute=0 rethrow=0 return_oop=0}
                      ; - java.io.IoOverNioFileSystem::isInvalid@61
                      ; - java.io.File::isInvalid@13
                      ; - java.io.FileInputStream::<init>@66
                      ; - jdk.internal.loader.URLClassPath$FileLoader$1::getInputStream@8
                      ; - jdk.internal.loader.Resource::cachedInputStream@9
                      ; - jdk.internal.loader.Resource::getByteBuffer@1
                      ; - java.net.URLClassLoader::defineClass@132
                      ; - java.net.URLClassLoader$1::run@43
                      ; - java.net.URLClassLoader$1::run@1
  0x000002159eb36700: 7cdc 80ff 

  0x000002159eb36704: ;   {other}
  0x000002159eb36704: 0f1f 8400 | 7488 00c9 | bafd 0000 | 0066 6690 

  0x000002159eb36714: ;   {runtime_call UncommonTrapBlob}
  0x000002159eb36714: c5f8 77e8 

  0x000002159eb36718: ; ImmutableOopMap {[72]=Oop [88]=Oop [184]=Oop }
                      ;*new {reexecute=0 rethrow=0 return_oop=0}
                      ; - java.net.URLClassLoader::defineClass@103
                      ; - java.net.URLClassLoader$1::run@43
                      ; - java.net.URLClassLoader$1::run@1
  0x000002159eb36718: 64dc 80ff 

  0x000002159eb3671c: ;   {other}
  0x000002159eb3671c: 0f1f 8400 | 8c88 00ca | 488b ebba | f201 0000 | 4c8b 5424 | 584c 8954 | 2420 4c8b | 5424 484c 
  0x000002159eb3673c: 8954 2428 | 448b 5c24 | 3844 895c | 2430 4c8b | 5424 404c | 8954 2438 | 4c8b 9424 | 8000 0000 
  0x000002159eb3675c: 4c89 5424 | 4044 8b54 | 2454 4489 | 5424 4890 

  0x000002159eb3676c: ;   {runtime_call UncommonTrapBlob}
  0x000002159eb3676c: c5f8 77e8 

  0x000002159eb36770: ; ImmutableOopMap {rbp=Oop [32]=Oop [40]=Oop [48]=NarrowOop [64]=Oop [72]=NarrowOop [104]=NarrowOop [176]=NarrowOop [184]=Oop }
                      ;*new {reexecute=0 rethrow=0 return_oop=0}
                      ; - java.util.jar.JarFile::ensureInitialization@8
                      ; - java.util.jar.JavaUtilJarAccessImpl::ensureInitialization@1
                      ; - jdk.internal.loader.URLClassPath$JarLoader$2::getManifest@10
                      ; - java.net.URLClassLoader::defineClass@34
                      ; - java.net.URLClassLoader$1::run@43
                      ; - java.net.URLClassLoader$1::run@1
  0x000002159eb36770: 0cdc 80ff 

  0x000002159eb36774: ;   {other}
  0x000002159eb36774: 0f1f 8400 | e488 00cb | 4c89 5424 | 28e9 1a03 | 0000 488b | 9424 f000 | 0000 4c8b | c066 6690 
  0x000002159eb36794: ;   {optimized virtual_call}
  0x000002159eb36794: c5f8 77e8 

  0x000002159eb36798: ; ImmutableOopMap {[32]=Oop [48]=NarrowOop [56]=Oop [72]=Oop [80]=NarrowOop [88]=Oop [96]=Oop [104]=Oop [112]=Oop [120]=Oop [128]=NarrowOop [136]=Oop [144]=Oop [176]=NarrowOop [240]=Oop [296]=Oop }
                      ;*invokevirtual addSuppressed {reexecute=0 rethrow=0 return_oop=0}
                      ; - sun.nio.fs.WindowsNativeDispatcher::GetFileAttributesEx@66
                      ; - sun.nio.fs.WindowsFileAttributes::get@26
                      ; - sun.nio.fs.WindowsFileAttributeViews$Basic::readAttributes@15
                      ; - sun.nio.fs.WindowsFileAttributeViews$Basic::readAttributes@1
                      ; - sun.nio.fs.WindowsFileSystemProvider::readAttributes@57
                      ; - java.nio.file.spi.FileSystemProvider::readAttributesIfExists@4
                      ; - java.nio.file.Files::isRegularFile@9
                      ; - java.io.FileInputStream::<init>@136
                      ; - jdk.internal.loader.URLClassPath$FileLoader$1::getInputStream@8
                      ; - jdk.internal.loader.Resource::cachedInputStream@9
                      ; - jdk.internal.loader.Resource::getByteBuffer@1
                      ; - java.net.URLClassLoader::defineClass@132
                      ; - java.net.URLClassLoader$1::run@43
                      ; - java.net.URLClassLoader$1::run@1
  0x000002159eb36798: e482 80ff 

  0x000002159eb3679c: ;   {other}
  0x000002159eb3679c: 0f1f 8400 | 0c89 00cc | e92b 0200 | 0048 8984 | 24f0 0000 | 00e9 0602 | 0000 49b9 | 0000 0000 
  0x000002159eb367bc: 0800 0000 | 4d03 c8e9 | 2d02 0000 | 488b 9424 | d000 0000 | 4c8b c090 

  0x000002159eb367d4: ;   {optimized virtual_call}
  0x000002159eb367d4: c5f8 77e8 

  0x000002159eb367d8: ; ImmutableOopMap {[32]=Oop [48]=NarrowOop [56]=Oop [72]=Oop [80]=NarrowOop [88]=Oop [96]=Oop [104]=Oop [112]=Oop [120]=Oop [128]=NarrowOop [136]=Oop [144]=Oop [176]=NarrowOop [208]=Oop }
                      ;*invokevirtual addSuppressed {reexecute=0 rethrow=0 return_oop=0}
                      ; - sun.nio.fs.WindowsFileAttributes::get@98
                      ; - sun.nio.fs.WindowsFileAttributeViews$Basic::readAttributes@15
                      ; - sun.nio.fs.WindowsFileAttributeViews$Basic::readAttributes@1
                      ; - sun.nio.fs.WindowsFileSystemProvider::readAttributes@57
                      ; - java.nio.file.spi.FileSystemProvider::readAttributesIfExists@4
                      ; - java.nio.file.Files::isRegularFile@9
                      ; - java.io.FileInputStream::<init>@136
                      ; - jdk.internal.loader.URLClassPath$FileLoader$1::getInputStream@8
                      ; - jdk.internal.loader.Resource::cachedInputStream@9
                      ; - jdk.internal.loader.Resource::getByteBuffer@1
                      ; - java.net.URLClassLoader::defineClass@132
                      ; - java.net.URLClassLoader$1::run@43
                      ; - java.net.URLClassLoader$1::run@1
  0x000002159eb367d8: a482 80ff 

  0x000002159eb367dc: ;   {other}
  0x000002159eb367dc: 0f1f 8400 | 4c89 00cd | e94b 0200 | 004c 8bd0 | 448b 4008 | 49b9 0000 | 0000 0800 | 0000 4d03 
  0x000002159eb367fc: c8e9 f301 | 0000 e90a | 0200 0048 | 8984 24d0 | 0000 00e9 | 0502 0000 | 4c8b d044 

  0x000002159eb36818: ;   {metadata('sun/nio/fs/WindowsException')}
  0x000002159eb36818: 8b40 0841 | 81f8 4073 | 0e00 7592 | 4c89 9424 | d000 0000 | e928 0200 | 0048 8984 | 2498 0000 
  0x000002159eb36838: 0048 8bd5 

  0x000002159eb3683c: ;   {static_call}
  0x000002159eb3683c: c5f8 77e8 

  0x000002159eb36840: ; ImmutableOopMap {[32]=Oop [48]=NarrowOop [56]=Oop [72]=Oop [80]=NarrowOop [88]=Oop [96]=Oop [104]=Oop [112]=Oop [120]=Oop [128]=NarrowOop [136]=Oop [144]=Oop [152]=Oop [176]=NarrowOop }
                      ;*invokestatic CloseHandle {reexecute=0 rethrow=0 return_oop=0}
                      ; - sun.nio.fs.WindowsFileAttributes::get@269
                      ; - sun.nio.fs.WindowsFileAttributeViews$Basic::readAttributes@15
                      ; - sun.nio.fs.WindowsFileAttributeViews$Basic::readAttributes@1
                      ; - sun.nio.fs.WindowsFileSystemProvider::readAttributes@57
                      ; - java.nio.file.spi.FileSystemProvider::readAttributesIfExists@4
                      ; - java.nio.file.Files::isRegularFile@9
                      ; - java.io.FileInputStream::<init>@136
                      ; - jdk.internal.loader.URLClassPath$FileLoader$1::getInputStream@8
                      ; - jdk.internal.loader.Resource::cachedInputStream@9
                      ; - jdk.internal.loader.Resource::getByteBuffer@1
                      ; - java.net.URLClassLoader::defineClass@132
                      ; - java.net.URLClassLoader$1::run@43
                      ; - java.net.URLClassLoader$1::run@1
  0x000002159eb36840: 3c88 80ff 

  0x000002159eb36844: ;   {other}
  0x000002159eb36844: 0f1f 8400 | b489 00ce | 4c8b 9424 | 9800 0000 | 458b 5a08 | 49b9 0000 | 0000 0800 | 0000 4d03 
  0x000002159eb36864: cbe9 8b01 | 0000 4c8b | d044 8b40 | 0849 b900 | 0000 0008 | 0000 004d | 03c8 e972 | 0100 004c 
  0x000002159eb36884: 8bd0 448b | 4008 49b9 | 0000 0000 | 0800 0000 | 4d03 c8e9 | 5901 0000 | e970 0100 | 004c 8bd0 
  0x000002159eb368a4: 448b 4808 | 49b8 0000 | 0000 0800 | 0000 4d03 | c1eb 79e9 | 5501 0000 | 4c8b d044 | 8b58 0849 
  0x000002159eb368c4: b800 0000 | 0008 0000 | 004d 03c3 | eb5e e93a | 0100 00e9 | 3501 0000 | e930 0100 | 00e9 2b01 
  0x000002159eb368e4: 0000 e926 | 0100 00e9 | 2101 0000 | 4c8b d044 | 8b40 0849 | bb00 0000 | 0008 0000 | 004d 03d8 
  0x000002159eb36904: eb6d 458b | 5a08 49b9 | 0000 0000 | 0800 0000 | 4d03 cbe9 | d900 0000 | 4c8b d044 | 8b48 0849 
  0x000002159eb36924: b800 0000 | 0008 0000 | 004d 03c1 | 4d8b 5848 

  0x000002159eb36934: ;   {metadata('sun/nio/fs/WindowsException')}
  0x000002159eb36934: 49b8 4073 | 0e00 0800 | 0000 4d3b | d875 c34c | 8994 24d0 | 0000 00e9 | 0901 0000 | e9bc 0000 
  0x000002159eb36954: 00e9 b700 | 0000 e9b2 | 0000 004c | 8bd0 448b | 4808 49bb | 0000 0000 | 0800 0000 | 4d03 d94d 
  0x000002159eb36974: ;   {metadata('sun/nio/fs/WindowsException')}
  0x000002159eb36974: 8b5b 4849 | b840 730e | 0008 0000 | 004d 3bd8 | 0f85 6a01 | 0000 4c89 | 9424 d000 | 0000 e9c2 
  0x000002159eb36994: 0000 0048 | 8be8 48c7 | c2ff ffff | ff66 6690 

  0x000002159eb369a4: ;   {static_call}
  0x000002159eb369a4: c5f8 77e8 

  0x000002159eb369a8: ; ImmutableOopMap {rbp=Oop [32]=Oop [48]=NarrowOop [56]=Oop [72]=Oop [80]=NarrowOop [88]=Oop [96]=Oop [104]=Oop [112]=Oop [120]=Oop [128]=NarrowOop [136]=Oop [144]=Oop [176]=NarrowOop [224]=Oop [296]=Oop }
                      ;*invokestatic end {reexecute=0 rethrow=0 return_oop=0}
                      ; - sun.nio.fs.WindowsNativeDispatcher::GetFileAttributesEx@30
                      ; - sun.nio.fs.WindowsFileAttributes::get@26
                      ; - sun.nio.fs.WindowsFileAttributeViews$Basic::readAttributes@15
                      ; - sun.nio.fs.WindowsFileAttributeViews$Basic::readAttributes@1
                      ; - sun.nio.fs.WindowsFileSystemProvider::readAttributes@57
                      ; - java.nio.file.spi.FileSystemProvider::readAttributesIfExists@4
                      ; - java.nio.file.Files::isRegularFile@9
                      ; - java.io.FileInputStream::<init>@136
                      ; - jdk.internal.loader.URLClassPath$FileLoader$1::getInputStream@8
                      ; - jdk.internal.loader.Resource::cachedInputStream@9
                      ; - jdk.internal.loader.Resource::getByteBuffer@1
                      ; - java.net.URLClassLoader::defineClass@132
                      ; - java.net.URLClassLoader$1::run@43
                      ; - java.net.URLClassLoader$1::run@1
  0x000002159eb369a8: d486 80ff 

  0x000002159eb369ac: ;   {other}
  0x000002159eb369ac: 0f1f 8400 | 1c8b 00cf | 4889 ac24 | f000 0000 | 488b 9424 | e000 0000 

  0x000002159eb369c4: ;   {optimized virtual_call}
  0x000002159eb369c4: c5f8 77e8 

  0x000002159eb369c8: ; ImmutableOopMap {[32]=Oop [48]=NarrowOop [56]=Oop [72]=Oop [80]=NarrowOop [88]=Oop [96]=Oop [104]=Oop [112]=Oop [120]=Oop [128]=NarrowOop [136]=Oop [144]=Oop [176]=NarrowOop [240]=Oop [296]=Oop }
                      ;*invokevirtual close {reexecute=0 rethrow=0 return_oop=0}
                      ; - sun.nio.fs.WindowsNativeDispatcher::GetFileAttributesEx@54
                      ; - sun.nio.fs.WindowsFileAttributes::get@26
                      ; - sun.nio.fs.WindowsFileAttributeViews$Basic::readAttributes@15
                      ; - sun.nio.fs.WindowsFileAttributeViews$Basic::readAttributes@1
                      ; - sun.nio.fs.WindowsFileSystemProvider::readAttributes@57
                      ; - java.nio.file.spi.FileSystemProvider::readAttributesIfExists@4
                      ; - java.nio.file.Files::isRegularFile@9
                      ; - java.io.FileInputStream::<init>@136
                      ; - jdk.internal.loader.URLClassPath$FileLoader$1::getInputStream@8
                      ; - jdk.internal.loader.Resource::cachedInputStream@9
                      ; - jdk.internal.loader.Resource::getByteBuffer@1
                      ; - java.net.URLClassLoader::defineClass@132
                      ; - java.net.URLClassLoader$1::run@43
                      ; - java.net.URLClassLoader$1::run@1
  0x000002159eb369c8: b480 80ff 

  0x000002159eb369cc: ;   {other}
  0x000002159eb369cc: 0f1f 8400 | 3c8b 00d0 | 488b 8424 | f000 0000 | eb33 eb31 | 49b9 0000 | 0000 0800 | 0000 4d03 
  0x000002159eb369ec: ca4c 8b94 | 24d0 0000 | 004d 8b59 

  0x000002159eb369f8: ;   {metadata('sun/nio/fs/WindowsException')}
  0x000002159eb369f8: 4849 b840 | 730e 0008 | 0000 004d | 3bd8 0f85 | e3bc ffff | 498b d2eb | 7448 8984 | 24d0 0000 
  0x000002159eb36a18: 0048 8b94 | 2428 0100 | 0066 6690 

  0x000002159eb36a24: ;   {optimized virtual_call}
  0x000002159eb36a24: c5f8 77e8 

  0x000002159eb36a28: ; ImmutableOopMap {[32]=Oop [48]=NarrowOop [56]=Oop [72]=Oop [80]=NarrowOop [88]=Oop [96]=Oop [104]=Oop [112]=Oop [120]=Oop [128]=NarrowOop [136]=Oop [144]=Oop [176]=NarrowOop [208]=Oop }
                      ;*invokevirtual close {reexecute=0 rethrow=0 return_oop=0}
                      ; - sun.nio.fs.WindowsFileAttributes::get@86
                      ; - sun.nio.fs.WindowsFileAttributeViews$Basic::readAttributes@15
                      ; - sun.nio.fs.WindowsFileAttributeViews$Basic::readAttributes@1
                      ; - sun.nio.fs.WindowsFileSystemProvider::readAttributes@57
                      ; - java.nio.file.spi.FileSystemProvider::readAttributesIfExists@4
                      ; - java.nio.file.Files::isRegularFile@9
                      ; - java.io.FileInputStream::<init>@136
                      ; - jdk.internal.loader.URLClassPath$FileLoader$1::getInputStream@8
                      ; - jdk.internal.loader.Resource::cachedInputStream@9
                      ; - jdk.internal.loader.Resource::getByteBuffer@1
                      ; - java.net.URLClassLoader::defineClass@132
                      ; - java.net.URLClassLoader$1::run@43
                      ; - java.net.URLClassLoader$1::run@1
  0x000002159eb36a28: 5480 80ff 

  0x000002159eb36a2c: ;   {other}
  0x000002159eb36a2c: 0f1f 8400 | 9c8b 00d1 | 4c8b 9424 | d000 0000 | 458b 5208 

  0x000002159eb36a40: ;   {metadata('sun/nio/fs/WindowsException')}
  0x000002159eb36a40: 4181 fa40 | 730e 0075 | 974c 8b94 | 24d0 0000 | 004c 8994 | 24d0 0000 | 0048 8b94 | 24d0 0000 
  0x000002159eb36a60: 0066 6690 

  0x000002159eb36a64: ;   {optimized virtual_call}
  0x000002159eb36a64: c5f8 77e8 

  0x000002159eb36a68: ; ImmutableOopMap {[32]=Oop [48]=NarrowOop [56]=Oop [72]=Oop [80]=NarrowOop [88]=Oop [96]=Oop [104]=Oop [112]=Oop [120]=Oop [128]=NarrowOop [136]=Oop [144]=Oop [176]=NarrowOop [208]=Oop }
                      ;*invokevirtual lastError {reexecute=0 rethrow=0 return_oop=0}
                      ; - sun.nio.fs.WindowsFileAttributes::get@109
                      ; - sun.nio.fs.WindowsFileAttributeViews$Basic::readAttributes@15
                      ; - sun.nio.fs.WindowsFileAttributeViews$Basic::readAttributes@1
                      ; - sun.nio.fs.WindowsFileSystemProvider::readAttributes@57
                      ; - java.nio.file.spi.FileSystemProvider::readAttributesIfExists@4
                      ; - java.nio.file.Files::isRegularFile@9
                      ; - java.io.FileInputStream::<init>@136
                      ; - jdk.internal.loader.URLClassPath$FileLoader$1::getInputStream@8
                      ; - jdk.internal.loader.Resource::cachedInputStream@9
                      ; - jdk.internal.loader.Resource::getByteBuffer@1
                      ; - java.net.URLClassLoader::defineClass@132
                      ; - java.net.URLClassLoader$1::run@43
                      ; - java.net.URLClassLoader$1::run@1
  0x000002159eb36a68: 1480 80ff 

  0x000002159eb36a6c: ;   {other}
  0x000002159eb36a6c: 0f1f 8400 | dc8b 00d2 | 83f8 200f | 8423 0100 | 0048 8b94 | 24d0 0000 | 004c 8b84 | 2490 0000 
  0x000002159eb36a8c: 0066 6690 

  0x000002159eb36a90: ;   {optimized virtual_call}
  0x000002159eb36a90: c5f8 77e8 

  0x000002159eb36a94: ; ImmutableOopMap {[32]=Oop [48]=NarrowOop [56]=Oop [72]=Oop [80]=NarrowOop [88]=Oop [96]=Oop [104]=Oop [112]=Oop [120]=Oop [128]=NarrowOop [136]=Oop [144]=Oop [176]=NarrowOop }
                      ;*invokevirtual rethrowAsIOException {reexecute=0 rethrow=0 return_oop=0}
                      ; - sun.nio.fs.WindowsFileAttributeViews$Basic::readAttributes@25
                      ; - sun.nio.fs.WindowsFileAttributeViews$Basic::readAttributes@1
                      ; - sun.nio.fs.WindowsFileSystemProvider::readAttributes@57
                      ; - java.nio.file.spi.FileSystemProvider::readAttributesIfExists@4
                      ; - java.nio.file.Files::isRegularFile@9
                      ; - java.io.FileInputStream::<init>@136
                      ; - jdk.internal.loader.URLClassPath$FileLoader$1::getInputStream@8
                      ; - jdk.internal.loader.Resource::cachedInputStream@9
                      ; - jdk.internal.loader.Resource::getByteBuffer@1
                      ; - java.net.URLClassLoader::defineClass@132
                      ; - java.net.URLClassLoader$1::run@43
                      ; - java.net.URLClassLoader$1::run@1
  0x000002159eb36a94: e87f 80ff 

  0x000002159eb36a98: ;   {other}
  0x000002159eb36a98: 0f1f 8400 | 088c 00d3 | 488b 6c24 | 28ba 45ff | ffff 4c8b | 5424 584c | 8954 2420 | 4c8b 5424 
  0x000002159eb36ab8: 484c 8954 | 2438 448b | 5c24 5044 | 895c 2448 | 4c8b 5424 | 784c 8954 | 2458 4c89 | 5424 6044 
  0x000002159eb36ad8: 8b94 2480 | 0000 0044 | 8954 244c 

  0x000002159eb36ae4: ;   {runtime_call UncommonTrapBlob}
  0x000002159eb36ae4: c5f8 77e8 

  0x000002159eb36ae8: ; ImmutableOopMap {rbp=Oop [32]=Oop [48]=NarrowOop [56]=Oop [72]=NarrowOop [76]=NarrowOop [88]=Oop [96]=Oop [104]=Oop [144]=Oop [176]=NarrowOop }
                      ;*ifnull {reexecute=1 rethrow=0 return_oop=0}
                      ; - (reexecute) java.nio.file.Files::isRegularFile@14
                      ; - java.io.FileInputStream::<init>@136
                      ; - jdk.internal.loader.URLClassPath$FileLoader$1::getInputStream@8
                      ; - jdk.internal.loader.Resource::cachedInputStream@9
                      ; - jdk.internal.loader.Resource::getByteBuffer@1
                      ; - java.net.URLClassLoader::defineClass@132
                      ; - java.net.URLClassLoader$1::run@43
                      ; - java.net.URLClassLoader$1::run@1
  0x000002159eb36ae8: 94d8 80ff 

  0x000002159eb36aec: ;   {other}
  0x000002159eb36aec: 0f1f 8400 | 5c8c 00d4 | 458b 4208 | 49b9 0000 | 0000 0800 | 0000 4d03 | c8e9 ebfe | ffff baf6 
  0x000002159eb36b0c: ffff ff48 | 8b6c 2458 | 448b 5424 | 3044 8954 | 2428 4c8b | 5424 484c | 8954 2430 | 4c8b 5424 
  0x000002159eb36b2c: 404c 8954 | 2438 448b | 5424 5044 | 8954 2440 

  0x000002159eb36b3c: ;   {runtime_call UncommonTrapBlob}
  0x000002159eb36b3c: c5f8 77e8 

  0x000002159eb36b40: ; ImmutableOopMap {rbp=Oop [40]=NarrowOop [48]=Oop [64]=NarrowOop [104]=Oop [120]=Oop [128]=NarrowOop [176]=NarrowOop }
                      ;*athrow {reexecute=1 rethrow=0 return_oop=0}
                      ; - (reexecute) java.io.IoOverNioFileSystem::initializeStreamsUsingNio0@125
                      ; - java.io.IoOverNioFileSystem::initializeStreamUsingNio@15
                      ; - java.io.FileInputStream::<init>@197
                      ; - jdk.internal.loader.URLClassPath$FileLoader$1::getInputStream@8
                      ; - jdk.internal.loader.Resource::cachedInputStream@9
                      ; - jdk.internal.loader.Resource::getByteBuffer@1
                      ; - java.net.URLClassLoader::defineClass@132
                      ; - java.net.URLClassLoader$1::run@43
                      ; - java.net.URLClassLoader$1::run@1
  0x000002159eb36b40: 3cd8 80ff 

  0x000002159eb36b44: ;   {other}
  0x000002159eb36b44: 0f1f 8400 | b48c 00d5 | ba87 0000 | 0048 8b6c | 2458 4c8b | 5424 4844 | 8b5c 2430 | 4489 5c24 
  0x000002159eb36b64: 284c 8954 | 2430 4c8b | 5424 404c | 8954 2438 | 448b 5424 | 5044 8954 | 2440 4c8b | 5424 784c 
  0x000002159eb36b84: 8954 2450 | 4c89 5424 | 5866 6690 

  0x000002159eb36b90: ;   {runtime_call UncommonTrapBlob}
  0x000002159eb36b90: c5f8 77e8 

  0x000002159eb36b94: ; ImmutableOopMap {rbp=Oop [40]=NarrowOop [48]=Oop [64]=NarrowOop [80]=Oop [88]=Oop [96]=Oop [104]=Oop [128]=NarrowOop [176]=NarrowOop [184]=Oop }
                      ;*new {reexecute=0 rethrow=0 return_oop=0}
                      ; - java.io.IoOverNioFileSystem::initializeStreamsUsingNio0@60
                      ; - java.io.IoOverNioFileSystem::initializeStreamUsingNio@15
                      ; - java.io.FileInputStream::<init>@197
                      ; - jdk.internal.loader.URLClassPath$FileLoader$1::getInputStream@8
                      ; - jdk.internal.loader.Resource::cachedInputStream@9
                      ; - jdk.internal.loader.Resource::getByteBuffer@1
                      ; - java.net.URLClassLoader::defineClass@132
                      ; - java.net.URLClassLoader$1::run@43
                      ; - java.net.URLClassLoader$1::run@1
  0x000002159eb36b94: e8d7 80ff 

  0x000002159eb36b98: ;   {other}
  0x000002159eb36b98: 0f1f 8400 | 088d 00d6 | ba45 ffff | ff48 8b6c | 2458 4c8b | 5424 4844 | 8b44 2430 | 4489 4424 
  0x000002159eb36bb8: 284c 8954 | 2430 4c8b | 5424 404c | 8954 2438 | 448b 5424 | 5044 8954 | 2440 4c8b | 5424 784c 
  0x000002159eb36bd8: 8954 2450 | 4c89 5424 | 5844 8b94 | 2480 0000 | 0044 8954 | 2444 4c8b | 9424 9000 | 0000 4c89 
  0x000002159eb36bf8: 5424 7889 | 8424 9800 | 0000 6690 

  0x000002159eb36c04: ;   {runtime_call UncommonTrapBlob}
  0x000002159eb36c04: c5f8 77e8 

  0x000002159eb36c08: ; ImmutableOopMap {rbp=Oop [40]=NarrowOop [48]=Oop [64]=NarrowOop [68]=NarrowOop [80]=Oop [88]=Oop [104]=Oop [120]=Oop [176]=NarrowOop [208]=Oop }
                      ;*if_icmpeq {reexecute=1 rethrow=0 return_oop=0}
                      ; - (reexecute) sun.nio.fs.WindowsFileAttributes::get@114
                      ; - sun.nio.fs.WindowsFileAttributeViews$Basic::readAttributes@15
                      ; - sun.nio.fs.WindowsFileAttributeViews$Basic::readAttributes@1
                      ; - sun.nio.fs.WindowsFileSystemProvider::readAttributes@57
                      ; - java.nio.file.spi.FileSystemProvider::readAttributesIfExists@4
                      ; - java.nio.file.Files::isRegularFile@9
                      ; - java.io.FileInputStream::<init>@136
                      ; - jdk.internal.loader.URLClassPath$FileLoader$1::getInputStream@8
                      ; - jdk.internal.loader.Resource::cachedInputStream@9
                      ; - jdk.internal.loader.Resource::getByteBuffer@1
                      ; - java.net.URLClassLoader::defineClass@132
                      ; - java.net.URLClassLoader$1::run@43
                      ; - java.net.URLClassLoader$1::run@1
  0x000002159eb36c08: 74d7 80ff 

  0x000002159eb36c0c: ;   {other}
  0x000002159eb36c0c: 0f1f 8400 | 7c8d 00d7 | 33ed e98a | feff ffba | deff ffff | 488b 6c24 | 5844 8b54 | 2430 4489 
  0x000002159eb36c2c: 5424 284c | 8b54 2448 | 4c89 5424 | 304c 8b54 | 2440 4c89 | 5424 3844 | 8b54 2450 | 4489 5424 
  0x000002159eb36c4c: 404c 8b54 | 2478 4c89 | 5424 504c | 8954 2458 | 448b 9c24 | 8000 0000 | 4489 5c24 | 444c 8b94 
  0x000002159eb36c6c: 2490 0000 | 004c 8954 | 2478 4889 | 8424 8800 | 0000 6690 

  0x000002159eb36c80: ;   {runtime_call UncommonTrapBlob}
  0x000002159eb36c80: c5f8 77e8 

  0x000002159eb36c84: ; ImmutableOopMap {rbp=Oop [40]=NarrowOop [48]=Oop [64]=NarrowOop [68]=NarrowOop [80]=Oop [88]=Oop [104]=Oop [120]=Oop [136]=Oop [176]=NarrowOop }
                      ;*checkcast {reexecute=0 rethrow=0 return_oop=0}
                      ; - sun.nio.fs.NativeBuffers::getNativeBufferFromCache@6
                      ; - sun.nio.fs.NativeBuffers::getNativeBuffer@1
                      ; - sun.nio.fs.WindowsFileAttributes::get@10
                      ; - sun.nio.fs.WindowsFileAttributeViews$Basic::readAttributes@15
                      ; - sun.nio.fs.WindowsFileAttributeViews$Basic::readAttributes@1
                      ; - sun.nio.fs.WindowsFileSystemProvider::readAttributes@57
                      ; - java.nio.file.spi.FileSystemProvider::readAttributesIfExists@4
                      ; - java.nio.file.Files::isRegularFile@9
                      ; - java.io.FileInputStream::<init>@136
                      ; - jdk.internal.loader.URLClassPath$FileLoader$1::getInputStream@8
                      ; - jdk.internal.loader.Resource::cachedInputStream@9
                      ; - jdk.internal.loader.Resource::getByteBuffer@1
                      ; - java.net.URLClassLoader::defineClass@132
                      ; - java.net.URLClassLoader$1::run@43
                      ; - java.net.URLClassLoader$1::run@1
  0x000002159eb36c84: f8d6 80ff 

  0x000002159eb36c88: ;   {other}
  0x000002159eb36c88: 0f1f 8400 | f88d 00d8 | bade ffff | ff48 8b6c | 2458 448b | 5c24 3044 | 895c 2428 | 4c8b 5c24 
  0x000002159eb36ca8: 484c 895c | 2430 4c8b | 5c24 404c | 895c 2438 | 448b 5c24 | 5044 895c | 2440 4c8b | 5c24 784c 
  0x000002159eb36cc8: 895c 2450 | 4c89 5c24 | 5844 8b84 | 2480 0000 | 0044 8944 | 2444 4c8b | 9c24 9000 | 0000 4c89 
  0x000002159eb36ce8: 5c24 7848 | 8984 24a8 | 0000 0090 

  0x000002159eb36cf4: ;   {runtime_call UncommonTrapBlob}
  0x000002159eb36cf4: c5f8 77e8 

  0x000002159eb36cf8: ; ImmutableOopMap {rbp=Oop [40]=NarrowOop [48]=Oop [64]=NarrowOop [68]=NarrowOop [80]=Oop [88]=Oop [104]=Oop [120]=Oop [168]=Oop [176]=NarrowOop [224]=Oop [296]=Oop }
                      ;*checkcast {reexecute=0 rethrow=0 return_oop=0}
                      ; - sun.nio.fs.NativeBuffers::releaseNativeBuffer@6
                      ; - sun.nio.fs.NativeBuffer::release@1
                      ; - sun.nio.fs.NativeBuffer::close@1
                      ; - sun.nio.fs.WindowsNativeDispatcher::GetFileAttributesEx@41
                      ; - sun.nio.fs.WindowsFileAttributes::get@26
                      ; - sun.nio.fs.WindowsFileAttributeViews$Basic::readAttributes@15
                      ; - sun.nio.fs.WindowsFileAttributeViews$Basic::readAttributes@1
                      ; - sun.nio.fs.WindowsFileSystemProvider::readAttributes@57
                      ; - java.nio.file.spi.FileSystemProvider::readAttributesIfExists@4
                      ; - java.nio.file.Files::isRegularFile@9
                      ; - java.io.FileInputStream::<init>@136
                      ; - jdk.internal.loader.URLClassPath$FileLoader$1::getInputStream@8
                      ; - jdk.internal.loader.Resource::cachedInputStream@9
                      ; - jdk.internal.loader.Resource::getByteBuffer@1
                      ; - java.net.URLClassLoader::defineClass@132
                      ; - java.net.URLClassLoader$1::run@43
                      ; - java.net.URLClassLoader$1::run@1
  0x000002159eb36cf8: 84d6 80ff 

  0x000002159eb36cfc: ;   {other}
  0x000002159eb36cfc: 0f1f 8400 | 6c8e 00d9 | bade ffff | ff48 8b6c | 2458 4c8b | 5424 4844 | 8b5c 2430 | 4489 5c24 
  0x000002159eb36d1c: 284c 8954 | 2430 4c8b | 5424 404c | 8954 2438 | 448b 5424 | 5044 8954 | 2440 4c8b | 5424 784c 
  0x000002159eb36d3c: 8954 2450 | 4c89 5424 | 5844 8b9c | 2480 0000 | 0044 895c | 2444 4c8b | 9424 9000 | 0000 4c89 
  0x000002159eb36d5c: 5424 7848 | 8984 24a0 | 0000 0090 

  0x000002159eb36d68: ;   {runtime_call UncommonTrapBlob}
  0x000002159eb36d68: c5f8 77e8 

  0x000002159eb36d6c: ; ImmutableOopMap {rbp=Oop [40]=NarrowOop [48]=Oop [64]=NarrowOop [68]=NarrowOop [80]=Oop [88]=Oop [104]=Oop [120]=Oop [160]=Oop [176]=NarrowOop [192]=Oop [296]=Oop }
                      ;*checkcast {reexecute=0 rethrow=0 return_oop=0}
                      ; - sun.nio.fs.NativeBuffers::releaseNativeBuffer@6
                      ; - sun.nio.fs.NativeBuffer::release@1
                      ; - sun.nio.fs.NativeBuffer::close@1
                      ; - sun.nio.fs.WindowsFileAttributes::get@62
                      ; - sun.nio.fs.WindowsFileAttributeViews$Basic::readAttributes@15
                      ; - sun.nio.fs.WindowsFileAttributeViews$Basic::readAttributes@1
                      ; - sun.nio.fs.WindowsFileSystemProvider::readAttributes@57
                      ; - java.nio.file.spi.FileSystemProvider::readAttributesIfExists@4
                      ; - java.nio.file.Files::isRegularFile@9
                      ; - java.io.FileInputStream::<init>@136
                      ; - jdk.internal.loader.URLClassPath$FileLoader$1::getInputStream@8
                      ; - jdk.internal.loader.Resource::cachedInputStream@9
                      ; - jdk.internal.loader.Resource::getByteBuffer@1
                      ; - java.net.URLClassLoader::defineClass@132
                      ; - java.net.URLClassLoader$1::run@43
                      ; - java.net.URLClassLoader$1::run@1
  0x000002159eb36d6c: 10d6 80ff 

  0x000002159eb36d70: ;   {other}
  0x000002159eb36d70: 0f1f 8400 | e08e 00da | bade ffff | ff48 8b6c | 2458 4c8b | 5424 4844 | 8b5c 2430 | 4489 5c24 
  0x000002159eb36d90: 284c 8954 | 2430 4c8b | 5424 404c | 8954 2438 | 448b 9424 | b000 0000 | 4489 5424 | 2c44 8b5c 
  0x000002159eb36db0: 2450 4489 | 5c24 404c | 8b54 2478 | 4c89 5424 | 504c 8954 | 2458 448b | 9424 8000 | 0000 4489 
  0x000002159eb36dd0: 5424 444c | 8b94 2490 | 0000 004c | 8954 2478 | 4889 4424 | f88b 8424 | 8400 0000 | 8984 2480 
  0x000002159eb36df0: 0000 0048 | 8b44 24f8 | 4889 4424 | f88b 8424 | a000 0000 | 8984 2484 | 0000 0048 | 8b44 24f8 
  0x000002159eb36e10: 4889 8424 | b800 0000 

  0x000002159eb36e18: ;   {runtime_call UncommonTrapBlob}
  0x000002159eb36e18: c5f8 77e8 

  0x000002159eb36e1c: ; ImmutableOopMap {rbp=Oop [40]=NarrowOop [44]=NarrowOop [48]=Oop [64]=NarrowOop [68]=NarrowOop [80]=Oop [88]=Oop [104]=Oop [120]=Oop [128]=NarrowOop [184]=Oop [296]=Oop }
                      ;*checkcast {reexecute=0 rethrow=0 return_oop=0}
                      ; - sun.nio.fs.NativeBuffers::getNativeBufferFromCache@6
                      ; - sun.nio.fs.WindowsNativeDispatcher::asNativeBuffer@31
                      ; - sun.nio.fs.WindowsNativeDispatcher::GetFileAttributesEx@1
                      ; - sun.nio.fs.WindowsFileAttributes::get@26
                      ; - sun.nio.fs.WindowsFileAttributeViews$Basic::readAttributes@15
                      ; - sun.nio.fs.WindowsFileAttributeViews$Basic::readAttributes@1
                      ; - sun.nio.fs.WindowsFileSystemProvider::readAttributes@57
                      ; - java.nio.file.spi.FileSystemProvider::readAttributesIfExists@4
                      ; - java.nio.file.Files::isRegularFile@9
                      ; - java.io.FileInputStream::<init>@136
                      ; - jdk.internal.loader.URLClassPath$FileLoader$1::getInputStream@8
                      ; - jdk.internal.loader.Resource::cachedInputStream@9
                      ; - jdk.internal.loader.Resource::getByteBuffer@1
                      ; - java.net.URLClassLoader::defineClass@132
                      ; - java.net.URLClassLoader$1::run@43
                      ; - java.net.URLClassLoader$1::run@1
  0x000002159eb36e1c: 60d5 80ff 

  0x000002159eb36e20: ;   {other}
  0x000002159eb36e20: 0f1f 8400 | 908f 00db | baf6 ffff | ff48 8b6c | 2458 6690 

  0x000002159eb36e34: ;   {runtime_call UncommonTrapBlob}
  0x000002159eb36e34: c5f8 77e8 

  0x000002159eb36e38: ; ImmutableOopMap {rbp=Oop }
                      ;*invokevirtual replace {reexecute=0 rethrow=0 return_oop=0}
                      ; - java.net.URLClassLoader$1::run@8
                      ; - java.net.URLClassLoader$1::run@1
  0x000002159eb36e38: 44d5 80ff 

  0x000002159eb36e3c: ;   {other}
  0x000002159eb36e3c: 0f1f 8400 | ac8f 00dc | baf6 ffff | ff48 8b6c | 2458 6690 

  0x000002159eb36e50: ;   {runtime_call UncommonTrapBlob}
  0x000002159eb36e50: c5f8 77e8 

  0x000002159eb36e54: ; ImmutableOopMap {rbp=Oop }
                      ;*arraylength {reexecute=0 rethrow=0 return_oop=0}
                      ; - java.lang.StringLatin1::replace@8
                      ; - java.lang.String::replace@18
                      ; - java.net.URLClassLoader$1::run@8
                      ; - java.net.URLClassLoader$1::run@1
  0x000002159eb36e54: 28d5 80ff 

  0x000002159eb36e58: ;   {other}
  0x000002159eb36e58: 0f1f 8400 | c88f 00dd | baf6 ffff | ff4c 8944 | 2420 6690 

  0x000002159eb36e6c: ;   {runtime_call UncommonTrapBlob}
  0x000002159eb36e6c: c5f8 77e8 

  0x000002159eb36e70: ; ImmutableOopMap {[32]=Oop [88]=Oop }
                      ;*getfield ucp {reexecute=1 rethrow=0 return_oop=0}
                      ; - (reexecute) java.net.URLClassLoader$1::run@21
                      ; - java.net.URLClassLoader$1::run@1
  0x000002159eb36e70: 0cd5 80ff 

  0x000002159eb36e74: ;   {other}
  0x000002159eb36e74: 0f1f 8400 | e48f 00de | baf6 ffff | ff48 8944 | 24f8 8b44 | 2430 8944 | 2428 488b | 4424 f84c 
  0x000002159eb36e94: 8974 2430 

  0x000002159eb36e98: ;   {runtime_call UncommonTrapBlob}
  0x000002159eb36e98: c5f8 77e8 

  0x000002159eb36e9c: ; ImmutableOopMap {[40]=NarrowOop [48]=Oop [88]=Oop }
                      ;*invokevirtual lastIndexOf {reexecute=0 rethrow=0 return_oop=0}
                      ; - java.net.URLClassLoader::defineClass@7
                      ; - java.net.URLClassLoader$1::run@43
                      ; - java.net.URLClassLoader$1::run@1
  0x000002159eb36e9c: e0d4 80ff 

  0x000002159eb36ea0: ;   {other}
  0x000002159eb36ea0: 0f1f 8400 | 1090 00df | baf6 ffff | ff48 8944 | 24f8 8b44 | 2430 8944 | 2428 488b | 4424 f84c 
  0x000002159eb36ec0: 8974 2430 

  0x000002159eb36ec4: ;   {runtime_call UncommonTrapBlob}
  0x000002159eb36ec4: c5f8 77e8 

  0x000002159eb36ec8: ; ImmutableOopMap {[40]=NarrowOop [48]=Oop [88]=Oop [176]=NarrowOop }
                      ;*arraylength {reexecute=0 rethrow=0 return_oop=0}
                      ; - java.lang.String::length@4
                      ; - java.lang.String::lastIndexOf@3
                      ; - java.net.URLClassLoader::defineClass@7
                      ; - java.net.URLClassLoader$1::run@43
                      ; - java.net.URLClassLoader$1::run@1
  0x000002159eb36ec8: b4d4 80ff 

  0x000002159eb36ecc: ;   {other}
  0x000002159eb36ecc: 0f1f 8400 | 3c90 00e0 | baf4 ffff | ff48 8944 | 24f8 8b44 | 2430 8944 | 2428 488b | 4424 f84c 
  0x000002159eb36eec: 8974 2430 | 4c8b 5c24 | 404c 895c | 2438 4489 | 5424 4090 

  0x000002159eb36f00: ;   {runtime_call UncommonTrapBlob}
  0x000002159eb36f00: c5f8 77e8 

  0x000002159eb36f04: ; ImmutableOopMap {[40]=NarrowOop [48]=Oop [64]=NarrowOop [88]=Oop [176]=NarrowOop }
                      ;*instanceof {reexecute=0 rethrow=0 return_oop=0}
                      ; - jdk.internal.loader.Resource::getByteBuffer@6
                      ; - java.net.URLClassLoader::defineClass@132
                      ; - java.net.URLClassLoader$1::run@43
                      ; - java.net.URLClassLoader$1::run@1
  0x000002159eb36f04: 78d4 80ff 

  0x000002159eb36f08: ;   {other}
  0x000002159eb36f08: 0f1f 8400 | 7890 00e1 | baf6 ffff | ff48 8944 | 24f8 8b44 | 2430 8944 | 2428 488b | 4424 f890 
  0x000002159eb36f28: ;   {runtime_call UncommonTrapBlob}
  0x000002159eb36f28: c5f8 77e8 

  0x000002159eb36f2c: ; ImmutableOopMap {[40]=NarrowOop [72]=Oop [88]=Oop [104]=Oop [176]=NarrowOop }
                      ;*arraylength {reexecute=0 rethrow=0 return_oop=0}
                      ; - java.net.URLClassLoader::defineClass@217
                      ; - java.net.URLClassLoader$1::run@43
                      ; - java.net.URLClassLoader$1::run@1
  0x000002159eb36f2c: 50d4 80ff 

  0x000002159eb36f30: ;   {other}
  0x000002159eb36f30: 0f1f 8400 | a090 00e2 | baf6 ffff | ff4c 8974 | 2420 4889 | 4424 f88b | 4424 3089 | 4424 2848 
  0x000002159eb36f50: 8b44 24f8 | 4c8b 5424 | 404c 8954 | 2430 4489 | 4c24 2c48 | 895c 2440 

  0x000002159eb36f68: ;   {runtime_call UncommonTrapBlob}
  0x000002159eb36f68: c5f8 77e8 

  0x000002159eb36f6c: ; ImmutableOopMap {[32]=Oop [40]=NarrowOop [64]=Oop [88]=Oop [176]=NarrowOop }
                      ;*getfield csu {reexecute=1 rethrow=0 return_oop=0}
                      ; - (reexecute) jdk.internal.loader.URLClassPath$JarLoader$2::getCodeSourceURL@4
                      ; - java.net.URLClassLoader::defineClass@13
                      ; - java.net.URLClassLoader$1::run@43
                      ; - java.net.URLClassLoader$1::run@1
  0x000002159eb36f6c: 10d4 80ff 

  0x000002159eb36f70: ;   {other}
  0x000002159eb36f70: 0f1f 8400 | e090 00e3 | baf6 ffff | ff4c 8974 | 2420 4889 | 4424 f88b | 4424 3089 | 4424 2848 
  0x000002159eb36f90: 8b44 24f8 | 4c8b 4424 | 404c 8944 | 2430 4c89 | 5c24 3844 | 8954 2440 

  0x000002159eb36fa8: ;   {runtime_call UncommonTrapBlob}
  0x000002159eb36fa8: c5f8 77e8 

  0x000002159eb36fac: ; ImmutableOopMap {[32]=Oop [40]=NarrowOop [56]=Oop [64]=NarrowOop [88]=Oop [176]=NarrowOop [184]=Oop }
                      ;*getfield jar {reexecute=1 rethrow=0 return_oop=0}
                      ; - (reexecute) jdk.internal.loader.URLClassPath$JarLoader$2::getManifest@7
                      ; - java.net.URLClassLoader::defineClass@34
                      ; - java.net.URLClassLoader$1::run@43
                      ; - java.net.URLClassLoader$1::run@1
  0x000002159eb36fac: d0d3 80ff 

  0x000002159eb36fb0: ;   {other}
  0x000002159eb36fb0: 0f1f 8400 | 2091 00e4 | baf6 ffff | ff4c 8974 | 2420 4889 | 4424 f88b | 4424 3089 | 4424 2848 
  0x000002159eb36fd0: 8b44 24f8 | 4c8b 4424 | 404c 8944 | 2430 4c89 | 5c24 3844 | 8954 2440 

  0x000002159eb36fe8: ;   {runtime_call UncommonTrapBlob}
  0x000002159eb36fe8: c5f8 77e8 

  0x000002159eb36fec: ; ImmutableOopMap {[32]=Oop [40]=NarrowOop [56]=Oop [64]=NarrowOop [88]=Oop [176]=NarrowOop [184]=Oop }
                      ;*invokevirtual ensureInitialization {reexecute=0 rethrow=0 return_oop=0}
                      ; - java.util.jar.JavaUtilJarAccessImpl::ensureInitialization@1
                      ; - jdk.internal.loader.URLClassPath$JarLoader$2::getManifest@10
                      ; - java.net.URLClassLoader::defineClass@34
                      ; - java.net.URLClassLoader$1::run@43
                      ; - java.net.URLClassLoader$1::run@1
  0x000002159eb36fec: 90d3 80ff 

  0x000002159eb36ff0: ;   {other}
  0x000002159eb36ff0: 0f1f 8400 | 6091 00e5 | baf6 ffff | ff4c 8974 | 2420 4889 | 4424 f88b | 4424 3089 | 4424 2848 
  0x000002159eb37010: 8b44 24f8 | 4c8b 4424 | 404c 8944 | 2430 4c89 | 5c24 3844 | 8954 2440 

  0x000002159eb37028: ;   {runtime_call UncommonTrapBlob}
  0x000002159eb37028: c5f8 77e8 

  0x000002159eb3702c: ; ImmutableOopMap {[32]=Oop [40]=NarrowOop [56]=Oop [64]=NarrowOop [88]=Oop [176]=NarrowOop [184]=Oop }
                      ;*getfield jar {reexecute=1 rethrow=0 return_oop=0}
                      ; - (reexecute) jdk.internal.loader.URLClassPath$JarLoader$2::getManifest@19
                      ; - java.net.URLClassLoader::defineClass@34
                      ; - java.net.URLClassLoader$1::run@43
                      ; - java.net.URLClassLoader$1::run@1
  0x000002159eb3702c: 50d3 80ff 

  0x000002159eb37030: ;   {other}
  0x000002159eb37030: 0f1f 8400 | a091 00e6 | baf6 ffff | ff4c 8974 | 2420 4889 | 4424 f88b | 4424 3089 | 4424 2848 
  0x000002159eb37050: 8b44 24f8 | 4c8b 4424 | 404c 8944 | 2430 4c89 | 5c24 3844 | 8954 2440 

  0x000002159eb37068: ;   {runtime_call UncommonTrapBlob}
  0x000002159eb37068: c5f8 77e8 

  0x000002159eb3706c: ; ImmutableOopMap {[32]=Oop [40]=NarrowOop [56]=Oop [64]=NarrowOop [88]=Oop [176]=NarrowOop [184]=Oop }
                      ;*invokevirtual getManifest {reexecute=0 rethrow=0 return_oop=0}
                      ; - jdk.internal.loader.URLClassPath$JarLoader$2::getManifest@22
                      ; - java.net.URLClassLoader::defineClass@34
                      ; - java.net.URLClassLoader$1::run@43
                      ; - java.net.URLClassLoader$1::run@1
  0x000002159eb3706c: 10d3 80ff 

  0x000002159eb37070: ;   {other}
  0x000002159eb37070: 0f1f 8400 | e091 00e7 | baf6 ffff | ff48 8944 | 24f8 8b44 | 2430 8944 | 2428 488b | 4424 f84c 
  0x000002159eb37090: 8974 2430 | 4c8b 5c24 | 404c 895c | 2438 4489 | 5424 4048 | 894c 2448 

  0x000002159eb370a8: ;   {runtime_call UncommonTrapBlob}
  0x000002159eb370a8: c5f8 77e8 

  0x000002159eb370ac: ; ImmutableOopMap {[40]=NarrowOop [48]=Oop [64]=NarrowOop [72]=Oop [88]=Oop [176]=NarrowOop }
                      ;*getfield jar {reexecute=1 rethrow=0 return_oop=0}
                      ; - (reexecute) jdk.internal.loader.URLClassPath$JarLoader$2::getInputStream@4
                      ; - jdk.internal.loader.Resource::cachedInputStream@9
                      ; - jdk.internal.loader.Resource::getByteBuffer@1
                      ; - java.net.URLClassLoader::defineClass@132
                      ; - java.net.URLClassLoader$1::run@43
                      ; - java.net.URLClassLoader$1::run@1
  0x000002159eb370ac: d0d2 80ff 

  0x000002159eb370b0: ;   {other}
  0x000002159eb370b0: 0f1f 8400 | 2092 00e8 | ba45 ffff | ff48 8b6c | 2458 4c89 | 7424 2048 | 8944 24f8 | 8b44 2430 
  0x000002159eb370d0: 8944 2428 | 488b 4424 | f84c 8b4c | 2440 4c89 | 4c24 3044 | 8954 2440 | 4c89 5c24 | 5044 8944 
  0x000002159eb370f0: 2458 6690 

  0x000002159eb370f4: ;   {runtime_call UncommonTrapBlob}
  0x000002159eb370f4: c5f8 77e8 

  0x000002159eb370f8: ; ImmutableOopMap {rbp=Oop [32]=Oop [40]=NarrowOop [64]=NarrowOop [80]=Oop [88]=NarrowOop [176]=NarrowOop [184]=Oop }
                      ;*ifnonnull {reexecute=1 rethrow=0 return_oop=0}
                      ; - (reexecute) jdk.internal.access.SharedSecrets::javaUtilJarAccess@5
                      ; - jdk.internal.loader.URLClassPath$JarLoader$2::getManifest@0
                      ; - java.net.URLClassLoader::defineClass@34
                      ; - java.net.URLClassLoader$1::run@43
                      ; - java.net.URLClassLoader$1::run@1
  0x000002159eb370f8: 84d2 80ff 

  0x000002159eb370fc: ;   {other}
  0x000002159eb370fc: 0f1f 8400 | 6c92 00e9 | baf6 ffff | ff4c 8974 | 2420 4889 | 4424 f88b | 4424 3089 | 4424 2848 
  0x000002159eb3711c: 8b44 24f8 | 4c8b 5424 | 404c 8954 | 2430 4489 | 4c24 2c48 | 895c 2440 

  0x000002159eb37134: ;   {runtime_call UncommonTrapBlob}
  0x000002159eb37134: c5f8 77e8 

  0x000002159eb37138: ; ImmutableOopMap {[32]=Oop [40]=NarrowOop [64]=Oop [88]=Oop [176]=NarrowOop }
                      ;*invokevirtual getBaseURL {reexecute=0 rethrow=0 return_oop=0}
                      ; - jdk.internal.loader.URLClassPath$FileLoader$1::getCodeSourceURL@4
                      ; - java.net.URLClassLoader::defineClass@13
                      ; - java.net.URLClassLoader$1::run@43
                      ; - java.net.URLClassLoader$1::run@1
  0x000002159eb37138: 44d2 80ff 

  0x000002159eb3713c: ;   {other}
  0x000002159eb3713c: 0f1f 8400 | ac92 00ea | baf6 ffff | ff48 8b6c | 2458 4c8b | 5424 4844 | 8b5c 2430 | 4489 5c24 
  0x000002159eb3715c: 284c 8954 | 2430 4c8b | 5424 404c | 8954 2438 | 448b 5c24 | 5044 895c | 2440 6690 

  0x000002159eb37178: ;   {runtime_call UncommonTrapBlob}
  0x000002159eb37178: c5f8 77e8 

  0x000002159eb3717c: ; ImmutableOopMap {rbp=Oop [40]=NarrowOop [48]=Oop [64]=NarrowOop [104]=Oop [120]=Oop [128]=NarrowOop [176]=NarrowOop }
                      ;*invokevirtual type {reexecute=0 rethrow=0 return_oop=0}
                      ; - sun.nio.fs.WindowsPath::parse@11
                      ; - sun.nio.fs.WindowsFileSystem::getPath@102
                      ; - java.io.FileInputStream::<init>@124
                      ; - jdk.internal.loader.URLClassPath$FileLoader$1::getInputStream@8
                      ; - jdk.internal.loader.Resource::cachedInputStream@9
                      ; - jdk.internal.loader.Resource::getByteBuffer@1
                      ; - java.net.URLClassLoader::defineClass@132
                      ; - java.net.URLClassLoader$1::run@43
                      ; - java.net.URLClassLoader$1::run@1
  0x000002159eb3717c: 00d2 80ff 

  0x000002159eb37180: ;   {other}
  0x000002159eb37180: 0f1f 8400 | f092 00eb | baf6 ffff | ff48 8b6c | 2458 4c8b | 5424 4844 | 8b5c 2430 | 4489 5c24 
  0x000002159eb371a0: 284c 8954 | 2430 4c8b | 5424 404c | 8954 2438 | 448b 5c24 | 5044 895c | 2440 6690 

  0x000002159eb371bc: ;   {runtime_call UncommonTrapBlob}
  0x000002159eb371bc: c5f8 77e8 

  0x000002159eb371c0: ; ImmutableOopMap {rbp=Oop [40]=NarrowOop [48]=Oop [64]=NarrowOop [104]=Oop [120]=Oop [128]=NarrowOop [176]=NarrowOop }
                      ;*arraylength {reexecute=0 rethrow=0 return_oop=0}
                      ; - java.lang.ThreadLocal$ThreadLocalMap::getEntry@8
                      ; - java.lang.ThreadLocal::get@12
                      ; - java.lang.ThreadLocal::get@4
                      ; - com.jetbrains.internal.IoOverNio::isAllowedInThisThread@9
                      ; - java.io.IoOverNioFileSystem::acquireNioFs@16
                      ; - java.io.FileInputStream::<init>@94
                      ; - jdk.internal.loader.URLClassPath$FileLoader$1::getInputStream@8
                      ; - jdk.internal.loader.Resource::cachedInputStream@9
                      ; - jdk.internal.loader.Resource::getByteBuffer@1
                      ; - java.net.URLClassLoader::defineClass@132
                      ; - java.net.URLClassLoader$1::run@43
                      ; - java.net.URLClassLoader$1::run@1
  0x000002159eb371c0: bcd1 80ff 

  0x000002159eb371c4: ;   {other}
  0x000002159eb371c4: 0f1f 8400 | 3493 00ec | baf4 ffff | ff48 8b6c | 2458 4c8b | 5424 4844 | 8b5c 2430 | 4489 5c24 
  0x000002159eb371e4: 284c 8954 | 2430 4c8b | 5424 404c | 8954 2438 | 448b 5c24 | 5044 895c | 2440 4c8b | 5424 784c 
  0x000002159eb37204: 8954 2450 | 4c89 5424 | 5844 8b9c | 2480 0000 | 0044 895c | 2474 48ff | b424 9000 | 0000 488f 
  0x000002159eb37224: 8424 8800 | 0000 6690 

  0x000002159eb3722c: ;   {runtime_call UncommonTrapBlob}
  0x000002159eb3722c: c5f8 77e8 

  0x000002159eb37230: ; ImmutableOopMap {rbp=Oop [40]=NarrowOop [48]=Oop [64]=NarrowOop [80]=Oop [88]=Oop [104]=Oop [112]=NarrowOop [116]=NarrowOop [136]=Oop [160]=NarrowOop [168]=Oop [176]=NarrowOop [184]=Oop }
                      ;*checkcast {reexecute=0 rethrow=0 return_oop=0}
                      ; - sun.nio.fs.WindowsChannelFactory$Flags::toFlags@30
                      ; - sun.nio.fs.WindowsChannelFactory::newFileChannel@1
                      ; - sun.nio.fs.WindowsFileSystemProvider::newFileChannel@55
                      ; - java.io.IoOverNioFileSystem::initializeStreamsUsingNio0@14
                      ; - java.io.IoOverNioFileSystem::initializeStreamUsingNio@15
                      ; - java.io.FileInputStream::<init>@197
                      ; - jdk.internal.loader.URLClassPath$FileLoader$1::getInputStream@8
                      ; - jdk.internal.loader.Resource::cachedInputStream@9
                      ; - jdk.internal.loader.Resource::getByteBuffer@1
                      ; - java.net.URLClassLoader::defineClass@132
                      ; - java.net.URLClassLoader$1::run@43
                      ; - java.net.URLClassLoader$1::run@1
  0x000002159eb37230: 4cd1 80ff 

  0x000002159eb37234: ;   {other}
  0x000002159eb37234: 0f1f 8400 | a493 00ed | baf6 ffff | ff48 8b6c | 2458 448b | 5424 3044 | 8954 2428 | 4c8b 5424 
  0x000002159eb37254: 484c 8954 | 2430 4c8b | 5424 404c | 8954 2438 | 448b 5424 | 5044 8954 | 2440 4c8b | 5424 784c 
  0x000002159eb37274: 8954 2450 | 4c89 5424 | 5844 8b9c | 2480 0000 | 0044 895c | 2444 4c8b | 9424 9000 | 0000 4c89 
  0x000002159eb37294: 5424 7890 

  0x000002159eb37298: ;   {runtime_call UncommonTrapBlob}
  0x000002159eb37298: c5f8 77e8 

  0x000002159eb3729c: ; ImmutableOopMap {rbp=Oop [40]=NarrowOop [48]=Oop [64]=NarrowOop [68]=NarrowOop [80]=Oop [88]=Oop [104]=Oop [120]=Oop [176]=NarrowOop [296]=Oop }
                      ;*invokevirtual length {reexecute=0 rethrow=0 return_oop=0}
                      ; - sun.nio.fs.WindowsPath::getPathForWin32Calls@15
                      ; - sun.nio.fs.WindowsPath::getPathForWin32Calls@2
                      ; - sun.nio.fs.WindowsFileAttributes::get@21
                      ; - sun.nio.fs.WindowsFileAttributeViews$Basic::readAttributes@15
                      ; - sun.nio.fs.WindowsFileAttributeViews$Basic::readAttributes@1
                      ; - sun.nio.fs.WindowsFileSystemProvider::readAttributes@57
                      ; - java.nio.file.spi.FileSystemProvider::readAttributesIfExists@4
                      ; - java.nio.file.Files::isRegularFile@9
                      ; - java.io.FileInputStream::<init>@136
                      ; - jdk.internal.loader.URLClassPath$FileLoader$1::getInputStream@8
                      ; - jdk.internal.loader.Resource::cachedInputStream@9
                      ; - jdk.internal.loader.Resource::getByteBuffer@1
                      ; - java.net.URLClassLoader::defineClass@132
                      ; - java.net.URLClassLoader$1::run@43
                      ; - java.net.URLClassLoader$1::run@1
  0x000002159eb3729c: e0d0 80ff 

  0x000002159eb372a0: ;   {other}
  0x000002159eb372a0: 0f1f 8400 | 1094 00ee | baf6 ffff | ff48 8b6c | 2458 4c8b | 5424 4844 | 8b5c 2430 | 4489 5c24 
  0x000002159eb372c0: 284c 8954 | 2430 4c8b | 5424 404c | 8954 2438 | 448b 5c24 | 5044 895c | 2440 4c8b | 5424 784c 
  0x000002159eb372e0: 8954 2450 | 4c89 5424 | 5844 8b94 | 2480 0000 | 0044 8954 | 2444 4c8b | 9424 9000 | 0000 4c89 
  0x000002159eb37300: 5424 7890 

  0x000002159eb37304: ;   {runtime_call UncommonTrapBlob}
  0x000002159eb37304: c5f8 77e8 

  0x000002159eb37308: ; ImmutableOopMap {rbp=Oop [40]=NarrowOop [48]=Oop [64]=NarrowOop [68]=NarrowOop [80]=Oop [88]=Oop [104]=Oop [120]=Oop [176]=NarrowOop [296]=Oop }
                      ;*arraylength {reexecute=0 rethrow=0 return_oop=0}
                      ; - java.lang.String::length@4
                      ; - sun.nio.fs.WindowsPath::getPathForWin32Calls@15
                      ; - sun.nio.fs.WindowsPath::getPathForWin32Calls@2
                      ; - sun.nio.fs.WindowsFileAttributes::get@21
                      ; - sun.nio.fs.WindowsFileAttributeViews$Basic::readAttributes@15
                      ; - sun.nio.fs.WindowsFileAttributeViews$Basic::readAttributes@1
                      ; - sun.nio.fs.WindowsFileSystemProvider::readAttributes@57
                      ; - java.nio.file.spi.FileSystemProvider::readAttributesIfExists@4
                      ; - java.nio.file.Files::isRegularFile@9
                      ; - java.io.FileInputStream::<init>@136
                      ; - jdk.internal.loader.URLClassPath$FileLoader$1::getInputStream@8
                      ; - jdk.internal.loader.Resource::cachedInputStream@9
                      ; - jdk.internal.loader.Resource::getByteBuffer@1
                      ; - java.net.URLClassLoader::defineClass@132
                      ; - java.net.URLClassLoader$1::run@43
                      ; - java.net.URLClassLoader$1::run@1
  0x000002159eb37308: 74d0 80ff 

  0x000002159eb3730c: ;   {other}
  0x000002159eb3730c: 0f1f 8400 | 7c94 00ef | baf6 ffff | ff48 8b6c | 2458 448b | 5424 3044 | 8954 2428 | 4c8b 5424 
  0x000002159eb3732c: 484c 8954 | 2430 4c8b | 5424 404c | 8954 2438 | 448b 5424 | 5044 8954 | 2440 4c8b | 5424 784c 
  0x000002159eb3734c: 8954 2450 | 4c89 5424 | 5844 8b9c | 2480 0000 | 0044 895c | 2478 6690 

  0x000002159eb37364: ;   {runtime_call UncommonTrapBlob}
  0x000002159eb37364: c5f8 77e8 

  0x000002159eb37368: ; ImmutableOopMap {rbp=Oop [40]=NarrowOop [48]=Oop [64]=NarrowOop [80]=Oop [88]=Oop [104]=Oop [120]=NarrowOop [144]=Oop [152]=Oop [160]=NarrowOop [176]=NarrowOop }
                      ;*arraylength {reexecute=0 rethrow=0 return_oop=0}
                      ; - java.lang.ThreadLocal$ThreadLocalMap::set@6
                      ; - java.lang.ThreadLocal::set@13
                      ; - java.lang.ThreadLocal::set@5
                      ; - java.io.IoOverNioFileSystem::initializeStreamUsingNio@4
                      ; - java.io.FileInputStream::<init>@197
                      ; - jdk.internal.loader.URLClassPath$FileLoader$1::getInputStream@8
                      ; - jdk.internal.loader.Resource::cachedInputStream@9
                      ; - jdk.internal.loader.Resource::getByteBuffer@1
                      ; - java.net.URLClassLoader::defineClass@132
                      ; - java.net.URLClassLoader$1::run@43
                      ; - java.net.URLClassLoader$1::run@1
  0x000002159eb37368: 14d0 80ff 

  0x000002159eb3736c: ;   {other}
  0x000002159eb3736c: 0f1f 8400 | dc94 00f0 | baf6 ffff | ff48 8b6c | 2458 4c8b | 5424 4844 | 8b5c 2430 | 4489 5c24 
  0x000002159eb3738c: 284c 8954 | 2430 4c8b | 5424 404c | 8954 2438 | 448b 5c24 | 5044 895c | 2440 4c8b | 5424 784c 
  0x000002159eb373ac: 8954 2450 | 4c89 5424 | 5844 8b94 | 2480 0000 | 0044 8954 | 2444 6690 

  0x000002159eb373c4: ;   {runtime_call UncommonTrapBlob}
  0x000002159eb373c4: c5f8 77e8 

  0x000002159eb373c8: ; ImmutableOopMap {rbp=Oop [40]=NarrowOop [48]=Oop [64]=NarrowOop [68]=NarrowOop [80]=Oop [88]=Oop [104]=Oop [144]=Oop [152]=Oop [160]=NarrowOop [176]=NarrowOop }
                      ;*invokevirtual length {reexecute=0 rethrow=0 return_oop=0}
                      ; - sun.nio.fs.WindowsPath::getPathForWin32Calls@15
                      ; - sun.nio.fs.WindowsPath::getPathForWin32Calls@2
                      ; - sun.nio.fs.WindowsFileSystemProvider::newFileChannel@41
                      ; - java.io.IoOverNioFileSystem::initializeStreamsUsingNio0@14
                      ; - java.io.IoOverNioFileSystem::initializeStreamUsingNio@15
                      ; - java.io.FileInputStream::<init>@197
                      ; - jdk.internal.loader.URLClassPath$FileLoader$1::getInputStream@8
                      ; - jdk.internal.loader.Resource::cachedInputStream@9
                      ; - jdk.internal.loader.Resource::getByteBuffer@1
                      ; - java.net.URLClassLoader::defineClass@132
                      ; - java.net.URLClassLoader$1::run@43
                      ; - java.net.URLClassLoader$1::run@1
  0x000002159eb373c8: b4cf 80ff 

  0x000002159eb373cc: ;   {other}
  0x000002159eb373cc: 0f1f 8400 | 3c95 00f1 | baf6 ffff | ff48 8b6c | 2458 448b | 5424 3044 | 8954 2428 | 4c8b 5424 
  0x000002159eb373ec: 484c 8954 | 2430 4c8b | 5424 404c | 8954 2438 | 448b 5424 | 5044 8954 | 2440 4c8b | 5424 784c 
  0x000002159eb3740c: 8954 2450 | 4c89 5424 | 5844 8b9c | 2480 0000 | 0044 895c | 2478 6690 

  0x000002159eb37424: ;   {runtime_call UncommonTrapBlob}
  0x000002159eb37424: c5f8 77e8 

  0x000002159eb37428: ; ImmutableOopMap {rbp=Oop [40]=NarrowOop [48]=Oop [64]=NarrowOop [80]=Oop [88]=Oop [104]=Oop [120]=NarrowOop [144]=Oop [152]=Oop [160]=NarrowOop [176]=NarrowOop }
                      ;*arraylength {reexecute=0 rethrow=0 return_oop=0}
                      ; - java.lang.String::length@4
                      ; - sun.nio.fs.WindowsPath::getPathForWin32Calls@15
                      ; - sun.nio.fs.WindowsPath::getPathForWin32Calls@2
                      ; - sun.nio.fs.WindowsFileSystemProvider::newFileChannel@41
                      ; - java.io.IoOverNioFileSystem::initializeStreamsUsingNio0@14
                      ; - java.io.IoOverNioFileSystem::initializeStreamUsingNio@15
                      ; - java.io.FileInputStream::<init>@197
                      ; - jdk.internal.loader.URLClassPath$FileLoader$1::getInputStream@8
                      ; - jdk.internal.loader.Resource::cachedInputStream@9
                      ; - jdk.internal.loader.Resource::getByteBuffer@1
                      ; - java.net.URLClassLoader::defineClass@132
                      ; - java.net.URLClassLoader$1::run@43
                      ; - java.net.URLClassLoader$1::run@1
  0x000002159eb37428: 54cf 80ff 

  0x000002159eb3742c: ;   {other}
  0x000002159eb3742c: 0f1f 8400 | 9c95 00f2 | baf6 ffff | ff48 8b6c | 2458 4c8b | 5424 4844 | 8b5c 2430 | 4489 5c24 
  0x000002159eb3744c: 284c 8954 | 2430 4c8b | 5424 404c | 8954 2438 | 448b 5c24 | 5044 895c | 2440 448b | 9424 8000 
  0x000002159eb3746c: 0000 4489 | 5424 7044 | 8954 2474 

  0x000002159eb37478: ;   {runtime_call UncommonTrapBlob}
  0x000002159eb37478: c5f8 77e8 

  0x000002159eb3747c: ; ImmutableOopMap {rbp=Oop [40]=NarrowOop [48]=Oop [64]=NarrowOop [104]=Oop [112]=NarrowOop [116]=NarrowOop [120]=Oop [176]=NarrowOop }
                      ;*arraylength {reexecute=0 rethrow=0 return_oop=0}
                      ; - java.lang.ThreadLocal$ThreadLocalMap::getEntry@8
                      ; - java.lang.ThreadLocal::get@12
                      ; - java.lang.ThreadLocal::get@4
                      ; - com.jetbrains.internal.IoOverNio::isAllowedInThisThread@9
                      ; - java.io.IoOverNioFileSystem::acquireNioFs@16
                      ; - java.io.IoOverNioFileSystem::isInvalid@4
                      ; - java.io.File::isInvalid@13
                      ; - java.io.FileInputStream::<init>@66
                      ; - jdk.internal.loader.URLClassPath$FileLoader$1::getInputStream@8
                      ; - jdk.internal.loader.Resource::cachedInputStream@9
                      ; - jdk.internal.loader.Resource::getByteBuffer@1
                      ; - java.net.URLClassLoader::defineClass@132
                      ; - java.net.URLClassLoader$1::run@43
                      ; - java.net.URLClassLoader$1::run@1
  0x000002159eb3747c: 00cf 80ff 

  0x000002159eb37480: ;   {other}
  0x000002159eb37480: 0f1f 8400 | f095 00f3 | baf6 ffff | ff48 8b6c | 2458 4c8b | 5424 4844 | 8b5c 2430 | 4489 5c24 
  0x000002159eb374a0: 284c 8954 | 2430 4c8b | 5424 404c | 8954 2438 | 448b 5c24 | 5044 895c | 2440 448b | 9424 8000 
  0x000002159eb374c0: 0000 4489 | 5424 7044 | 8954 2474 

  0x000002159eb374cc: ;   {runtime_call UncommonTrapBlob}
  0x000002159eb374cc: c5f8 77e8 

  0x000002159eb374d0: ; ImmutableOopMap {rbp=Oop [40]=NarrowOop [48]=Oop [64]=NarrowOop [104]=Oop [112]=NarrowOop [116]=NarrowOop [120]=Oop [176]=NarrowOop }
                      ;*invokevirtual equals {reexecute=0 rethrow=0 return_oop=0}
                      ; - java.io.IoOverNioFileSystem::isInvalid@30
                      ; - java.io.File::isInvalid@13
                      ; - java.io.FileInputStream::<init>@66
                      ; - jdk.internal.loader.URLClassPath$FileLoader$1::getInputStream@8
                      ; - jdk.internal.loader.Resource::cachedInputStream@9
                      ; - jdk.internal.loader.Resource::getByteBuffer@1
                      ; - java.net.URLClassLoader::defineClass@132
                      ; - java.net.URLClassLoader$1::run@43
                      ; - java.net.URLClassLoader$1::run@1
  0x000002159eb374d0: acce 80ff 

  0x000002159eb374d4: ;   {other}
  0x000002159eb374d4: 0f1f 8400 | 4496 00f4 | baf6 ffff | ff48 8b6c | 2458 448b | 5424 3044 | 8954 2428 | 4c8b 5424 
  0x000002159eb374f4: 484c 8954 | 2430 4c8b | 5424 404c | 8954 2438 | 448b 5424 | 5044 8954 | 2440 4c8b | 5424 784c 
  0x000002159eb37514: 8954 2450 | 4c89 5424 | 5844 8b94 | 2480 0000 | 0044 8954 | 2444 4c8b | 9424 9000 | 0000 4c89 
  0x000002159eb37534: 5424 7890 

  0x000002159eb37538: ;   {runtime_call UncommonTrapBlob}
  0x000002159eb37538: c5f8 77e8 

  0x000002159eb3753c: ; ImmutableOopMap {rbp=Oop [40]=NarrowOop [48]=Oop [64]=NarrowOop [68]=NarrowOop [80]=Oop [88]=Oop [104]=Oop [120]=Oop [176]=NarrowOop [296]=Oop }
                      ;*arraylength {reexecute=0 rethrow=0 return_oop=0}
                      ; - java.lang.StringLatin1::toChars@1
                      ; - java.lang.String::toCharArray@11
                      ; - sun.nio.fs.WindowsNativeDispatcher::asNativeBuffer@58
                      ; - sun.nio.fs.WindowsNativeDispatcher::GetFileAttributesEx@1
                      ; - sun.nio.fs.WindowsFileAttributes::get@26
                      ; - sun.nio.fs.WindowsFileAttributeViews$Basic::readAttributes@15
                      ; - sun.nio.fs.WindowsFileAttributeViews$Basic::readAttributes@1
                      ; - sun.nio.fs.WindowsFileSystemProvider::readAttributes@57
                      ; - java.nio.file.spi.FileSystemProvider::readAttributesIfExists@4
                      ; - java.nio.file.Files::isRegularFile@9
                      ; - java.io.FileInputStream::<init>@136
                      ; - jdk.internal.loader.URLClassPath$FileLoader$1::getInputStream@8
                      ; - jdk.internal.loader.Resource::cachedInputStream@9
                      ; - jdk.internal.loader.Resource::getByteBuffer@1
                      ; - java.net.URLClassLoader::defineClass@132
                      ; - java.net.URLClassLoader$1::run@43
                      ; - java.net.URLClassLoader$1::run@1
  0x000002159eb3753c: 40ce 80ff 

  0x000002159eb37540: ;   {other}
  0x000002159eb37540: 0f1f 8400 | b096 00f5 | baf6 ffff | ff48 8b6c | 2458 4c8b | 5424 4844 | 8b5c 2430 | 4489 5c24 
  0x000002159eb37560: 284c 8954 | 2430 4c8b | 5424 404c | 8954 2438 | 448b 5c24 | 5044 895c | 2440 4c8b | 5424 784c 
  0x000002159eb37580: 8954 2450 | 4c89 5424 | 5844 8b9c | 2480 0000 | 0044 895c | 2478 6690 

  0x000002159eb37598: ;   {runtime_call UncommonTrapBlob}
  0x000002159eb37598: c5f8 77e8 

  0x000002159eb3759c: ; ImmutableOopMap {rbp=Oop [40]=NarrowOop [48]=Oop [64]=NarrowOop [80]=Oop [88]=Oop [104]=Oop [120]=NarrowOop [144]=Oop [160]=NarrowOop [176]=NarrowOop }
                      ;*getfield e1 {reexecute=1 rethrow=0 return_oop=0}
                      ; - (reexecute) java.util.ImmutableCollections$Set12$1::next@23
                      ; - sun.nio.fs.WindowsChannelFactory$Flags::toFlags@25
                      ; - sun.nio.fs.WindowsChannelFactory::newFileChannel@1
                      ; - sun.nio.fs.WindowsFileSystemProvider::newFileChannel@55
                      ; - java.io.IoOverNioFileSystem::initializeStreamsUsingNio0@14
                      ; - java.io.IoOverNioFileSystem::initializeStreamUsingNio@15
                      ; - java.io.FileInputStream::<init>@197
                      ; - jdk.internal.loader.URLClassPath$FileLoader$1::getInputStream@8
                      ; - jdk.internal.loader.Resource::cachedInputStream@9
                      ; - jdk.internal.loader.Resource::getByteBuffer@1
                      ; - java.net.URLClassLoader::defineClass@132
                      ; - java.net.URLClassLoader$1::run@43
                      ; - java.net.URLClassLoader$1::run@1
  0x000002159eb3759c: e0cd 80ff 

  0x000002159eb375a0: ;   {other}
  0x000002159eb375a0: 0f1f 8400 | 1097 00f6 | ba45 ffff | ff48 8b6c | 2458 448b | 5c24 3044 | 895c 2428 | 4c8b 5c24 
  0x000002159eb375c0: 484c 895c | 2430 4c8b | 5c24 404c | 895c 2438 | 448b 5c24 | 5044 895c | 2440 4c89 | 4c24 6844 
  0x000002159eb375e0: 8954 2470 

  0x000002159eb375e4: ;   {runtime_call UncommonTrapBlob}
  0x000002159eb375e4: c5f8 77e8 

  0x000002159eb375e8: ; ImmutableOopMap {rbp=Oop [40]=NarrowOop [48]=Oop [64]=NarrowOop [104]=Oop [112]=NarrowOop [120]=Oop [176]=NarrowOop }
                      ;*ifnull {reexecute=1 rethrow=0 return_oop=0}
                      ; - (reexecute) java.io.FileInputStream::<init>@28
                      ; - jdk.internal.loader.URLClassPath$FileLoader$1::getInputStream@8
                      ; - jdk.internal.loader.Resource::cachedInputStream@9
                      ; - jdk.internal.loader.Resource::getByteBuffer@1
                      ; - java.net.URLClassLoader::defineClass@132
                      ; - java.net.URLClassLoader$1::run@43
                      ; - java.net.URLClassLoader$1::run@1
  0x000002159eb375e8: 94cd 80ff 

  0x000002159eb375ec: ;   {other}
  0x000002159eb375ec: 0f1f 8400 | 5c97 00f7 | baf6 ffff | ff48 8b6c | 2458 448b | 5424 3044 | 8954 2428 | 4c8b 5424 
  0x000002159eb3760c: 484c 8954 | 2430 4c8b | 5424 404c | 8954 2438 | 448b 5424 | 5044 8954 | 2440 4c8b | 5424 784c 
  0x000002159eb3762c: 8954 2450 | 4c89 5424 | 5844 8b9c | 2480 0000 | 0044 895c | 2478 6690 

  0x000002159eb37644: ;   {runtime_call UncommonTrapBlob}
  0x000002159eb37644: c5f8 77e8 

  0x000002159eb37648: ; ImmutableOopMap {rbp=Oop [40]=NarrowOop [48]=Oop [64]=NarrowOop [80]=Oop [88]=Oop [104]=Oop [120]=NarrowOop [144]=Oop [160]=NarrowOop [176]=NarrowOop }
                      ;*getfield e0 {reexecute=1 rethrow=0 return_oop=0}
                      ; - (reexecute) java.util.ImmutableCollections$Set12$1::next@83
                      ; - sun.nio.fs.WindowsChannelFactory$Flags::toFlags@25
                      ; - sun.nio.fs.WindowsChannelFactory::newFileChannel@1
                      ; - sun.nio.fs.WindowsFileSystemProvider::newFileChannel@55
                      ; - java.io.IoOverNioFileSystem::initializeStreamsUsingNio0@14
                      ; - java.io.IoOverNioFileSystem::initializeStreamUsingNio@15
                      ; - java.io.FileInputStream::<init>@197
                      ; - jdk.internal.loader.URLClassPath$FileLoader$1::getInputStream@8
                      ; - jdk.internal.loader.Resource::cachedInputStream@9
                      ; - jdk.internal.loader.Resource::getByteBuffer@1
                      ; - java.net.URLClassLoader::defineClass@132
                      ; - java.net.URLClassLoader$1::run@43
                      ; - java.net.URLClassLoader$1::run@1
  0x000002159eb37648: 34cd 80ff 

  0x000002159eb3764c: ;   {other}
  0x000002159eb3764c: 0f1f 8400 | bc97 00f8 | ba97 ffff | ff48 8b6c | 2448 448b | 5424 3044 | 8954 2428 | 4c8b 5424 
  0x000002159eb3766c: 404c 8954 | 2438 6690 

  0x000002159eb37674: ;   {runtime_call UncommonTrapBlob}
  0x000002159eb37674: c5f8 77e8 

  0x000002159eb37678: ; ImmutableOopMap {rbp=Oop [40]=NarrowOop [96]=Oop [104]=NarrowOop [112]=NarrowOop [116]=NarrowOop [128]=Oop }
                      ;*invokevirtual clone {reexecute=1 rethrow=0 return_oop=0}
                      ; - (reexecute) java.util.Arrays::copyOfRange@18
                      ; - java.lang.StringLatin1::newString@16
                      ; - java.lang.String::substring@41
                      ; - java.net.URLClassLoader::defineClass@28
                      ; - java.net.URLClassLoader$1::run@43
                      ; - java.net.URLClassLoader$1::run@1
  0x000002159eb37678: 04cd 80ff 

  0x000002159eb3767c: ;   {other}
  0x000002159eb3767c: 0f1f 8400 | ec97 00f9 | 488b d844 | 8b58 0849 | ba00 0000 | 0008 0000 | 004d 03d3 | 48ff 7424 
  0x000002159eb3769c: 4848 8f44 | 2420 e923 | efff ffe9 | 1fe8 ffff | baf6 ffff | ff48 8b6c | 2458 4c8b | 5424 4844 
  0x000002159eb376bc: 8b5c 2430 | 4489 5c24 | 284c 8954 | 2430 4c8b | 5424 404c | 8954 2438 | 448b 5c24 | 5044 895c 
  0x000002159eb376dc: 2440 448b | 9c24 8000 | 0000 4489 | 5c24 7044 | 895c 2474 

  0x000002159eb376f0: ;   {runtime_call UncommonTrapBlob}
  0x000002159eb376f0: c5f8 77e8 

  0x000002159eb376f4: ; ImmutableOopMap {rbp=Oop [40]=NarrowOop [48]=Oop [64]=NarrowOop [104]=Oop [112]=NarrowOop [116]=NarrowOop [120]=Oop [176]=NarrowOop }
                      ;*invokevirtual isInvalid {reexecute=0 rethrow=0 return_oop=0}
                      ; - java.io.IoOverNioFileSystem::isInvalid@61
                      ; - java.io.File::isInvalid@13
                      ; - java.io.FileInputStream::<init>@66
                      ; - jdk.internal.loader.URLClassPath$FileLoader$1::getInputStream@8
                      ; - jdk.internal.loader.Resource::cachedInputStream@9
                      ; - jdk.internal.loader.Resource::getByteBuffer@1
                      ; - java.net.URLClassLoader::defineClass@132
                      ; - java.net.URLClassLoader$1::run@43
                      ; - java.net.URLClassLoader$1::run@1
  0x000002159eb376f4: 88cc 80ff 

  0x000002159eb376f8: ;   {other}
  0x000002159eb376f8: 0f1f 8400 | 6898 00fa | 488b d8e9 | 25ed ffff | 488b d8e9 | 1ded ffff | 488b d8e9 | 15ed ffff 
  0x000002159eb37718: 4c8b d0e9 | a7e9 ffff | 488b d844 | 8b50 0849 | bb00 0000 | 0008 0000 | 004d 03da | e91d e9ff 
  0x000002159eb37738: ff48 8bd8 | e9ec ecff | ffe9 30e8 | ffff e92b | e8ff ff44 | 8b50 0849 | bb00 0000 | 0008 0000 
  0x000002159eb37758: 004d 03da | 4d8b 5348 

  0x000002159eb37760: ;   {metadata('java/io/IOException')}
  0x000002159eb37760: 49bb 58d4 | 0900 0800 | 0000 4d3b | d30f 8599 | e8ff ff48 | 8984 24b8 | 0000 004c | 8b94 24e0 
  0x000002159eb37780: 0000 00e9 | 67ea ffff | 448b 5008 | 49bb 0000 | 0000 0800 | 0000 4d03 | da4d 8b53 

  0x000002159eb3779c: ;   {metadata('java/io/IOException')}
  0x000002159eb3779c: 4849 bb58 | d409 0008 | 0000 004d | 3bd3 0f85 | 5ce8 ffff | 4889 8424 | b800 0000 | 4c8b 9424 
  0x000002159eb377bc: e000 0000 | e92a eaff | ff4c 8bd0 | e9e6 eaff | ffe9 3ae8 | ffff 448b | 5808 49ba | 0000 0000 
  0x000002159eb377dc: 0800 0000 | 4d03 d34d 

  0x000002159eb377e4: ;   {metadata('java/io/IOException')}
  0x000002159eb377e4: 8b52 4849 | bb58 d409 | 0008 0000 | 004d 3bd3 | 0f84 3eea | ffff e90d | e8ff ff48 | 8be8 e9e6 
  0x000002159eb37804: e8ff ff44 | 8b40 0849 | bb00 0000 | 0008 0000 | 004d 03d8 | e9ff e8ff | ffe9 a9e6 | ffff 448b 
  0x000002159eb37824: 4008 49bb | 0000 0000 | 0800 0000 | 4d03 d8e9 | e4e8 ffff | e9d4 f1ff | ffe9 cff1 | ffff 488b 
  0x000002159eb37844: d8e9 0deb | ffff e9c2 | f1ff ff4c | 8bd0 448b | 4808 49b8 | 0000 0000 | 0800 0000 | 4d03 c1e9 
  0x000002159eb37864: c8f0 ffff | 4c8b d044 | 8b40 0849 | b900 0000 | 0008 0000 | 004d 03c8 | e974 f1ff | ff4c 8bd0 
  0x000002159eb37884: 448b 4008 

  0x000002159eb37888: ;   {metadata('sun/nio/fs/WindowsException')}
  0x000002159eb37888: 4181 f840 | 730e 0075 | 0d4c 8994 | 24d0 0000 | 00e9 bbf1 | ffff 49b9 | 0000 0000 | 0800 0000 
  0x000002159eb378a8: 4d03 c8e9 | 45f1 ffff | e95c f1ff 

  0x000002159eb378b4: ;   {internal_word}
  0x000002159eb378b4: ff49 bad7 | f7b2 9e15 | 0200 004d | 8997 6004 

  0x000002159eb378c4: ;   {runtime_call SafepointBlob}
  0x000002159eb378c4: 0000 e9b5 

  0x000002159eb378c8: ;   {runtime_call StubRoutines (final stubs)}
  0x000002159eb378c8: db80 ffe8 | 103a 7fff | e9e9 70ff | fff4 f4f4 
[Stub Code]
  0x000002159eb378d8: ;   {no_reloc}
  0x000002159eb378d8: 48bb 0000 | 0000 0000 

  0x000002159eb378e0: ;   {runtime_call nmethod}
  0x000002159eb378e0: 0000 e9fb 

  0x000002159eb378e4: ;   {static_stub}
  0x000002159eb378e4: ffff ff48 | bb00 0000 | 0000 0000 

  0x000002159eb378f0: ;   {runtime_call nmethod}
  0x000002159eb378f0: 00e9 fbff 

  0x000002159eb378f4: ;   {static_stub}
  0x000002159eb378f4: ffff 48bb | 0000 0000 | 0000 0000 

  0x000002159eb37900: ;   {runtime_call nmethod}
  0x000002159eb37900: e9fb ffff 

  0x000002159eb37904: ;   {static_stub}
  0x000002159eb37904: ff48 bb00 | 0000 0000 

  0x000002159eb3790c: ;   {runtime_call nmethod}
  0x000002159eb3790c: 0000 00e9 | fbff ffff 

  0x000002159eb37914: ;   {static_stub}
  0x000002159eb37914: 48bb 0000 | 0000 0000 

  0x000002159eb3791c: ;   {runtime_call nmethod}
  0x000002159eb3791c: 0000 e9fb 

  0x000002159eb37920: ;   {static_stub}
  0x000002159eb37920: ffff ff48 | bb00 0000 | 0000 0000 

  0x000002159eb3792c: ;   {runtime_call nmethod}
  0x000002159eb3792c: 00e9 fbff 

  0x000002159eb37930: ;   {static_stub}
  0x000002159eb37930: ffff 48bb | 0000 0000 | 0000 0000 

  0x000002159eb3793c: ;   {runtime_call nmethod}
  0x000002159eb3793c: e9fb ffff 

  0x000002159eb37940: ;   {static_stub}
  0x000002159eb37940: ff48 bb00 | 0000 0000 

  0x000002159eb37948: ;   {runtime_call nmethod}
  0x000002159eb37948: 0000 00e9 | fbff ffff 

  0x000002159eb37950: ;   {static_stub}
  0x000002159eb37950: 48bb 0000 | 0000 0000 

  0x000002159eb37958: ;   {runtime_call nmethod}
  0x000002159eb37958: 0000 e9fb 

  0x000002159eb3795c: ;   {static_stub}
  0x000002159eb3795c: ffff ff48 | bb00 0000 | 0000 0000 

  0x000002159eb37968: ;   {runtime_call nmethod}
  0x000002159eb37968: 00e9 fbff 

  0x000002159eb3796c: ;   {static_stub}
  0x000002159eb3796c: ffff 48bb | 0000 0000 | 0000 0000 

  0x000002159eb37978: ;   {runtime_call nmethod}
  0x000002159eb37978: e9fb ffff 

  0x000002159eb3797c: ;   {static_stub}
  0x000002159eb3797c: ff48 bb00 | 0000 0000 

  0x000002159eb37984: ;   {runtime_call nmethod}
  0x000002159eb37984: 0000 00e9 | fbff ffff 

  0x000002159eb3798c: ;   {static_stub}
  0x000002159eb3798c: 48bb 0000 | 0000 0000 

  0x000002159eb37994: ;   {runtime_call nmethod}
  0x000002159eb37994: 0000 e9fb 

  0x000002159eb37998: ;   {static_stub}
  0x000002159eb37998: ffff ff48 | bb00 0000 | 0000 0000 

  0x000002159eb379a4: ;   {runtime_call nmethod}
  0x000002159eb379a4: 00e9 fbff 

  0x000002159eb379a8: ;   {static_stub}
  0x000002159eb379a8: ffff 48bb | 0000 0000 | 0000 0000 

  0x000002159eb379b4: ;   {runtime_call nmethod}
  0x000002159eb379b4: e9fb ffff 

  0x000002159eb379b8: ;   {static_stub}
  0x000002159eb379b8: ff48 bb00 | b52e bc15 

  0x000002159eb379c0: ;   {runtime_call I2C/C2I adapters}
  0x000002159eb379c0: 0200 00e9 | 9bba 80ff 

  0x000002159eb379c8: ;   {static_stub}
  0x000002159eb379c8: 48bb 0000 | 0000 0000 

  0x000002159eb379d0: ;   {runtime_call nmethod}
  0x000002159eb379d0: 0000 e9fb 

  0x000002159eb379d4: ;   {static_stub}
  0x000002159eb379d4: ffff ff48 | bb00 0000 | 0000 0000 

  0x000002159eb379e0: ;   {runtime_call nmethod}
  0x000002159eb379e0: 00e9 fbff 

  0x000002159eb379e4: ;   {static_stub}
  0x000002159eb379e4: ffff 48bb | 0000 0000 | 0000 0000 

  0x000002159eb379f0: ;   {runtime_call nmethod}
  0x000002159eb379f0: e9fb ffff 

  0x000002159eb379f4: ;   {static_stub}
  0x000002159eb379f4: ff48 bb00 | 0000 0000 

  0x000002159eb379fc: ;   {runtime_call nmethod}
  0x000002159eb379fc: 0000 00e9 | fbff ffff 

  0x000002159eb37a04: ;   {static_stub}
  0x000002159eb37a04: 48bb 0000 | 0000 0000 

  0x000002159eb37a0c: ;   {runtime_call nmethod}
  0x000002159eb37a0c: 0000 e9fb 

  0x000002159eb37a10: ;   {static_stub}
  0x000002159eb37a10: ffff ff48 | bb00 0000 | 0000 0000 

  0x000002159eb37a1c: ;   {runtime_call nmethod}
  0x000002159eb37a1c: 00e9 fbff 

  0x000002159eb37a20: ;   {static_stub}
  0x000002159eb37a20: ffff 48bb | 0000 0000 | 0000 0000 

  0x000002159eb37a2c: ;   {runtime_call nmethod}
  0x000002159eb37a2c: e9fb ffff 

  0x000002159eb37a30: ;   {static_stub}
  0x000002159eb37a30: ff48 bb00 | 0000 0000 

  0x000002159eb37a38: ;   {runtime_call nmethod}
  0x000002159eb37a38: 0000 00e9 | fbff ffff 

  0x000002159eb37a40: ;   {static_stub}
  0x000002159eb37a40: 48bb 0000 | 0000 0000 

  0x000002159eb37a48: ;   {runtime_call nmethod}
  0x000002159eb37a48: 0000 e9fb 

  0x000002159eb37a4c: ;   {static_stub}
  0x000002159eb37a4c: ffff ff48 | bb00 0000 | 0000 0000 

  0x000002159eb37a58: ;   {runtime_call nmethod}
  0x000002159eb37a58: 00e9 fbff 

  0x000002159eb37a5c: ;   {static_stub}
  0x000002159eb37a5c: ffff 48bb | 0000 0000 | 0000 0000 

  0x000002159eb37a68: ;   {runtime_call nmethod}
  0x000002159eb37a68: e9fb ffff 

  0x000002159eb37a6c: ;   {static_stub}
  0x000002159eb37a6c: ff48 bb00 | 0000 0000 

  0x000002159eb37a74: ;   {runtime_call nmethod}
  0x000002159eb37a74: 0000 00e9 | fbff ffff 

  0x000002159eb37a7c: ;   {static_stub}
  0x000002159eb37a7c: 48bb 0000 | 0000 0000 

  0x000002159eb37a84: ;   {runtime_call nmethod}
  0x000002159eb37a84: 0000 e9fb 

  0x000002159eb37a88: ;   {static_stub}
  0x000002159eb37a88: ffff ff48 | bb00 0000 | 0000 0000 

  0x000002159eb37a94: ;   {runtime_call nmethod}
  0x000002159eb37a94: 00e9 fbff 

  0x000002159eb37a98: ;   {static_stub}
  0x000002159eb37a98: ffff 48bb | 0000 0000 | 0000 0000 

  0x000002159eb37aa4: ;   {runtime_call nmethod}
  0x000002159eb37aa4: e9fb ffff 

  0x000002159eb37aa8: ;   {static_stub}
  0x000002159eb37aa8: ff48 bb00 | 0000 0000 

  0x000002159eb37ab0: ;   {runtime_call nmethod}
  0x000002159eb37ab0: 0000 00e9 | fbff ffff 

  0x000002159eb37ab8: ;   {static_stub}
  0x000002159eb37ab8: 48bb 0000 | 0000 0000 

  0x000002159eb37ac0: ;   {runtime_call nmethod}
  0x000002159eb37ac0: 0000 e9fb 

  0x000002159eb37ac4: ;   {static_stub}
  0x000002159eb37ac4: ffff ff48 | bb00 0000 | 0000 0000 

  0x000002159eb37ad0: ;   {runtime_call nmethod}
  0x000002159eb37ad0: 00e9 fbff 

  0x000002159eb37ad4: ;   {static_stub}
  0x000002159eb37ad4: ffff 48bb | 0000 0000 | 0000 0000 

  0x000002159eb37ae0: ;   {runtime_call nmethod}
  0x000002159eb37ae0: e9fb ffff 

  0x000002159eb37ae4: ;   {static_stub}
  0x000002159eb37ae4: ff48 bb00 | 0000 0000 

  0x000002159eb37aec: ;   {runtime_call nmethod}
  0x000002159eb37aec: 0000 00e9 | fbff ffff 

  0x000002159eb37af4: ;   {static_stub}
  0x000002159eb37af4: 48bb 0000 | 0000 0000 

  0x000002159eb37afc: ;   {runtime_call nmethod}
  0x000002159eb37afc: 0000 e9fb 

  0x000002159eb37b00: ;   {static_stub}
  0x000002159eb37b00: ffff ff48 | bb00 0000 | 0000 0000 

  0x000002159eb37b0c: ;   {runtime_call nmethod}
  0x000002159eb37b0c: 00e9 fbff 

  0x000002159eb37b10: ;   {static_stub}
  0x000002159eb37b10: ffff 48bb | 0000 0000 | 0000 0000 

  0x000002159eb37b1c: ;   {runtime_call nmethod}
  0x000002159eb37b1c: e9fb ffff 

  0x000002159eb37b20: ;   {static_stub}
  0x000002159eb37b20: ff48 bb28 | 9758 bc15 

  0x000002159eb37b28: ;   {runtime_call I2C/C2I adapters}
  0x000002159eb37b28: 0200 00e9 | 33b9 80ff 

  0x000002159eb37b30: ;   {static_stub}
  0x000002159eb37b30: 48bb 0000 | 0000 0000 

  0x000002159eb37b38: ;   {runtime_call nmethod}
  0x000002159eb37b38: 0000 e9fb 

  0x000002159eb37b3c: ;   {static_stub}
  0x000002159eb37b3c: ffff ff48 | bb00 0000 | 0000 0000 

  0x000002159eb37b48: ;   {runtime_call nmethod}
  0x000002159eb37b48: 00e9 fbff 

  0x000002159eb37b4c: ;   {static_stub}
  0x000002159eb37b4c: ffff 48bb | 0000 0000 | 0000 0000 

  0x000002159eb37b58: ;   {runtime_call nmethod}
  0x000002159eb37b58: e9fb ffff 

  0x000002159eb37b5c: ;   {static_stub}
  0x000002159eb37b5c: ff48 bb00 | 0000 0000 

  0x000002159eb37b64: ;   {runtime_call nmethod}
  0x000002159eb37b64: 0000 00e9 | fbff ffff 

  0x000002159eb37b6c: ;   {static_stub}
  0x000002159eb37b6c: 48bb 0000 | 0000 0000 

  0x000002159eb37b74: ;   {runtime_call nmethod}
  0x000002159eb37b74: 0000 e9fb 

  0x000002159eb37b78: ;   {static_stub}
  0x000002159eb37b78: ffff ff48 | bb00 0000 | 0000 0000 

  0x000002159eb37b84: ;   {runtime_call nmethod}
  0x000002159eb37b84: 00e9 fbff 

  0x000002159eb37b88: ;   {static_stub}
  0x000002159eb37b88: ffff 48bb | 0000 0000 | 0000 0000 

  0x000002159eb37b94: ;   {runtime_call nmethod}
  0x000002159eb37b94: e9fb ffff 

  0x000002159eb37b98: ;   {static_stub}
  0x000002159eb37b98: ff48 bb00 | 0000 0000 

  0x000002159eb37ba0: ;   {runtime_call nmethod}
  0x000002159eb37ba0: 0000 00e9 | fbff ffff 

  0x000002159eb37ba8: ;   {static_stub}
  0x000002159eb37ba8: 48bb b8ad | 54bc 1502 

  0x000002159eb37bb0: ;   {runtime_call I2C/C2I adapters}
  0x000002159eb37bb0: 0000 e928 

  0x000002159eb37bb4: ;   {static_stub}
  0x000002159eb37bb4: 6380 ff48 | bb18 a454 | bc15 0200 

  0x000002159eb37bc0: ;   {runtime_call I2C/C2I adapters}
  0x000002159eb37bc0: 00e9 9db8 

  0x000002159eb37bc4: ;   {static_stub}
  0x000002159eb37bc4: 80ff 48bb | 68ae 54bc | 1502 0000 

  0x000002159eb37bd0: ;   {runtime_call I2C/C2I adapters}
  0x000002159eb37bd0: e98e b880 

  0x000002159eb37bd4: ;   {static_stub}
  0x000002159eb37bd4: ff48 bb00 | 0000 0000 

  0x000002159eb37bdc: ;   {runtime_call nmethod}
  0x000002159eb37bdc: 0000 00e9 | fbff ffff 

  0x000002159eb37be4: ;   {static_stub}
  0x000002159eb37be4: 48bb 0000 | 0000 0000 

  0x000002159eb37bec: ;   {runtime_call nmethod}
  0x000002159eb37bec: 0000 e9fb 

  0x000002159eb37bf0: ;   {static_stub}
  0x000002159eb37bf0: ffff ff48 | bb00 0000 | 0000 0000 

  0x000002159eb37bfc: ;   {runtime_call nmethod}
  0x000002159eb37bfc: 00e9 fbff 

  0x000002159eb37c00: ;   {static_stub}
  0x000002159eb37c00: ffff 48bb | 0000 0000 | 0000 0000 

  0x000002159eb37c0c: ;   {runtime_call nmethod}
  0x000002159eb37c0c: e9fb ffff 

  0x000002159eb37c10: ;   {static_stub}
  0x000002159eb37c10: ff48 bb00 | 0000 0000 

  0x000002159eb37c18: ;   {runtime_call nmethod}
  0x000002159eb37c18: 0000 00e9 | fbff ffff 

  0x000002159eb37c20: ;   {static_stub}
  0x000002159eb37c20: 48bb 0000 | 0000 0000 

  0x000002159eb37c28: ;   {runtime_call nmethod}
  0x000002159eb37c28: 0000 e9fb 

  0x000002159eb37c2c: ;   {static_stub}
  0x000002159eb37c2c: ffff ff48 | bb00 0000 | 0000 0000 

  0x000002159eb37c38: ;   {runtime_call nmethod}
  0x000002159eb37c38: 00e9 fbff 

  0x000002159eb37c3c: ;   {static_stub}
  0x000002159eb37c3c: ffff 48bb | 0000 0000 | 0000 0000 

  0x000002159eb37c48: ;   {runtime_call nmethod}
  0x000002159eb37c48: e9fb ffff 

  0x000002159eb37c4c: ;   {static_stub}
  0x000002159eb37c4c: ff48 bb00 | 0000 0000 

  0x000002159eb37c54: ;   {runtime_call nmethod}
  0x000002159eb37c54: 0000 00e9 | fbff ffff 

  0x000002159eb37c5c: ;   {static_stub}
  0x000002159eb37c5c: 48bb 0000 | 0000 0000 

  0x000002159eb37c64: ;   {runtime_call nmethod}
  0x000002159eb37c64: 0000 e9fb 

  0x000002159eb37c68: ;   {static_stub}
  0x000002159eb37c68: ffff ff48 | bb00 0000 | 0000 0000 

  0x000002159eb37c74: ;   {runtime_call nmethod}
  0x000002159eb37c74: 00e9 fbff 

  0x000002159eb37c78: ;   {static_stub}
  0x000002159eb37c78: ffff 48bb | 0000 0000 | 0000 0000 

  0x000002159eb37c84: ;   {runtime_call nmethod}
  0x000002159eb37c84: e9fb ffff 

  0x000002159eb37c88: ;   {static_stub}
  0x000002159eb37c88: ff48 bb00 | 0000 0000 

  0x000002159eb37c90: ;   {runtime_call nmethod}
  0x000002159eb37c90: 0000 00e9 | fbff ffff 

  0x000002159eb37c98: ;   {static_stub}
  0x000002159eb37c98: 48bb 0000 | 0000 0000 

  0x000002159eb37ca0: ;   {runtime_call nmethod}
  0x000002159eb37ca0: 0000 e9fb 

  0x000002159eb37ca4: ;   {static_stub}
  0x000002159eb37ca4: ffff ff48 | bb00 0000 | 0000 0000 

  0x000002159eb37cb0: ;   {runtime_call nmethod}
  0x000002159eb37cb0: 00e9 fbff 

  0x000002159eb37cb4: ;   {static_stub}
  0x000002159eb37cb4: ffff 48bb | 0000 0000 | 0000 0000 

  0x000002159eb37cc0: ;   {runtime_call nmethod}
  0x000002159eb37cc0: e9fb ffff 

  0x000002159eb37cc4: ;   {static_stub}
  0x000002159eb37cc4: ff48 bb00 | 0000 0000 

  0x000002159eb37ccc: ;   {runtime_call nmethod}
  0x000002159eb37ccc: 0000 00e9 | fbff ffff 

  0x000002159eb37cd4: ;   {static_stub}
  0x000002159eb37cd4: 48bb 0000 | 0000 0000 

  0x000002159eb37cdc: ;   {runtime_call nmethod}
  0x000002159eb37cdc: 0000 e9fb 

  0x000002159eb37ce0: ;   {runtime_call ExceptionBlob}
  0x000002159eb37ce0: ffff ffe9 | 183b 8cff 
[Deopt Handler Code]
  0x000002159eb37ce8: e800 0000 | 0048 832c 

  0x000002159eb37cf0: ;   {runtime_call DeoptimizationBlob}
  0x000002159eb37cf0: 2405 e929 | ca80 fff4 
[/MachCode]


---------------  P R O C E S S  ---------------

Threads class SMR info:
_java_thread_list=0x00000215c77b5dc0, length=156, elements={
0x000002158b45d330, 0x00000215bb750ea0, 0x00000215bb777900, 0x00000215bb78caa0,
0x00000215bb7aa870, 0x00000215bb7ab2d0, 0x00000215bb7abd30, 0x00000215bb790b30,
0x00000215bb793480, 0x00000215bb7acf30, 0x00000215bbaae4d0, 0x00000215c16adf10,
0x00000215c22fc9f0, 0x00000215c14528f0, 0x00000215c226c330, 0x00000215c226bca0,
0x00000215c226d6e0, 0x00000215c226ea90, 0x00000215c226dd70, 0x00000215c226e400,
0x00000215c226f120, 0x00000215c226c9c0, 0x00000215c25c4b30, 0x00000215c25c6c00,
0x00000215c25c5ee0, 0x00000215c25c3780, 0x00000215c25c3e10, 0x00000215c25c7290,
0x00000215c25c7fb0, 0x00000215c25c5850, 0x00000215c25ca080, 0x00000215c25c8cd0,
0x00000215c25ca710, 0x00000215c6b79a80, 0x00000215c6b7b4c0, 0x00000215c6b7bb50,
0x00000215c6b7a7a0, 0x00000215c6b793f0, 0x00000215c6b7a110, 0x00000215c6b7ae30,
0x00000215c6b7c1e0, 0x00000215c6b78d60, 0x00000215c6b7dc20, 0x00000215c6b7e940,
0x00000215c6b7cf00, 0x00000215c6b7d590, 0x00000215c6b7efd0, 0x00000215c6b7f660,
0x00000215c6b7e2b0, 0x00000215c6b7fcf0, 0x00000215c6b7c870, 0x00000215c6b80380,
0x00000215c02d5d90, 0x00000215c02d77d0, 0x00000215c02d84f0, 0x00000215c02d98a0,
0x00000215c02dd3b0, 0x00000215c02db2e0, 0x00000215c02db970, 0x00000215c02dc000,
0x00000215c02dc690, 0x00000215c02dcd20, 0x00000215c3b70f50, 0x00000215c3b72300,
0x00000215c3b70230, 0x00000215c3b715e0, 0x00000215c3b73020, 0x00000215c3b708c0,
0x00000215c3b736b0, 0x00000215c3b72990, 0x00000215c3b71c70, 0x00000215c3b743d0,
0x00000215c3b73d40, 0x00000215c3b74a60, 0x00000215c3b750f0, 0x00000215c3b77850,
0x00000215c3b75780, 0x00000215c3b764a0, 0x00000215c3b75e10, 0x00000215c3b771c0,
0x00000215c3b76b30, 0x00000215c03ae1a0, 0x00000215c03ae830, 0x00000215c03aeec0,
0x00000215c03b1cb0, 0x00000215c03b0f90, 0x00000215c03b1620, 0x00000215c03b2340,
0x00000215c03af550, 0x00000215c03b0900, 0x00000215c03b3060, 0x00000215c03b0270,
0x00000215c03afbe0, 0x00000215c03b4410, 0x00000215c03b57c0, 0x00000215c03b36f0,
0x00000215c03b3d80, 0x00000215c03b4aa0, 0x00000215c03b5130, 0x00000215c1950950,
0x00000215c1951670, 0x00000215c194f5a0, 0x00000215c1952390, 0x00000215c19502c0,
0x00000215c194fc30, 0x00000215c194ef10, 0x00000215c1954460, 0x00000215c1955180,
0x00000215c1953dd0, 0x00000215c1952a20, 0x00000215c0438d90, 0x00000215c043bb80,
0x00000215c043ae60, 0x00000215c043a140, 0x00000215c043a7d0, 0x00000215c0438700,
0x00000215c043c210, 0x00000215c0439420, 0x00000215c043fd20, 0x00000215c043f690,
0x00000215c043dc50, 0x00000215c043e970, 0x00000215c043f000, 0x00000215c043c8a0,
0x00000215c043d5c0, 0x00000215c043e2e0, 0x00000215c4a2f210, 0x00000215c4a2bd90,
0x00000215c4a2d7d0, 0x00000215c4a2c420, 0x00000215c4a2f8a0, 0x00000215c4a2ff30,
0x00000215c4a2e4f0, 0x00000215c4a2cab0, 0x00000215c4a361a0, 0x00000215c4a35480,
0x00000215c4a35b10, 0x00000215c4a37be0, 0x00000215c4a38270, 0x00000215c4a34df0,
0x00000215c4a3a9d0, 0x00000215c4507600, 0x00000215c4507c90, 0x00000215c4508320,
0x00000215c4504ea0, 0x00000215c4505bc0, 0x00000215c450b7a0, 0x00000215c450d1e0,
0x00000215c450c4c0, 0x00000215c450e590, 0x00000215c450cb50, 0x00000215c450b110,
0x00000215c450ec20, 0x00000215c4511380, 0x00000215cdff6070, 0x00000215cdff59a0
}

Java Threads: ( => current thread )
  0x000002158b45d330 JavaThread "main"                              [_thread_blocked, id=45136, stack(0x000000e9a3600000,0x000000e9a3700000) (1024K)]
  0x00000215bb750ea0 JavaThread "Common-Cleaner"             daemon [_thread_blocked, id=46176, stack(0x000000e9a3e00000,0x000000e9a3f00000) (1024K)]
  0x00000215bb777900 JavaThread "Reference Handler"          daemon [_thread_blocked, id=21560, stack(0x000000e9a3f00000,0x000000e9a4000000) (1024K)]
  0x00000215bb78caa0 JavaThread "Finalizer"                  daemon [_thread_blocked, id=45380, stack(0x000000e9a4000000,0x000000e9a4100000) (1024K)]
  0x00000215bb7aa870 JavaThread "Signal Dispatcher"          daemon [_thread_blocked, id=31000, stack(0x000000e9a4100000,0x000000e9a4200000) (1024K)]
  0x00000215bb7ab2d0 JavaThread "Attach Listener"            daemon [_thread_blocked, id=11372, stack(0x000000e9a4200000,0x000000e9a4300000) (1024K)]
  0x00000215bb7abd30 JavaThread "Service Thread"             daemon [_thread_blocked, id=39512, stack(0x000000e9a4300000,0x000000e9a4400000) (1024K)]
  0x00000215bb790b30 JavaThread "Monitor Deflation Thread"   daemon [_thread_blocked, id=16164, stack(0x000000e9a4400000,0x000000e9a4500000) (1024K)]
  0x00000215bb793480 JavaThread "C2 CompilerThread0"         daemon [_thread_in_native, id=29468, stack(0x000000e9a4500000,0x000000e9a4600000) (1024K)]
  0x00000215bb7acf30 JavaThread "C1 CompilerThread0"         daemon [_thread_blocked, id=30912, stack(0x000000e9a4600000,0x000000e9a4700000) (1024K)]
  0x00000215bbaae4d0 JavaThread "Notification Thread"        daemon [_thread_blocked, id=46088, stack(0x000000e9a4700000,0x000000e9a4800000) (1024K)]
  0x00000215c16adf10 JavaThread "Daemon health stats"               [_thread_blocked, id=10824, stack(0x000000e9a5100000,0x000000e9a5200000) (1024K)]
  0x00000215c22fc9f0 JavaThread "Incoming local TCP Connector on port 58709"        [_thread_in_native, id=11616, stack(0x000000e9a5200000,0x000000e9a5300000) (1024K)]
  0x00000215c14528f0 JavaThread "Daemon periodic checks"            [_thread_blocked, id=44500, stack(0x000000e9a5300000,0x000000e9a5400000) (1024K)]
  0x00000215c226c330 JavaThread "Daemon"                            [_thread_blocked, id=33200, stack(0x000000e9a5400000,0x000000e9a5500000) (1024K)]
  0x00000215c226bca0 JavaThread "Handler for socket connection from /127.0.0.1:58709 to /127.0.0.1:58710"        [_thread_in_native, id=42556, stack(0x000000e9a5500000,0x000000e9a5600000) (1024K)]
  0x00000215c226d6e0 JavaThread "Cancel handler"                    [_thread_blocked, id=36008, stack(0x000000e9a5600000,0x000000e9a5700000) (1024K)]
  0x00000215c226ea90 JavaThread "Daemon worker"                     [_thread_blocked, id=47044, stack(0x000000e9a5700000,0x000000e9a5800000) (1024K)]
  0x00000215c226dd70 JavaThread "Asynchronous log dispatcher for DefaultDaemonConnection: socket connection from /127.0.0.1:58709 to /127.0.0.1:58710"        [_thread_blocked, id=33932, stack(0x000000e9a5800000,0x000000e9a5900000) (1024K)]
  0x00000215c226e400 JavaThread "Stdin handler"                     [_thread_blocked, id=23800, stack(0x000000e9a5900000,0x000000e9a5a00000) (1024K)]
  0x00000215c226f120 JavaThread "Daemon client event forwarder"        [_thread_blocked, id=13888, stack(0x000000e9a5a00000,0x000000e9a5b00000) (1024K)]
  0x00000215c226c9c0 JavaThread "Cache worker for journal cache (C:\Users\vansh\.gradle\caches\journal-1)"        [_thread_blocked, id=46656, stack(0x000000e9a5c00000,0x000000e9a5d00000) (1024K)]
  0x00000215c25c4b30 JavaThread "File lock request listener"        [_thread_in_native, id=2536, stack(0x000000e9a5d00000,0x000000e9a5e00000) (1024K)]
  0x00000215c25c6c00 JavaThread "Cache worker for file hash cache (C:\Users\vansh\.gradle\caches\8.13\fileHashes)"        [_thread_blocked, id=44076, stack(0x000000e9a5e00000,0x000000e9a5f00000) (1024K)]
  0x00000215c25c5ee0 JavaThread "Cache worker for file hash cache (E:\needin_app (4)\needin_app (2)\needin_app\android\.gradle\8.13\fileHashes)"        [_thread_blocked, id=41268, stack(0x000000e9a5f00000,0x000000e9a6000000) (1024K)]
  0x00000215c25c3780 JavaThread "Cache worker for Build Output Cleanup Cache (E:\needin_app (4)\needin_app (2)\needin_app\android\.gradle\buildOutputCleanup)"        [_thread_blocked, id=32384, stack(0x000000e9a6000000,0x000000e9a6100000) (1024K)]
  0x00000215c25c3e10 JavaThread "File watcher server"        daemon [_thread_in_native, id=5772, stack(0x000000e9a6100000,0x000000e9a6200000) (1024K)]
  0x00000215c25c7290 JavaThread "File watcher consumer"      daemon [_thread_blocked, id=18104, stack(0x000000e9a6200000,0x000000e9a6300000) (1024K)]
  0x00000215c25c7fb0 JavaThread "Cache worker for checksums cache (E:\needin_app (4)\needin_app (2)\needin_app\android\.gradle\8.13\checksums)"        [_thread_blocked, id=39024, stack(0x000000e9a6300000,0x000000e9a6400000) (1024K)]
  0x00000215c25c5850 JavaThread "Cache worker for file content cache (C:\Users\vansh\.gradle\caches\8.13\fileContent)"        [_thread_blocked, id=44864, stack(0x000000e9a6400000,0x000000e9a6500000) (1024K)]
  0x00000215c25ca080 JavaThread "Cache worker for cache directory md-supplier (C:\Users\vansh\.gradle\caches\8.13\md-supplier)"        [_thread_blocked, id=12100, stack(0x000000e9a6500000,0x000000e9a6600000) (1024K)]
  0x00000215c25c8cd0 JavaThread "Cache worker for cache directory md-rule (C:\Users\vansh\.gradle\caches\8.13\md-rule)"        [_thread_blocked, id=27740, stack(0x000000e9a6600000,0x000000e9a6700000) (1024K)]
  0x00000215c25ca710 JavaThread "Cache worker for Build Output Cleanup Cache (C:\Users\vansh\Downloads\flutter\packages\flutter_tools\gradle\.gradle\buildOutputCleanup)"        [_thread_blocked, id=6564, stack(0x000000e9a6700000,0x000000e9a6800000) (1024K)]
  0x00000215c6b79a80 JavaThread "Unconstrained build operations"        [_thread_blocked, id=17388, stack(0x000000e9a6800000,0x000000e9a6900000) (1024K)]
  0x00000215c6b7b4c0 JavaThread "Unconstrained build operations Thread 2"        [_thread_blocked, id=23588, stack(0x000000e9a6900000,0x000000e9a6a00000) (1024K)]
  0x00000215c6b7bb50 JavaThread "Unconstrained build operations Thread 3"        [_thread_blocked, id=32000, stack(0x000000e9a6a00000,0x000000e9a6b00000) (1024K)]
  0x00000215c6b7a7a0 JavaThread "Unconstrained build operations Thread 4"        [_thread_blocked, id=42280, stack(0x000000e9a6b00000,0x000000e9a6c00000) (1024K)]
  0x00000215c6b793f0 JavaThread "Unconstrained build operations Thread 5"        [_thread_blocked, id=44772, stack(0x000000e9a6c00000,0x000000e9a6d00000) (1024K)]
  0x00000215c6b7a110 JavaThread "Unconstrained build operations Thread 6"        [_thread_blocked, id=44548, stack(0x000000e9a6d00000,0x000000e9a6e00000) (1024K)]
  0x00000215c6b7ae30 JavaThread "Unconstrained build operations Thread 7"        [_thread_blocked, id=17288, stack(0x000000e9a6e00000,0x000000e9a6f00000) (1024K)]
  0x00000215c6b7c1e0 JavaThread "Unconstrained build operations Thread 8"        [_thread_blocked, id=27776, stack(0x000000e9a6f00000,0x000000e9a7000000) (1024K)]
  0x00000215c6b78d60 JavaThread "Unconstrained build operations Thread 9"        [_thread_blocked, id=47096, stack(0x000000e9a7000000,0x000000e9a7100000) (1024K)]
  0x00000215c6b7dc20 JavaThread "Unconstrained build operations Thread 10"        [_thread_blocked, id=22920, stack(0x000000e9a7100000,0x000000e9a7200000) (1024K)]
  0x00000215c6b7e940 JavaThread "Unconstrained build operations Thread 11"        [_thread_blocked, id=20676, stack(0x000000e9a7200000,0x000000e9a7300000) (1024K)]
  0x00000215c6b7cf00 JavaThread "Unconstrained build operations Thread 12"        [_thread_blocked, id=25948, stack(0x000000e9a7300000,0x000000e9a7400000) (1024K)]
  0x00000215c6b7d590 JavaThread "Unconstrained build operations Thread 13"        [_thread_blocked, id=32456, stack(0x000000e9a7400000,0x000000e9a7500000) (1024K)]
  0x00000215c6b7efd0 JavaThread "Unconstrained build operations Thread 14"        [_thread_blocked, id=33388, stack(0x000000e9a7500000,0x000000e9a7600000) (1024K)]
  0x00000215c6b7f660 JavaThread "Unconstrained build operations Thread 15"        [_thread_blocked, id=27152, stack(0x000000e9a7600000,0x000000e9a7700000) (1024K)]
  0x00000215c6b7e2b0 JavaThread "Unconstrained build operations Thread 16"        [_thread_blocked, id=47660, stack(0x000000e9a7700000,0x000000e9a7800000) (1024K)]
  0x00000215c6b7fcf0 JavaThread "Unconstrained build operations Thread 17"        [_thread_blocked, id=19188, stack(0x000000e9a7800000,0x000000e9a7900000) (1024K)]
  0x00000215c6b7c870 JavaThread "Unconstrained build operations Thread 18"        [_thread_blocked, id=45948, stack(0x000000e9a7900000,0x000000e9a7a00000) (1024K)]
  0x00000215c6b80380 JavaThread "Unconstrained build operations Thread 19"        [_thread_blocked, id=38708, stack(0x000000e9a7a00000,0x000000e9a7b00000) (1024K)]
  0x00000215c02d5d90 JavaThread "Unconstrained build operations Thread 20"        [_thread_blocked, id=31468, stack(0x000000e9a7b00000,0x000000e9a7c00000) (1024K)]
  0x00000215c02d77d0 JavaThread "Unconstrained build operations Thread 21"        [_thread_blocked, id=45148, stack(0x000000e9a7c00000,0x000000e9a7d00000) (1024K)]
  0x00000215c02d84f0 JavaThread "Memory manager"                    [_thread_blocked, id=18276, stack(0x000000e9a7d00000,0x000000e9a7e00000) (1024K)]
  0x00000215c02d98a0 JavaThread "build event listener"              [_thread_blocked, id=12220, stack(0x000000e9a7e00000,0x000000e9a7f00000) (1024K)]
  0x00000215c02dd3b0 JavaThread "included builds"                   [_thread_blocked, id=22372, stack(0x000000e9a5000000,0x000000e9a5100000) (1024K)]
  0x00000215c02db2e0 JavaThread "Execution worker"                  [_thread_blocked, id=5180, stack(0x000000e9a7f00000,0x000000e9a8000000) (1024K)]
=>0x00000215c02db970 JavaThread "Execution worker Thread 2"         [_thread_in_vm, id=26484, stack(0x000000e9a8000000,0x000000e9a8100000) (1024K)]
  0x00000215c02dc000 JavaThread "Execution worker Thread 3"         [_thread_blocked, id=46756, stack(0x000000e9a8100000,0x000000e9a8200000) (1024K)]
  0x00000215c02dc690 JavaThread "Execution worker Thread 4"         [_thread_blocked, id=4764, stack(0x000000e9a8200000,0x000000e9a8300000) (1024K)]
  0x00000215c02dcd20 JavaThread "Execution worker Thread 5"         [_thread_blocked, id=12168, stack(0x000000e9a8300000,0x000000e9a8400000) (1024K)]
  0x00000215c3b70f50 JavaThread "Execution worker Thread 6"         [_thread_blocked, id=13032, stack(0x000000e9a8400000,0x000000e9a8500000) (1024K)]
  0x00000215c3b72300 JavaThread "Execution worker Thread 7"         [_thread_blocked, id=22492, stack(0x000000e9a8500000,0x000000e9a8600000) (1024K)]
  0x00000215c3b70230 JavaThread "Cache worker for execution history cache (C:\Users\vansh\Downloads\flutter\packages\flutter_tools\gradle\.gradle\8.13\executionHistory)"        [_thread_blocked, id=37724, stack(0x000000e9a8600000,0x000000e9a8700000) (1024K)]
  0x00000215c3b715e0 JavaThread "Unconstrained build operations Thread 22"        [_thread_blocked, id=36520, stack(0x000000e9a8700000,0x000000e9a8800000) (1024K)]
  0x00000215c3b73020 JavaThread "Unconstrained build operations Thread 23"        [_thread_blocked, id=33876, stack(0x000000e9a8800000,0x000000e9a8900000) (1024K)]
  0x00000215c3b708c0 JavaThread "Unconstrained build operations Thread 24"        [_thread_blocked, id=47856, stack(0x000000e9a8900000,0x000000e9a8a00000) (1024K)]
  0x00000215c3b736b0 JavaThread "Unconstrained build operations Thread 25"        [_thread_blocked, id=13660, stack(0x000000e9a8a00000,0x000000e9a8b00000) (1024K)]
  0x00000215c3b72990 JavaThread "Unconstrained build operations Thread 26"        [_thread_blocked, id=26060, stack(0x000000e9a8b00000,0x000000e9a8c00000) (1024K)]
  0x00000215c3b71c70 JavaThread "Unconstrained build operations Thread 27"        [_thread_blocked, id=19416, stack(0x000000e9a8c00000,0x000000e9a8d00000) (1024K)]
  0x00000215c3b743d0 JavaThread "Unconstrained build operations Thread 28"        [_thread_blocked, id=35056, stack(0x000000e9a8d00000,0x000000e9a8e00000) (1024K)]
  0x00000215c3b73d40 JavaThread "Unconstrained build operations Thread 29"        [_thread_blocked, id=39692, stack(0x000000e9a8e00000,0x000000e9a8f00000) (1024K)]
  0x00000215c3b74a60 JavaThread "Unconstrained build operations Thread 30"        [_thread_blocked, id=19172, stack(0x000000e9a8f00000,0x000000e9a9000000) (1024K)]
  0x00000215c3b750f0 JavaThread "Unconstrained build operations Thread 31"        [_thread_blocked, id=35548, stack(0x000000e9a9000000,0x000000e9a9100000) (1024K)]
  0x00000215c3b77850 JavaThread "Unconstrained build operations Thread 32"        [_thread_blocked, id=26464, stack(0x000000e9a9100000,0x000000e9a9200000) (1024K)]
  0x00000215c3b75780 JavaThread "Unconstrained build operations Thread 33"        [_thread_blocked, id=35236, stack(0x000000e9a9200000,0x000000e9a9300000) (1024K)]
  0x00000215c3b764a0 JavaThread "Unconstrained build operations Thread 34"        [_thread_blocked, id=31792, stack(0x000000e9a9300000,0x000000e9a9400000) (1024K)]
  0x00000215c3b75e10 JavaThread "Unconstrained build operations Thread 35"        [_thread_blocked, id=31816, stack(0x000000e9a9400000,0x000000e9a9500000) (1024K)]
  0x00000215c3b771c0 JavaThread "Unconstrained build operations Thread 36"        [_thread_blocked, id=24800, stack(0x000000e9a9500000,0x000000e9a9600000) (1024K)]
  0x00000215c3b76b30 JavaThread "Unconstrained build operations Thread 37"        [_thread_blocked, id=6612, stack(0x000000e9a9600000,0x000000e9a9700000) (1024K)]
  0x00000215c03ae1a0 JavaThread "Unconstrained build operations Thread 38"        [_thread_blocked, id=48040, stack(0x000000e9a9700000,0x000000e9a9800000) (1024K)]
  0x00000215c03ae830 JavaThread "Unconstrained build operations Thread 39"        [_thread_blocked, id=30052, stack(0x000000e9a9800000,0x000000e9a9900000) (1024K)]
  0x00000215c03aeec0 JavaThread "Unconstrained build operations Thread 40"        [_thread_blocked, id=30008, stack(0x000000e9a9900000,0x000000e9a9a00000) (1024K)]
  0x00000215c03b1cb0 JavaThread "Unconstrained build operations Thread 41"        [_thread_blocked, id=43648, stack(0x000000e9a9a00000,0x000000e9a9b00000) (1024K)]
  0x00000215c03b0f90 JavaThread "Unconstrained build operations Thread 42"        [_thread_blocked, id=47156, stack(0x000000e9a9b00000,0x000000e9a9c00000) (1024K)]
  0x00000215c03b1620 JavaThread "Unconstrained build operations Thread 43"        [_thread_blocked, id=27784, stack(0x000000e9a9c00000,0x000000e9a9d00000) (1024K)]
  0x00000215c03b2340 JavaThread "Unconstrained build operations Thread 44"        [_thread_blocked, id=13300, stack(0x000000e9a9d00000,0x000000e9a9e00000) (1024K)]
  0x00000215c03af550 JavaThread "Unconstrained build operations Thread 45"        [_thread_blocked, id=36580, stack(0x000000e9a9e00000,0x000000e9a9f00000) (1024K)]
  0x00000215c03b0900 JavaThread "Unconstrained build operations Thread 46"        [_thread_blocked, id=43172, stack(0x000000e9a9f00000,0x000000e9aa000000) (1024K)]
  0x00000215c03b3060 JavaThread "Unconstrained build operations Thread 47"        [_thread_blocked, id=9108, stack(0x000000e9aa000000,0x000000e9aa100000) (1024K)]
  0x00000215c03b0270 JavaThread "Unconstrained build operations Thread 48"        [_thread_blocked, id=32148, stack(0x000000e9aa100000,0x000000e9aa200000) (1024K)]
  0x00000215c03afbe0 JavaThread "Unconstrained build operations Thread 49"        [_thread_blocked, id=33640, stack(0x000000e9aa200000,0x000000e9aa300000) (1024K)]
  0x00000215c03b4410 JavaThread "Unconstrained build operations Thread 50"        [_thread_blocked, id=31600, stack(0x000000e9aa300000,0x000000e9aa400000) (1024K)]
  0x00000215c03b57c0 JavaThread "Unconstrained build operations Thread 51"        [_thread_blocked, id=12472, stack(0x000000e9aa400000,0x000000e9aa500000) (1024K)]
  0x00000215c03b36f0 JavaThread "Unconstrained build operations Thread 52"        [_thread_blocked, id=17564, stack(0x000000e9aa500000,0x000000e9aa600000) (1024K)]
  0x00000215c03b3d80 JavaThread "Unconstrained build operations Thread 53"        [_thread_blocked, id=20916, stack(0x000000e9aa600000,0x000000e9aa700000) (1024K)]
  0x00000215c03b4aa0 JavaThread "Unconstrained build operations Thread 54"        [_thread_blocked, id=11560, stack(0x000000e9aa700000,0x000000e9aa800000) (1024K)]
  0x00000215c03b5130 JavaThread "Unconstrained build operations Thread 55"        [_thread_blocked, id=11316, stack(0x000000e9aa800000,0x000000e9aa900000) (1024K)]
  0x00000215c1950950 JavaThread "Unconstrained build operations Thread 56"        [_thread_blocked, id=39068, stack(0x000000e9aa900000,0x000000e9aaa00000) (1024K)]
  0x00000215c1951670 JavaThread "Unconstrained build operations Thread 57"        [_thread_blocked, id=35936, stack(0x000000e9aaa00000,0x000000e9aab00000) (1024K)]
  0x00000215c194f5a0 JavaThread "Unconstrained build operations Thread 58"        [_thread_blocked, id=42060, stack(0x000000e9aab00000,0x000000e9aac00000) (1024K)]
  0x00000215c1952390 JavaThread "Unconstrained build operations Thread 59"        [_thread_blocked, id=28272, stack(0x000000e9aac00000,0x000000e9aad00000) (1024K)]
  0x00000215c19502c0 JavaThread "Unconstrained build operations Thread 60"        [_thread_blocked, id=22636, stack(0x000000e9aad00000,0x000000e9aae00000) (1024K)]
  0x00000215c194fc30 JavaThread "Unconstrained build operations Thread 61"        [_thread_blocked, id=26872, stack(0x000000e9aae00000,0x000000e9aaf00000) (1024K)]
  0x00000215c194ef10 JavaThread "Unconstrained build operations Thread 62"        [_thread_blocked, id=7604, stack(0x000000e9aaf00000,0x000000e9ab000000) (1024K)]
  0x00000215c1954460 JavaThread "Unconstrained build operations Thread 63"        [_thread_blocked, id=47252, stack(0x000000e9ab000000,0x000000e9ab100000) (1024K)]
  0x00000215c1955180 JavaThread "Unconstrained build operations Thread 64"        [_thread_blocked, id=29668, stack(0x000000e9ab100000,0x000000e9ab200000) (1024K)]
  0x00000215c1953dd0 JavaThread "Unconstrained build operations Thread 65"        [_thread_blocked, id=42440, stack(0x000000e9ab200000,0x000000e9ab300000) (1024K)]
  0x00000215c1952a20 JavaThread "build event listener"              [_thread_blocked, id=46792, stack(0x000000e9ab300000,0x000000e9ab400000) (1024K)]
  0x00000215c0438d90 JavaThread "jar transforms"                    [_thread_blocked, id=45984, stack(0x000000e9a4800000,0x000000e9a4900000) (1024K)]
  0x00000215c043bb80 JavaThread "Unconstrained build operations Thread 66"        [_thread_blocked, id=16240, stack(0x000000e9ab500000,0x000000e9ab600000) (1024K)]
  0x00000215c043ae60 JavaThread "Unconstrained build operations Thread 67"        [_thread_blocked, id=13232, stack(0x000000e9ab600000,0x000000e9ab700000) (1024K)]
  0x00000215c043a140 JavaThread "Unconstrained build operations Thread 68"        [_thread_blocked, id=2932, stack(0x000000e9ab700000,0x000000e9ab800000) (1024K)]
  0x00000215c043a7d0 JavaThread "Unconstrained build operations Thread 69"        [_thread_blocked, id=47328, stack(0x000000e9ab800000,0x000000e9ab900000) (1024K)]
  0x00000215c0438700 JavaThread "Unconstrained build operations Thread 70"        [_thread_blocked, id=41512, stack(0x000000e9ab900000,0x000000e9aba00000) (1024K)]
  0x00000215c043c210 JavaThread "Unconstrained build operations Thread 71"        [_thread_blocked, id=22628, stack(0x000000e9aba00000,0x000000e9abb00000) (1024K)]
  0x00000215c0439420 JavaThread "Unconstrained build operations Thread 72"        [_thread_blocked, id=13876, stack(0x000000e9abb00000,0x000000e9abc00000) (1024K)]
  0x00000215c043fd20 JavaThread "Unconstrained build operations Thread 73"        [_thread_blocked, id=5912, stack(0x000000e9abc00000,0x000000e9abd00000) (1024K)]
  0x00000215c043f690 JavaThread "Unconstrained build operations Thread 74"        [_thread_blocked, id=33764, stack(0x000000e9abd00000,0x000000e9abe00000) (1024K)]
  0x00000215c043dc50 JavaThread "Unconstrained build operations Thread 75"        [_thread_blocked, id=43944, stack(0x000000e9abe00000,0x000000e9abf00000) (1024K)]
  0x00000215c043e970 JavaThread "Unconstrained build operations Thread 76"        [_thread_blocked, id=18168, stack(0x000000e9abf00000,0x000000e9ac000000) (1024K)]
  0x00000215c043f000 JavaThread "Unconstrained build operations Thread 77"        [_thread_blocked, id=10596, stack(0x000000e9ac000000,0x000000e9ac100000) (1024K)]
  0x00000215c043c8a0 JavaThread "Unconstrained build operations Thread 78"        [_thread_blocked, id=27164, stack(0x000000e9ac100000,0x000000e9ac200000) (1024K)]
  0x00000215c043d5c0 JavaThread "jar transforms Thread 2"           [_thread_blocked, id=47720, stack(0x000000e9ac200000,0x000000e9ac300000) (1024K)]
  0x00000215c043e2e0 JavaThread "Problems report writer"            [_thread_blocked, id=35928, stack(0x000000e9ac300000,0x000000e9ac400000) (1024K)]
  0x00000215c4a2f210 JavaThread "jar transforms Thread 3"           [_thread_blocked, id=7924, stack(0x000000e9ab400000,0x000000e9ab500000) (1024K)]
  0x00000215c4a2bd90 JavaThread "jar transforms Thread 4"           [_thread_blocked, id=40020, stack(0x000000e9ac400000,0x000000e9ac500000) (1024K)]
  0x00000215c4a2d7d0 JavaThread "jar transforms Thread 5"           [_thread_blocked, id=7716, stack(0x000000e9ac700000,0x000000e9ac800000) (1024K)]
  0x00000215c4a2c420 JavaThread "jar transforms Thread 6"           [_thread_blocked, id=27780, stack(0x000000e9ac800000,0x000000e9ac900000) (1024K)]
  0x00000215c4a2f8a0 JavaThread "jar transforms Thread 7"           [_thread_blocked, id=25300, stack(0x000000e9ac900000,0x000000e9aca00000) (1024K)]
  0x00000215c4a2ff30 JavaThread "jar transforms Thread 8"           [_thread_blocked, id=47732, stack(0x000000e9aca00000,0x000000e9acb00000) (1024K)]
  0x00000215c4a2e4f0 JavaThread "Unconstrained build operations Thread 79"        [_thread_blocked, id=47228, stack(0x000000e9ac600000,0x000000e9ac700000) (1024K)]
  0x00000215c4a2cab0 JavaThread "Unconstrained build operations Thread 80"        [_thread_blocked, id=34900, stack(0x000000e9acb00000,0x000000e9acc00000) (1024K)]
  0x00000215c4a361a0 JavaThread "pool-3-thread-1"                   [_thread_blocked, id=8716, stack(0x000000e9acd00000,0x000000e9ace00000) (1024K)]
  0x00000215c4a35480 JavaThread "build event listener"              [_thread_blocked, id=37220, stack(0x000000e9ace00000,0x000000e9acf00000) (1024K)]
  0x00000215c4a35b10 JavaThread "Cache worker for execution history cache (E:\needin_app (4)\needin_app (2)\needin_app\android\.gradle\8.13\executionHistory)"        [_thread_blocked, id=11448, stack(0x000000e9acf00000,0x000000e9ad000000) (1024K)]
  0x00000215c4a37be0 JavaThread "Exec process"                      [_thread_blocked, id=45044, stack(0x000000e9acc00000,0x000000e9acd00000) (1024K)]
  0x00000215c4a38270 JavaThread "Exec process Thread 2"             [_thread_blocked, id=34008, stack(0x000000e9ad000000,0x000000e9ad100000) (1024K)]
  0x00000215c4a34df0 JavaThread "Exec process Thread 3"             [_thread_blocked, id=10696, stack(0x000000e9ad100000,0x000000e9ad200000) (1024K)]
  0x00000215c4a3a9d0 JavaThread "WorkerExecutor Queue"              [_thread_blocked, id=964, stack(0x000000e9a3500000,0x000000e9a3600000) (1024K)]
  0x00000215c4507600 JavaThread "WorkerExecutor Queue Thread 2"        [_thread_in_vm, id=29372, stack(0x000000e9a3400000,0x000000e9a3500000) (1024K)]
  0x00000215c4507c90 JavaThread "WorkerExecutor Queue Thread 3"        [_thread_blocked, id=46252, stack(0x000000e9ad200000,0x000000e9ad300000) (1024K)]
  0x00000215c4508320 JavaThread "WorkerExecutor Queue Thread 4"        [_thread_blocked, id=20848, stack(0x000000e9ad500000,0x000000e9ad600000) (1024K)]
  0x00000215c4504ea0 JavaThread "WorkerExecutor Queue Thread 5"        [_thread_blocked, id=13288, stack(0x000000e9ad600000,0x000000e9ad700000) (1024K)]
  0x00000215c4505bc0 JavaThread "WorkerExecutor Queue Thread 6"        [_thread_blocked, id=7900, stack(0x000000e9ad700000,0x000000e9ad800000) (1024K)]
  0x00000215c450b7a0 JavaThread "WorkerExecutor Queue Thread 7"        [_thread_blocked, id=47548, stack(0x000000e9ad800000,0x000000e9ad900000) (1024K)]
  0x00000215c450d1e0 JavaThread "WorkerExecutor Queue Thread 8"        [_thread_blocked, id=28456, stack(0x000000e9ad900000,0x000000e9ada00000) (1024K)]
  0x00000215c450c4c0 JavaThread "RMI Scheduler(0)"           daemon [_thread_blocked, id=10968, stack(0x000000e9ad300000,0x000000e9ad400000) (1024K)]
  0x00000215c450e590 JavaThread "RMI RenewClean-[127.0.0.1:17934,org.jetbrains.kotlin.daemon.common.LoopbackNetworkInterface$ClientLoopbackSocketFactory@17ad72dc]" daemon [_thread_blocked, id=23744, stack(0x000000e9adb00000,0x000000e9adc00000) (1024K)]
  0x00000215c450cb50 JavaThread "RMI GC Daemon"              daemon [_thread_blocked, id=23616, stack(0x000000e9adc00000,0x000000e9add00000) (1024K)]
  0x00000215c450b110 JavaThread "RMI TCP Accept-0"           daemon [_thread_in_native, id=47272, stack(0x000000e9add00000,0x000000e9ade00000) (1024K)]
  0x00000215c450ec20 JavaThread "RMI Reaper"                        [_thread_blocked, id=8100, stack(0x000000e9ade00000,0x000000e9adf00000) (1024K)]
  0x00000215c4511380 JavaThread "RMI TCP Connection(idle)"   daemon [_thread_blocked, id=22480, stack(0x000000e9adf00000,0x000000e9ae000000) (1024K)]
  0x00000215cdff6070 JavaThread "C2 CompilerThread1"         daemon [_thread_blocked, id=3900, stack(0x000000e9ad400000,0x000000e9ad500000) (1024K)]
  0x00000215cdff59a0 JavaThread "C2 CompilerThread2"         daemon [_thread_blocked, id=45332, stack(0x000000e9ada00000,0x000000e9adb00000) (1024K)]
Total: 156

Other Threads:
  0x00000215bb6eca80 VMThread "VM Thread"                           [id=12496, stack(0x000000e9a3d00000,0x000000e9a3e00000) (1024K)] _threads_hazard_ptr=0x00000215c77b5dc0
  0x00000215bacd96a0 WatcherThread "VM Periodic Task Thread"        [id=42792, stack(0x000000e9a3c00000,0x000000e9a3d00000) (1024K)]
  0x000002158b5087a0 WorkerThread "GC Thread#0"                     [id=47948, stack(0x000000e9a3700000,0x000000e9a3800000) (1024K)]
  0x00000215c01c30c0 WorkerThread "GC Thread#1"                     [id=20804, stack(0x000000e9a4900000,0x000000e9a4a00000) (1024K)]
  0x00000215c01c3460 WorkerThread "GC Thread#2"                     [id=12164, stack(0x000000e9a4a00000,0x000000e9a4b00000) (1024K)]
  0x00000215c05d3220 WorkerThread "GC Thread#3"                     [id=47196, stack(0x000000e9a4b00000,0x000000e9a4c00000) (1024K)]
  0x00000215c05d41d0 WorkerThread "GC Thread#4"                     [id=19904, stack(0x000000e9a4c00000,0x000000e9a4d00000) (1024K)]
  0x00000215c04c4e80 WorkerThread "GC Thread#5"                     [id=46044, stack(0x000000e9a4d00000,0x000000e9a4e00000) (1024K)]
  0x00000215c04c5220 WorkerThread "GC Thread#6"                     [id=8228, stack(0x000000e9a4e00000,0x000000e9a4f00000) (1024K)]
  0x00000215c04c55c0 WorkerThread "GC Thread#7"                     [id=45432, stack(0x000000e9a4f00000,0x000000e9a5000000) (1024K)]
  0x000002158b51a4d0 ConcurrentGCThread "G1 Main Marker"            [id=27284, stack(0x000000e9a3800000,0x000000e9a3900000) (1024K)]
  0x000002158b51bef0 WorkerThread "G1 Conc#0"                       [id=47924, stack(0x000000e9a3900000,0x000000e9a3a00000) (1024K)]
  0x00000215c137e680 WorkerThread "G1 Conc#1"                       [id=33432, stack(0x000000e9a5b00000,0x000000e9a5c00000) (1024K)]
  0x00000215babac430 ConcurrentGCThread "G1 Refine#0"               [id=33452, stack(0x000000e9a3a00000,0x000000e9a3b00000) (1024K)]
  0x00000215babaceb0 ConcurrentGCThread "G1 Service"                [id=21076, stack(0x000000e9a3b00000,0x000000e9a3c00000) (1024K)]
Total: 15

Threads with active compile tasks:
C2 CompilerThread0  113635 24052       4       sun.security.ec.ECOperations::setDouble (463 bytes)
Total: 1

VM state: synchronizing (normal execution)

VM Mutex/Monitor currently owned by a thread:  ([mutex/lock_event])
[0x00007ffec8576490] Metaspace_lock - owner thread: 0x00000215c02db970
[0x00007ffec8578690] Threads_lock - owner thread: 0x00000215bb6eca80

Heap address: 0x0000000600000000, size: 8192 MB, Compressed Oops mode: Zero based, Oop shift amount: 3

CDS archive(s) not mapped
Compressed class space mapped at: 0x0000000800000000-0x0000000840000000, reserved size: 1073741824
Narrow klass base: 0x0000000800000000, Narrow klass shift: 0, Narrow klass range: 0x40000000

GC Precious Log:
 CardTable entry size: 512
 Card Set container configuration: InlinePtr #cards 4 size 8 Array Of Cards #cards 32 size 80 Howl #buckets 8 coarsen threshold 7372 Howl Bitmap #cards 1024 size 144 coarsen threshold 921 Card regions per heap region 1 cards per card region 8192
 CPUs: 8 total, 8 available
 Memory: 32266M
 Large Page Support: Disabled
 NUMA Support: Disabled
 Compressed Oops: Enabled (Zero based)
 Heap Region Size: 4M
 Heap Min Capacity: 8M
 Heap Initial Capacity: 508M
 Heap Max Capacity: 8G
 Pre-touch: Disabled
 Parallel Workers: 8
 Concurrent Workers: 2
 Concurrent Refinement Workers: 8
 Periodic GC: Disabled

Heap:
 garbage-first heap   total 532480K, used 469119K [0x0000000600000000, 0x0000000800000000)
  region size 4096K, 41 young (167936K), 6 survivors (24576K)
 Metaspace       used 156635K, committed 159296K, reserved 1245184K
  class space    used 21263K, committed 22528K, reserved 1048576K

Heap Regions: E=young(eden), S=young(survivor), O=old, HS=humongous(starts), HC=humongous(continues), CS=collection set, F=free, TAMS=top-at-mark-start, PB=parsable bottom
|   0|0x0000000600000000, 0x0000000600400000, 0x0000000600400000|100%|HS|  |TAMS 0x0000000600000000| PB 0x0000000600000000| Complete 
|   1|0x0000000600400000, 0x0000000600800000, 0x0000000600800000|100%| O|  |TAMS 0x0000000600400000| PB 0x0000000600400000| Untracked 
|   2|0x0000000600800000, 0x0000000600c00000, 0x0000000600c00000|100%| O|  |TAMS 0x0000000600800000| PB 0x0000000600800000| Untracked 
|   3|0x0000000600c00000, 0x0000000601000000, 0x0000000601000000|100%| O|  |TAMS 0x0000000600c00000| PB 0x0000000600c00000| Untracked 
|   4|0x0000000601000000, 0x0000000601400000, 0x0000000601400000|100%| O|  |TAMS 0x0000000601000000| PB 0x0000000601000000| Untracked 
|   5|0x0000000601400000, 0x0000000601800000, 0x0000000601800000|100%| O|  |TAMS 0x0000000601400000| PB 0x0000000601400000| Untracked 
|   6|0x0000000601800000, 0x0000000601c00000, 0x0000000601c00000|100%| O|  |TAMS 0x0000000601800000| PB 0x0000000601800000| Untracked 
|   7|0x0000000601c00000, 0x0000000602000000, 0x0000000602000000|100%|HS|  |TAMS 0x0000000601c00000| PB 0x0000000601c00000| Complete 
|   8|0x0000000602000000, 0x0000000602400000, 0x0000000602400000|100%| O|  |TAMS 0x0000000602000000| PB 0x0000000602000000| Untracked 
|   9|0x0000000602400000, 0x0000000602800000, 0x0000000602800000|100%|HS|  |TAMS 0x0000000602400000| PB 0x0000000602400000| Complete 
|  10|0x0000000602800000, 0x0000000602c00000, 0x0000000602c00000|100%| O|  |TAMS 0x0000000602800000| PB 0x0000000602800000| Untracked 
|  11|0x0000000602c00000, 0x0000000603000000, 0x0000000603000000|100%| O|  |TAMS 0x0000000602c00000| PB 0x0000000602c00000| Untracked 
|  12|0x0000000603000000, 0x0000000603400000, 0x0000000603400000|100%| O|  |TAMS 0x0000000603000000| PB 0x0000000603000000| Untracked 
|  13|0x0000000603400000, 0x0000000603800000, 0x0000000603800000|100%| O|  |TAMS 0x0000000603400000| PB 0x0000000603400000| Untracked 
|  14|0x0000000603800000, 0x0000000603c00000, 0x0000000603c00000|100%| O|  |TAMS 0x0000000603800000| PB 0x0000000603800000| Untracked 
|  15|0x0000000603c00000, 0x0000000604000000, 0x0000000604000000|100%| O|  |TAMS 0x0000000603c00000| PB 0x0000000603c00000| Untracked 
|  16|0x0000000604000000, 0x0000000604400000, 0x0000000604400000|100%| O|  |TAMS 0x0000000604000000| PB 0x0000000604000000| Untracked 
|  17|0x0000000604400000, 0x0000000604800000, 0x0000000604800000|100%| O|  |TAMS 0x0000000604400000| PB 0x0000000604400000| Untracked 
|  18|0x0000000604800000, 0x0000000604c00000, 0x0000000604c00000|100%| O|  |TAMS 0x0000000604800000| PB 0x0000000604800000| Untracked 
|  19|0x0000000604c00000, 0x0000000605000000, 0x0000000605000000|100%| O|  |TAMS 0x0000000604c00000| PB 0x0000000604c00000| Untracked 
|  20|0x0000000605000000, 0x0000000605400000, 0x0000000605400000|100%| O|  |TAMS 0x0000000605000000| PB 0x0000000605000000| Untracked 
|  21|0x0000000605400000, 0x0000000605800000, 0x0000000605800000|100%| O|  |TAMS 0x0000000605400000| PB 0x0000000605400000| Untracked 
|  22|0x0000000605800000, 0x0000000605c00000, 0x0000000605c00000|100%| O|  |TAMS 0x0000000605800000| PB 0x0000000605800000| Untracked 
|  23|0x0000000605c00000, 0x0000000606000000, 0x0000000606000000|100%| O|  |TAMS 0x0000000605c00000| PB 0x0000000605c00000| Untracked 
|  24|0x0000000606000000, 0x0000000606400000, 0x0000000606400000|100%| O|  |TAMS 0x0000000606000000| PB 0x0000000606000000| Untracked 
|  25|0x0000000606400000, 0x0000000606800000, 0x0000000606800000|100%| O|  |TAMS 0x0000000606400000| PB 0x0000000606400000| Untracked 
|  26|0x0000000606800000, 0x0000000606c00000, 0x0000000606c00000|100%| O|  |TAMS 0x0000000606800000| PB 0x0000000606800000| Untracked 
|  27|0x0000000606c00000, 0x0000000607000000, 0x0000000607000000|100%| O|  |TAMS 0x0000000606c00000| PB 0x0000000606c00000| Untracked 
|  28|0x0000000607000000, 0x0000000607400000, 0x0000000607400000|100%| O|  |TAMS 0x0000000607000000| PB 0x0000000607000000| Untracked 
|  29|0x0000000607400000, 0x0000000607800000, 0x0000000607800000|100%| O|  |TAMS 0x0000000607400000| PB 0x0000000607400000| Untracked 
|  30|0x0000000607800000, 0x0000000607c00000, 0x0000000607c00000|100%| O|  |TAMS 0x0000000607800000| PB 0x0000000607800000| Untracked 
|  31|0x0000000607c00000, 0x0000000608000000, 0x0000000608000000|100%|HS|  |TAMS 0x0000000607c00000| PB 0x0000000607c00000| Complete 
|  32|0x0000000608000000, 0x0000000608400000, 0x0000000608400000|100%| O|  |TAMS 0x0000000608000000| PB 0x0000000608000000| Untracked 
|  33|0x0000000608400000, 0x0000000608800000, 0x0000000608800000|100%| O|  |TAMS 0x0000000608400000| PB 0x0000000608400000| Untracked 
|  34|0x0000000608800000, 0x0000000608c00000, 0x0000000608c00000|100%| O|  |TAMS 0x0000000608800000| PB 0x0000000608800000| Untracked 
|  35|0x0000000608c00000, 0x0000000609000000, 0x0000000609000000|100%| O|  |TAMS 0x0000000608c00000| PB 0x0000000608c00000| Untracked 
|  36|0x0000000609000000, 0x0000000609400000, 0x0000000609400000|100%| O|  |TAMS 0x0000000609000000| PB 0x0000000609000000| Untracked 
|  37|0x0000000609400000, 0x0000000609800000, 0x0000000609800000|100%| O|  |TAMS 0x0000000609400000| PB 0x0000000609400000| Untracked 
|  38|0x0000000609800000, 0x0000000609c00000, 0x0000000609c00000|100%| O|  |TAMS 0x0000000609800000| PB 0x0000000609800000| Untracked 
|  39|0x0000000609c00000, 0x000000060a000000, 0x000000060a000000|100%| O|  |TAMS 0x0000000609c00000| PB 0x0000000609c00000| Untracked 
|  40|0x000000060a000000, 0x000000060a400000, 0x000000060a400000|100%| O|  |TAMS 0x000000060a000000| PB 0x000000060a000000| Untracked 
|  41|0x000000060a400000, 0x000000060a800000, 0x000000060a800000|100%| O|  |TAMS 0x000000060a400000| PB 0x000000060a400000| Untracked 
|  42|0x000000060a800000, 0x000000060ac00000, 0x000000060ac00000|100%| O|  |TAMS 0x000000060a800000| PB 0x000000060a800000| Untracked 
|  43|0x000000060ac00000, 0x000000060b000000, 0x000000060b000000|100%| O|  |TAMS 0x000000060ac00000| PB 0x000000060ac00000| Untracked 
|  44|0x000000060b000000, 0x000000060b400000, 0x000000060b400000|100%| O|  |TAMS 0x000000060b000000| PB 0x000000060b000000| Untracked 
|  45|0x000000060b400000, 0x000000060b800000, 0x000000060b800000|100%| O|  |TAMS 0x000000060b400000| PB 0x000000060b400000| Untracked 
|  46|0x000000060b800000, 0x000000060bc00000, 0x000000060bc00000|100%| O|  |TAMS 0x000000060b800000| PB 0x000000060b800000| Untracked 
|  47|0x000000060bc00000, 0x000000060c000000, 0x000000060c000000|100%| O|  |TAMS 0x000000060bc00000| PB 0x000000060bc00000| Untracked 
|  48|0x000000060c000000, 0x000000060c400000, 0x000000060c400000|100%| O|  |TAMS 0x000000060c000000| PB 0x000000060c000000| Untracked 
|  49|0x000000060c400000, 0x000000060c800000, 0x000000060c800000|100%| O|  |TAMS 0x000000060c400000| PB 0x000000060c400000| Untracked 
|  50|0x000000060c800000, 0x000000060cc00000, 0x000000060cc00000|100%| O|  |TAMS 0x000000060c800000| PB 0x000000060c800000| Untracked 
|  51|0x000000060cc00000, 0x000000060d000000, 0x000000060d000000|100%| O|  |TAMS 0x000000060cc00000| PB 0x000000060cc00000| Untracked 
|  52|0x000000060d000000, 0x000000060d400000, 0x000000060d400000|100%| O|  |TAMS 0x000000060d000000| PB 0x000000060d000000| Untracked 
|  53|0x000000060d400000, 0x000000060d800000, 0x000000060d800000|100%| O|  |TAMS 0x000000060d400000| PB 0x000000060d400000| Untracked 
|  54|0x000000060d800000, 0x000000060dc00000, 0x000000060dc00000|100%| O|  |TAMS 0x000000060d800000| PB 0x000000060d800000| Untracked 
|  55|0x000000060dc00000, 0x000000060e000000, 0x000000060e000000|100%| O|  |TAMS 0x000000060dc00000| PB 0x000000060dc00000| Untracked 
|  56|0x000000060e000000, 0x000000060e000000, 0x000000060e400000|  0%| F|  |TAMS 0x000000060e000000| PB 0x000000060e000000| Untracked 
|  57|0x000000060e400000, 0x000000060e800000, 0x000000060e800000|100%| O|  |TAMS 0x000000060e400000| PB 0x000000060e400000| Untracked 
|  58|0x000000060e800000, 0x000000060ec00000, 0x000000060ec00000|100%| O|  |TAMS 0x000000060e800000| PB 0x000000060e800000| Untracked 
|  59|0x000000060ec00000, 0x000000060f000000, 0x000000060f000000|100%| O|  |TAMS 0x000000060ec00000| PB 0x000000060ec00000| Untracked 
|  60|0x000000060f000000, 0x000000060f400000, 0x000000060f400000|100%| O|  |TAMS 0x000000060f000000| PB 0x000000060f000000| Untracked 
|  61|0x000000060f400000, 0x000000060f800000, 0x000000060f800000|100%| O|  |TAMS 0x000000060f400000| PB 0x000000060f400000| Untracked 
|  62|0x000000060f800000, 0x000000060f800000, 0x000000060fc00000|  0%| F|  |TAMS 0x000000060f800000| PB 0x000000060f800000| Untracked 
|  63|0x000000060fc00000, 0x0000000610000000, 0x0000000610000000|100%| O|  |TAMS 0x000000060fc00000| PB 0x000000060fc00000| Untracked 
|  64|0x0000000610000000, 0x0000000610000000, 0x0000000610400000|  0%| F|  |TAMS 0x0000000610000000| PB 0x0000000610000000| Untracked 
|  65|0x0000000610400000, 0x0000000610800000, 0x0000000610800000|100%|HS|  |TAMS 0x0000000610400000| PB 0x0000000610400000| Complete 
|  66|0x0000000610800000, 0x0000000610c00000, 0x0000000610c00000|100%|HC|  |TAMS 0x0000000610800000| PB 0x0000000610800000| Complete 
|  67|0x0000000610c00000, 0x0000000611000000, 0x0000000611000000|100%|HC|  |TAMS 0x0000000610c00000| PB 0x0000000610c00000| Complete 
|  68|0x0000000611000000, 0x0000000611400000, 0x0000000611400000|100%|HC|  |TAMS 0x0000000611000000| PB 0x0000000611000000| Complete 
|  69|0x0000000611400000, 0x0000000611800000, 0x0000000611800000|100%|HC|  |TAMS 0x0000000611400000| PB 0x0000000611400000| Complete 
|  70|0x0000000611800000, 0x0000000611c00000, 0x0000000611c00000|100%|HS|  |TAMS 0x0000000611800000| PB 0x0000000611800000| Complete 
|  71|0x0000000611c00000, 0x0000000612000000, 0x0000000612000000|100%| O|  |TAMS 0x0000000611c00000| PB 0x0000000611c00000| Untracked 
|  72|0x0000000612000000, 0x0000000612400000, 0x0000000612400000|100%| O|  |TAMS 0x0000000612000000| PB 0x0000000612000000| Untracked 
|  73|0x0000000612400000, 0x000000061261fce8, 0x0000000612800000| 53%| O|  |TAMS 0x0000000612400000| PB 0x0000000612400000| Untracked 
|  74|0x0000000612800000, 0x0000000612800000, 0x0000000612c00000|  0%| F|  |TAMS 0x0000000612800000| PB 0x0000000612800000| Untracked 
|  75|0x0000000612c00000, 0x0000000613000000, 0x0000000613000000|100%| O|  |TAMS 0x0000000612c00000| PB 0x0000000612c00000| Untracked 
|  76|0x0000000613000000, 0x0000000613400000, 0x0000000613400000|100%| S|CS|TAMS 0x0000000613000000| PB 0x0000000613000000| Complete 
|  77|0x0000000613400000, 0x0000000613800000, 0x0000000613800000|100%| S|CS|TAMS 0x0000000613400000| PB 0x0000000613400000| Complete 
|  78|0x0000000613800000, 0x0000000613c00000, 0x0000000613c00000|100%| S|CS|TAMS 0x0000000613800000| PB 0x0000000613800000| Complete 
|  79|0x0000000613c00000, 0x0000000614000000, 0x0000000614000000|100%| S|CS|TAMS 0x0000000613c00000| PB 0x0000000613c00000| Complete 
|  80|0x0000000614000000, 0x0000000614400000, 0x0000000614400000|100%| S|CS|TAMS 0x0000000614000000| PB 0x0000000614000000| Complete 
|  81|0x0000000614400000, 0x0000000614800000, 0x0000000614800000|100%| S|CS|TAMS 0x0000000614400000| PB 0x0000000614400000| Complete 
|  82|0x0000000614800000, 0x0000000614800000, 0x0000000614c00000|  0%| F|  |TAMS 0x0000000614800000| PB 0x0000000614800000| Untracked 
|  83|0x0000000614c00000, 0x0000000614c00000, 0x0000000615000000|  0%| F|  |TAMS 0x0000000614c00000| PB 0x0000000614c00000| Untracked 
|  84|0x0000000615000000, 0x0000000615000000, 0x0000000615400000|  0%| F|  |TAMS 0x0000000615000000| PB 0x0000000615000000| Untracked 
|  85|0x0000000615400000, 0x0000000615400000, 0x0000000615800000|  0%| F|  |TAMS 0x0000000615400000| PB 0x0000000615400000| Untracked 
|  86|0x0000000615800000, 0x0000000615800000, 0x0000000615c00000|  0%| F|  |TAMS 0x0000000615800000| PB 0x0000000615800000| Untracked 
|  87|0x0000000615c00000, 0x0000000615c00000, 0x0000000616000000|  0%| F|  |TAMS 0x0000000615c00000| PB 0x0000000615c00000| Untracked 
|  88|0x0000000616000000, 0x0000000616000000, 0x0000000616400000|  0%| F|  |TAMS 0x0000000616000000| PB 0x0000000616000000| Untracked 
|  89|0x0000000616400000, 0x0000000616400000, 0x0000000616800000|  0%| F|  |TAMS 0x0000000616400000| PB 0x0000000616400000| Untracked 
|  90|0x0000000616800000, 0x0000000616800000, 0x0000000616c00000|  0%| F|  |TAMS 0x0000000616800000| PB 0x0000000616800000| Untracked 
|  91|0x0000000616c00000, 0x0000000616e7c570, 0x0000000617000000| 62%| E|  |TAMS 0x0000000616c00000| PB 0x0000000616c00000| Complete 
|  92|0x0000000617000000, 0x0000000617400000, 0x0000000617400000|100%| E|CS|TAMS 0x0000000617000000| PB 0x0000000617000000| Complete 
|  93|0x0000000617400000, 0x0000000617800000, 0x0000000617800000|100%| E|  |TAMS 0x0000000617400000| PB 0x0000000617400000| Complete 
|  94|0x0000000617800000, 0x0000000617c00000, 0x0000000617c00000|100%| E|CS|TAMS 0x0000000617800000| PB 0x0000000617800000| Complete 
|  95|0x0000000617c00000, 0x0000000618000000, 0x0000000618000000|100%| E|CS|TAMS 0x0000000617c00000| PB 0x0000000617c00000| Complete 
|  96|0x0000000618000000, 0x0000000618400000, 0x0000000618400000|100%| E|CS|TAMS 0x0000000618000000| PB 0x0000000618000000| Complete 
|  97|0x0000000618400000, 0x0000000618800000, 0x0000000618800000|100%| E|CS|TAMS 0x0000000618400000| PB 0x0000000618400000| Complete 
|  98|0x0000000618800000, 0x0000000618c00000, 0x0000000618c00000|100%| E|CS|TAMS 0x0000000618800000| PB 0x0000000618800000| Complete 
|  99|0x0000000618c00000, 0x0000000619000000, 0x0000000619000000|100%| E|CS|TAMS 0x0000000618c00000| PB 0x0000000618c00000| Complete 
| 100|0x0000000619000000, 0x0000000619400000, 0x0000000619400000|100%| E|CS|TAMS 0x0000000619000000| PB 0x0000000619000000| Complete 
| 101|0x0000000619400000, 0x0000000619800000, 0x0000000619800000|100%| E|CS|TAMS 0x0000000619400000| PB 0x0000000619400000| Complete 
| 102|0x0000000619800000, 0x0000000619c00000, 0x0000000619c00000|100%| E|CS|TAMS 0x0000000619800000| PB 0x0000000619800000| Complete 
| 103|0x0000000619c00000, 0x000000061a000000, 0x000000061a000000|100%| E|CS|TAMS 0x0000000619c00000| PB 0x0000000619c00000| Complete 
| 104|0x000000061a000000, 0x000000061a400000, 0x000000061a400000|100%| E|CS|TAMS 0x000000061a000000| PB 0x000000061a000000| Complete 
| 105|0x000000061a400000, 0x000000061a800000, 0x000000061a800000|100%| E|CS|TAMS 0x000000061a400000| PB 0x000000061a400000| Complete 
| 106|0x000000061a800000, 0x000000061ac00000, 0x000000061ac00000|100%| E|CS|TAMS 0x000000061a800000| PB 0x000000061a800000| Complete 
| 107|0x000000061ac00000, 0x000000061b000000, 0x000000061b000000|100%| E|CS|TAMS 0x000000061ac00000| PB 0x000000061ac00000| Complete 
| 108|0x000000061b000000, 0x000000061b400000, 0x000000061b400000|100%| E|CS|TAMS 0x000000061b000000| PB 0x000000061b000000| Complete 
| 109|0x000000061b400000, 0x000000061b800000, 0x000000061b800000|100%| E|CS|TAMS 0x000000061b400000| PB 0x000000061b400000| Complete 
| 110|0x000000061b800000, 0x000000061bc00000, 0x000000061bc00000|100%| E|CS|TAMS 0x000000061b800000| PB 0x000000061b800000| Complete 
| 111|0x000000061bc00000, 0x000000061c000000, 0x000000061c000000|100%| E|CS|TAMS 0x000000061bc00000| PB 0x000000061bc00000| Complete 
| 112|0x000000061c000000, 0x000000061c400000, 0x000000061c400000|100%| E|CS|TAMS 0x000000061c000000| PB 0x000000061c000000| Complete 
| 113|0x000000061c400000, 0x000000061c800000, 0x000000061c800000|100%| E|CS|TAMS 0x000000061c400000| PB 0x000000061c400000| Complete 
| 114|0x000000061c800000, 0x000000061cc00000, 0x000000061cc00000|100%| E|CS|TAMS 0x000000061c800000| PB 0x000000061c800000| Complete 
| 115|0x000000061cc00000, 0x000000061d000000, 0x000000061d000000|100%| E|CS|TAMS 0x000000061cc00000| PB 0x000000061cc00000| Complete 
| 116|0x000000061d000000, 0x000000061d400000, 0x000000061d400000|100%| E|CS|TAMS 0x000000061d000000| PB 0x000000061d000000| Complete 
| 117|0x000000061d400000, 0x000000061d800000, 0x000000061d800000|100%| E|CS|TAMS 0x000000061d400000| PB 0x000000061d400000| Complete 
| 118|0x000000061d800000, 0x000000061dc00000, 0x000000061dc00000|100%| E|CS|TAMS 0x000000061d800000| PB 0x000000061d800000| Complete 
| 119|0x000000061dc00000, 0x000000061e000000, 0x000000061e000000|100%| E|CS|TAMS 0x000000061dc00000| PB 0x000000061dc00000| Complete 
| 120|0x000000061e000000, 0x000000061e400000, 0x000000061e400000|100%| E|CS|TAMS 0x000000061e000000| PB 0x000000061e000000| Complete 
| 121|0x000000061e400000, 0x000000061e800000, 0x000000061e800000|100%| E|CS|TAMS 0x000000061e400000| PB 0x000000061e400000| Complete 
| 122|0x000000061e800000, 0x000000061ec00000, 0x000000061ec00000|100%| E|CS|TAMS 0x000000061e800000| PB 0x000000061e800000| Complete 
| 123|0x000000061ec00000, 0x000000061f000000, 0x000000061f000000|100%| E|CS|TAMS 0x000000061ec00000| PB 0x000000061ec00000| Complete 
| 126|0x000000061f800000, 0x000000061fc00000, 0x000000061fc00000|100%| E|CS|TAMS 0x000000061f800000| PB 0x000000061f800000| Complete 
|2043|0x00000007fec00000, 0x00000007ff000000, 0x00000007ff000000|100%| O|  |TAMS 0x00000007fec00000| PB 0x00000007fec00000| Untracked 
|2044|0x00000007ff000000, 0x00000007ff400000, 0x00000007ff400000|100%| O|  |TAMS 0x00000007ff000000| PB 0x00000007ff000000| Untracked 
|2045|0x00000007ff400000, 0x00000007ff800000, 0x00000007ff800000|100%| O|  |TAMS 0x00000007ff400000| PB 0x00000007ff400000| Untracked 
|2046|0x00000007ff800000, 0x00000007ffc00000, 0x00000007ffc00000|100%| E|CS|TAMS 0x00000007ff800000| PB 0x00000007ff800000| Complete 
|2047|0x00000007ffc00000, 0x0000000800000000, 0x0000000800000000|100%| O|  |TAMS 0x00000007ffc00000| PB 0x00000007ffc00000| Untracked 

Card table byte_map: [0x00000215afb10000,0x00000215b0b10000] _byte_map_base: 0x00000215acb10000

Marking Bits: (CMBitMap*) 0x000002158b508db0
 Bits: [0x00000215b0b10000, 0x00000215b8b10000)

Polling page: 0x0000021589220000

Metaspace:

Usage:
  Non-class:    132.20 MB used.
      Class:     20.76 MB used.
       Both:    152.96 MB used.

Virtual space:
  Non-class space:      192.00 MB reserved,     133.56 MB ( 70%) committed,  3 nodes.
      Class space:        1.00 GB reserved,      22.00 MB (  2%) committed,  1 nodes.
             Both:        1.19 GB reserved,     155.56 MB ( 13%) committed. 

Chunk freelists:
   Non-Class:  9.80 MB
       Class:  9.94 MB
        Both:  19.73 MB

MaxMetaspaceSize: 4.00 GB
CompressedClassSpaceSize: 1.00 GB
Initial GC threshold: 21.00 MB
Current GC threshold: 247.00 MB
CDS: off
 - commit_granule_bytes: 65536.
 - commit_granule_words: 8192.
 - virtual_space_node_default_size: 8388608.
 - enlarge_chunks_in_place: 1.
 - use_allocation_guard: 0.


Internal statistics:

num_allocs_failed_limit: 9.
num_arena_births: 4948.
num_arena_deaths: 0.
num_vsnodes_births: 4.
num_vsnodes_deaths: 0.
num_space_committed: 2488.
num_space_uncommitted: 0.
num_chunks_returned_to_freelist: 9.
num_chunks_taken_from_freelist: 11967.
num_chunk_merges: 9.
num_chunk_splits: 7779.
num_chunks_enlarged: 4912.
num_inconsistent_stats: 0.

CodeHeap 'non-profiled nmethods': size=259264Kb used=16114Kb max_used=17103Kb free=243149Kb
 bounds [0x000002159e890000, 0x000002159f950000, 0x00000215ae5c0000]
CodeHeap 'profiled nmethods': size=259264Kb used=34347Kb max_used=37194Kb free=224916Kb
 bounds [0x000002158e5c0000, 0x0000021590a20000, 0x000002159e2f0000]
CodeHeap 'non-nmethods': size=5760Kb used=2859Kb max_used=2886Kb free=2900Kb
 bounds [0x000002159e2f0000, 0x000002159e5d0000, 0x000002159e890000]
CodeCache: size=524288Kb, used=53320Kb, max_used=57183Kb, free=470965Kb
 total_blobs=18821, nmethods=17703, adapters=1020, full_count=0
Compilation: enabled, stopped_count=0, restarted_count=0

Compilation events (20 events):
Event: 113.100 Thread 0x00000215bb7acf30 24073       3       com.google.protobuf.Utf8::decodeUtf8 (10 bytes)
Event: 113.100 Thread 0x00000215bb7acf30 nmethod 24073 0x000002158f55f990 code [0x000002158f55fb40, 0x000002158f55fc80]
Event: 113.100 Thread 0x00000215bb7acf30 24076       3       com.google.protobuf.CodedInputStream$StreamDecoder::popLimit (10 bytes)
Event: 113.101 Thread 0x00000215bb7acf30 nmethod 24076 0x000002158f63e610 code [0x000002158f63e7c0, 0x000002158f63e900]
Event: 113.101 Thread 0x00000215cdff6070 nmethod 24063 0x000002159e9f0790 code [0x000002159e9f0980, 0x000002159e9f0f68]
Event: 113.101 Thread 0x00000215bb7acf30 24074       3       com.google.protobuf.Utf8$UnsafeProcessor::decodeUtf8 (57 bytes)
Event: 113.101 Thread 0x00000215cdff6070 24078       4       com.google.protobuf.CodedInputStream::checkRecursionLimit (16 bytes)
Event: 113.102 Thread 0x00000215bb7acf30 nmethod 24074 0x000002158e9a5790 code [0x000002158e9a5ac0, 0x000002158e9a6b48]
Event: 113.102 Thread 0x00000215bb7acf30 24075       3       com.google.protobuf.CodedInputStream$StreamDecoder::readStringRequireUtf8 (107 bytes)
Event: 113.102 Thread 0x00000215cdff6070 nmethod 24078 0x000002159e9f0410 code [0x000002159e9f05a0, 0x000002159e9f0650]
Event: 113.102 Thread 0x00000215bb7acf30 nmethod 24075 0x000002158eb97190 code [0x000002158eb973c0, 0x000002158eb97918]
Event: 113.102 Thread 0x00000215bb7acf30 24077       3       com.google.protobuf.CodedInputStream$StreamDecoder::readMessage (68 bytes)
Event: 113.102 Thread 0x00000215bb7acf30 nmethod 24077 0x000002158f141c10 code [0x000002158f141e40, 0x000002158f142478]
Event: 113.102 Thread 0x00000215bb7acf30 24079       3       com.google.protobuf.CodedInputStream$StreamDecoder::readInt32 (5 bytes)
Event: 113.102 Thread 0x00000215bb7acf30 nmethod 24079 0x000002158f698790 code [0x000002158f698940, 0x000002158f698a78]
Event: 113.102 Thread 0x00000215bb7acf30 24080       3       com.google.protobuf.AbstractProtobufList::<init> (10 bytes)
Event: 113.103 Thread 0x00000215bb7acf30 nmethod 24080 0x000002158f6b0b90 code [0x000002158f6b0d40, 0x000002158f6b0f78]
Event: 113.103 Thread 0x00000215bb7acf30 24081       3       com.google.protobuf.CodedInputStream$StreamDecoder::readMessage (74 bytes)
Event: 113.103 Thread 0x00000215bb7acf30 nmethod 24081 0x000002158f41e410 code [0x000002158f41e660, 0x000002158f41edb0]
Event: 113.103 Thread 0x00000215cdff59a0 nmethod 24067% 0x000002159eb72690 code [0x000002159eb72820, 0x000002159eb72e68]

GC Heap History (20 events):
Event: 23.123 GC heap before
{Heap before GC invocations=51 (full 0):
 garbage-first heap   total 356352K, used 313032K [0x0000000600000000, 0x0000000800000000)
  region size 4096K, 31 young (126976K), 5 survivors (20480K)
 Metaspace       used 128337K, committed 130816K, reserved 1179648K
  class space    used 17987K, committed 19136K, reserved 1048576K
}
Event: 23.129 GC heap after
{Heap after GC invocations=52 (full 0):
 garbage-first heap   total 356352K, used 226478K [0x0000000600000000, 0x0000000800000000)
  region size 4096K, 4 young (16384K), 4 survivors (16384K)
 Metaspace       used 128337K, committed 130816K, reserved 1179648K
  class space    used 17987K, committed 19136K, reserved 1048576K
}
Event: 23.739 GC heap before
{Heap before GC invocations=52 (full 0):
 garbage-first heap   total 356352K, used 312494K [0x0000000600000000, 0x0000000800000000)
  region size 4096K, 26 young (106496K), 4 survivors (16384K)
 Metaspace       used 132945K, committed 135488K, reserved 1179648K
  class space    used 18526K, committed 19712K, reserved 1048576K
}
Event: 23.747 GC heap after
{Heap after GC invocations=53 (full 0):
 garbage-first heap   total 434176K, used 238723K [0x0000000600000000, 0x0000000800000000)
  region size 4096K, 4 young (16384K), 4 survivors (16384K)
 Metaspace       used 132945K, committed 135488K, reserved 1179648K
  class space    used 18526K, committed 19712K, reserved 1048576K
}
Event: 24.702 GC heap before
{Heap before GC invocations=53 (full 0):
 garbage-first heap   total 434176K, used 373891K [0x0000000600000000, 0x0000000800000000)
  region size 4096K, 38 young (155648K), 4 survivors (16384K)
 Metaspace       used 139239K, committed 141824K, reserved 1179648K
  class space    used 19390K, committed 20608K, reserved 1048576K
}
Event: 24.710 GC heap after
{Heap after GC invocations=54 (full 0):
 garbage-first heap   total 434176K, used 255588K [0x0000000600000000, 0x0000000800000000)
  region size 4096K, 4 young (16384K), 4 survivors (16384K)
 Metaspace       used 139239K, committed 141824K, reserved 1179648K
  class space    used 19390K, committed 20608K, reserved 1048576K
}
Event: 82.548 GC heap before
{Heap before GC invocations=54 (full 0):
 garbage-first heap   total 434176K, used 382564K [0x0000000600000000, 0x0000000800000000)
  region size 4096K, 36 young (147456K), 4 survivors (16384K)
 Metaspace       used 142271K, committed 144832K, reserved 1179648K
  class space    used 19615K, committed 20800K, reserved 1048576K
}
Event: 82.556 GC heap after
{Heap after GC invocations=55 (full 0):
 garbage-first heap   total 434176K, used 266883K [0x0000000600000000, 0x0000000800000000)
  region size 4096K, 4 young (16384K), 4 survivors (16384K)
 Metaspace       used 142271K, committed 144832K, reserved 1179648K
  class space    used 19615K, committed 20800K, reserved 1048576K
}
Event: 103.471 GC heap before
{Heap before GC invocations=55 (full 0):
 garbage-first heap   total 434176K, used 381571K [0x0000000600000000, 0x0000000800000000)
  region size 4096K, 33 young (135168K), 4 survivors (16384K)
 Metaspace       used 145741K, committed 148352K, reserved 1179648K
  class space    used 20071K, committed 21248K, reserved 1048576K
}
Event: 103.477 GC heap after
{Heap after GC invocations=56 (full 0):
 garbage-first heap   total 434176K, used 276407K [0x0000000600000000, 0x0000000800000000)
  region size 4096K, 3 young (12288K), 3 survivors (12288K)
 Metaspace       used 145741K, committed 148352K, reserved 1179648K
  class space    used 20071K, committed 21248K, reserved 1048576K
}
Event: 105.738 GC heap before
{Heap before GC invocations=57 (full 0):
 garbage-first heap   total 466944K, used 386999K [0x0000000600000000, 0x0000000800000000)
  region size 4096K, 31 young (126976K), 3 survivors (12288K)
 Metaspace       used 146647K, committed 149312K, reserved 1179648K
  class space    used 20182K, committed 21440K, reserved 1048576K
}
Event: 105.744 GC heap after
{Heap after GC invocations=58 (full 0):
 garbage-first heap   total 466944K, used 284470K [0x0000000600000000, 0x0000000800000000)
  region size 4096K, 3 young (12288K), 3 survivors (12288K)
 Metaspace       used 146647K, committed 149312K, reserved 1179648K
  class space    used 20182K, committed 21440K, reserved 1048576K
}
Event: 106.940 GC heap before
{Heap before GC invocations=58 (full 0):
 garbage-first heap   total 466944K, used 460598K [0x0000000600000000, 0x0000000800000000)
  region size 4096K, 37 young (151552K), 3 survivors (12288K)
 Metaspace       used 148233K, committed 150784K, reserved 1179648K
  class space    used 20369K, committed 21568K, reserved 1048576K
}
Event: 106.948 GC heap after
{Heap after GC invocations=59 (full 0):
 garbage-first heap   total 495616K, used 329705K [0x0000000600000000, 0x0000000800000000)
  region size 4096K, 5 young (20480K), 5 survivors (20480K)
 Metaspace       used 148233K, committed 150784K, reserved 1179648K
  class space    used 20369K, committed 21568K, reserved 1048576K
}
Event: 108.146 GC heap before
{Heap before GC invocations=59 (full 0):
 garbage-first heap   total 495616K, used 452585K [0x0000000600000000, 0x0000000800000000)
  region size 4096K, 36 young (147456K), 5 survivors (20480K)
 Metaspace       used 149071K, committed 151744K, reserved 1179648K
  class space    used 20458K, committed 21696K, reserved 1048576K
}
Event: 108.153 GC heap after
{Heap after GC invocations=60 (full 0):
 garbage-first heap   total 495616K, used 315926K [0x0000000600000000, 0x0000000800000000)
  region size 4096K, 3 young (12288K), 3 survivors (12288K)
 Metaspace       used 149071K, committed 151744K, reserved 1179648K
  class space    used 20458K, committed 21696K, reserved 1048576K
}
Event: 109.534 GC heap before
{Heap before GC invocations=61 (full 0):
 garbage-first heap   total 532480K, used 455190K [0x0000000600000000, 0x0000000800000000)
  region size 4096K, 37 young (151552K), 3 survivors (12288K)
 Metaspace       used 153033K, committed 155648K, reserved 1245184K
  class space    used 20800K, committed 22016K, reserved 1048576K
}
Event: 109.540 GC heap after
{Heap after GC invocations=62 (full 0):
 garbage-first heap   total 532480K, used 327921K [0x0000000600000000, 0x0000000800000000)
  region size 4096K, 5 young (20480K), 5 survivors (20480K)
 Metaspace       used 153033K, committed 155648K, reserved 1245184K
  class space    used 20800K, committed 22016K, reserved 1048576K
}
Event: 111.405 GC heap before
{Heap before GC invocations=62 (full 0):
 garbage-first heap   total 532480K, used 483569K [0x0000000600000000, 0x0000000800000000)
  region size 4096K, 44 young (180224K), 5 survivors (20480K)
 Metaspace       used 154210K, committed 156864K, reserved 1245184K
  class space    used 20952K, committed 22208K, reserved 1048576K
}
Event: 111.415 GC heap after
{Heap after GC invocations=63 (full 0):
 garbage-first heap   total 532480K, used 333951K [0x0000000600000000, 0x0000000800000000)
  region size 4096K, 6 young (24576K), 6 survivors (24576K)
 Metaspace       used 154210K, committed 156864K, reserved 1245184K
  class space    used 20952K, committed 22208K, reserved 1048576K
}

Dll operation events (3 events):
Event: 0.007 Loaded shared library C:\Program Files\Android\Android Studio1\jbr\bin\java.dll
Event: 0.011 Loaded shared library C:\Program Files\Android\Android Studio1\jbr\bin\zip.dll
Event: 0.533 Loaded shared library C:\Program Files\Android\Android Studio1\jbr\bin\verify.dll

Deoptimization events (20 events):
Event: 112.941 Thread 0x00000215c02db970 Uncommon trap: trap_request=0xffffffde fr.pc=0x000002159f85b5a8 relative=0x0000000000000428
Event: 112.941 Thread 0x00000215c02db970 Uncommon trap: reason=class_check action=maybe_recompile pc=0x000002159f85b5a8 method=java.util.zip.DeflaterOutputStream.deflate()V @ 32 c2
Event: 112.941 Thread 0x00000215c02db970 DEOPT PACKING pc=0x000002159f85b5a8 sp=0x000000e9a80fb380
Event: 112.941 Thread 0x00000215c02db970 DEOPT UNPACKING pc=0x000002159e344422 sp=0x000000e9a80fb340 mode 2
Event: 112.941 Thread 0x00000215c02db970 Uncommon trap: trap_request=0xffffffde fr.pc=0x000002159f85b5a8 relative=0x0000000000000428
Event: 112.941 Thread 0x00000215c02db970 Uncommon trap: reason=class_check action=maybe_recompile pc=0x000002159f85b5a8 method=java.util.zip.DeflaterOutputStream.deflate()V @ 32 c2
Event: 112.941 Thread 0x00000215c02db970 DEOPT PACKING pc=0x000002159f85b5a8 sp=0x000000e9a80fb380
Event: 112.941 Thread 0x00000215c02db970 DEOPT UNPACKING pc=0x000002159e344422 sp=0x000000e9a80fb340 mode 2
Event: 112.941 Thread 0x00000215c02db970 Uncommon trap: trap_request=0xffffffde fr.pc=0x000002159f85b5a8 relative=0x0000000000000428
Event: 112.941 Thread 0x00000215c02db970 Uncommon trap: reason=class_check action=maybe_recompile pc=0x000002159f85b5a8 method=java.util.zip.DeflaterOutputStream.deflate()V @ 32 c2
Event: 112.941 Thread 0x00000215c02db970 DEOPT PACKING pc=0x000002159f85b5a8 sp=0x000000e9a80fb380
Event: 112.941 Thread 0x00000215c02db970 DEOPT UNPACKING pc=0x000002159e344422 sp=0x000000e9a80fb340 mode 2
Event: 112.974 Thread 0x00000215c02db970 Uncommon trap: trap_request=0xffffff45 fr.pc=0x000002159f521e58 relative=0x00000000000007d8
Event: 112.974 Thread 0x00000215c02db970 Uncommon trap: reason=unstable_if action=reinterpret pc=0x000002159f521e58 method=com.google.protobuf.CodedInputStream$ArrayDecoder.readBytes()Lcom/google/protobuf/ByteString; @ 26 c2
Event: 112.974 Thread 0x00000215c02db970 DEOPT PACKING pc=0x000002159f521e58 sp=0x000000e9a80fa690
Event: 112.974 Thread 0x00000215c02db970 DEOPT UNPACKING pc=0x000002159e344422 sp=0x000000e9a80fa670 mode 2
Event: 113.103 Thread 0x00000215c02db970 Uncommon trap: trap_request=0xffffff45 fr.pc=0x000002159f278398 relative=0x0000000000000258
Event: 113.103 Thread 0x00000215c02db970 Uncommon trap: reason=unstable_if action=reinterpret pc=0x000002159f278398 method=java.io.BufferedInputStream.fill()V @ 190 c2
Event: 113.103 Thread 0x00000215c02db970 DEOPT PACKING pc=0x000002159f278398 sp=0x000000e9a80fae90
Event: 113.103 Thread 0x00000215c02db970 DEOPT UNPACKING pc=0x000002159e344422 sp=0x000000e9a80fae30 mode 2

Classes loaded (20 events):
Event: 113.094 Loading class javax/crypto/NullCipher
Event: 113.094 Loading class javax/crypto/NullCipher done
Event: 113.094 Loading class com/sun/crypto/provider/GaloisCounterMode$GCMEncrypt
Event: 113.094 Loading class com/sun/crypto/provider/GaloisCounterMode$GCMEngine
Event: 113.094 Loading class com/sun/crypto/provider/GaloisCounterMode$GCMEngine done
Event: 113.094 Loading class com/sun/crypto/provider/GaloisCounterMode$GCMEncrypt done
Event: 113.094 Loading class com/sun/crypto/provider/GCTR
Event: 113.095 Loading class com/sun/crypto/provider/GCM
Event: 113.095 Loading class com/sun/crypto/provider/GCM done
Event: 113.095 Loading class com/sun/crypto/provider/CounterMode
Event: 113.095 Loading class com/sun/crypto/provider/FeedbackCipher
Event: 113.095 Loading class com/sun/crypto/provider/FeedbackCipher done
Event: 113.095 Loading class com/sun/crypto/provider/CounterMode done
Event: 113.095 Loading class com/sun/crypto/provider/GCTR done
Event: 113.095 Loading class com/sun/crypto/provider/GHASH
Event: 113.095 Loading class com/sun/crypto/provider/GHASH done
Event: 113.095 Loading class com/sun/crypto/provider/GaloisCounterMode$EncryptOp
Event: 113.095 Loading class com/sun/crypto/provider/GaloisCounterMode$GCMOperation
Event: 113.096 Loading class com/sun/crypto/provider/GaloisCounterMode$GCMOperation done
Event: 113.096 Loading class com/sun/crypto/provider/GaloisCounterMode$EncryptOp done

Classes unloaded (0 events):
No events

Classes redefined (0 events):
No events

Internal exceptions (20 events):
Event: 112.205 Thread 0x00000215c3b70f50 Exception <a 'sun/nio/fs/WindowsException'{0x0000000618427290}> (0x0000000618427290) 
thrown [s\src\hotspot\share\prims\jni.cpp, line 537]
Event: 112.208 Thread 0x00000215c4507600 Exception <a 'java/lang/NoSuchMethodError'{0x000000061847bc38}: static Lorg/jetbrains/kotlin/daemon/common/LoopbackNetworkInterface$AbstractClientLoopbackSocketFactory;.<clinit>()V> (0x000000061847bc38) 
thrown [s\src\hotspot\share\prims\jni.cpp, line 1144]
Event: 112.208 Thread 0x00000215c4507600 Exception <a 'java/lang/NoSuchMethodError'{0x00000006184e13d0}: static Lorg/jetbrains/kotlin/daemon/common/LoopbackNetworkInterface$ClientLoopbackSocketFactory;.<clinit>()V> (0x00000006184e13d0) 
thrown [s\src\hotspot\share\prims\jni.cpp, line 1144]
Event: 112.228 Thread 0x00000215c4507600 Exception <a 'java/lang/NoSuchMethodError'{0x00000006181ee920}: static [Ljava/rmi/server/ObjID;.<clinit>()V> (0x00000006181ee920) 
thrown [s\src\hotspot\share\prims\jni.cpp, line 1144]
Event: 112.231 Thread 0x00000215c4507600 Exception <a 'java/lang/NoSuchMethodError'{0x00000006182a1b28}: static [B.<clinit>()V> (0x00000006182a1b28) 
thrown [s\src\hotspot\share\prims\jni.cpp, line 1144]
Event: 112.242 Thread 0x00000215c450e590 Exception <a 'java/lang/NoSuchMethodError'{0x000000061815ea40}: 'java.lang.Object java.lang.invoke.DirectMethodHandle$Holder.newInvokeSpecial(java.lang.Object, java.lang.Object, int, java.lang.Object, long)'> (0x000000061815ea40) 
thrown [s\src\hotspot\share\interpreter\linkResolver.cpp, line 784]
Event: 112.246 Thread 0x00000215c02db970 Exception <a 'sun/nio/fs/WindowsException'{0x0000000617cda100}> (0x0000000617cda100) 
thrown [s\src\hotspot\share\prims\jni.cpp, line 537]
Event: 112.247 Thread 0x00000215c02db970 Exception <a 'sun/nio/fs/WindowsException'{0x0000000617d35ef0}> (0x0000000617d35ef0) 
thrown [s\src\hotspot\share\prims\jni.cpp, line 537]
Event: 112.251 Thread 0x00000215c02db970 Exception <a 'sun/nio/fs/WindowsException'{0x0000000617dba068}> (0x0000000617dba068) 
thrown [s\src\hotspot\share\prims\jni.cpp, line 537]
Event: 112.252 Thread 0x00000215c02db970 Exception <a 'sun/nio/fs/WindowsException'{0x0000000617dbef78}> (0x0000000617dbef78) 
thrown [s\src\hotspot\share\prims\jni.cpp, line 537]
Event: 112.286 Thread 0x00000215c4507600 Exception <a 'java/lang/NoSuchMethodError'{0x0000000617e39a30}: static Lorg/jetbrains/kotlin/daemon/common/CompileService$CallResult;.<clinit>()V> (0x0000000617e39a30) 
thrown [s\src\hotspot\share\prims\jni.cpp, line 1144]
Event: 112.286 Thread 0x00000215c4507600 Exception <a 'java/lang/NoSuchMethodError'{0x0000000617e45a90}: static Lorg/jetbrains/kotlin/daemon/common/CompileService$CallResult$Good;.<clinit>()V> (0x0000000617e45a90) 
thrown [s\src\hotspot\share\prims\jni.cpp, line 1144]
Event: 112.287 Thread 0x00000215c4507600 Exception <a 'java/lang/NoSuchMethodError'{0x0000000617e52d70}: static Lorg/jetbrains/kotlin/daemon/common/DaemonJVMOptions;.<clinit>()V> (0x0000000617e52d70) 
thrown [s\src\hotspot\share\prims\jni.cpp, line 1144]
Event: 112.293 Thread 0x00000215c4507600 Exception <a 'java/lang/NoSuchMethodError'{0x0000000617e6e0b0}: static Lorg/jetbrains/kotlin/daemon/common/CompileService$CallResult$Ok;.<clinit>()V> (0x0000000617e6e0b0) 
thrown [s\src\hotspot\share\prims\jni.cpp, line 1144]
Event: 112.327 Thread 0x00000215c4507600 Exception <a 'java/lang/NoSuchMethodError'{0x0000000617ffe3f0}: static [Ljava/lang/Integer;.<clinit>()V> (0x0000000617ffe3f0) 
thrown [s\src\hotspot\share\prims\jni.cpp, line 1144]
Event: 112.925 Thread 0x00000215c02db970 Exception <a 'sun/nio/fs/WindowsException'{0x00000006177b8f18}> (0x00000006177b8f18) 
thrown [s\src\hotspot\share\prims\jni.cpp, line 537]
Event: 112.940 Thread 0x00000215c02db970 Exception <a 'sun/nio/fs/WindowsException'{0x0000000617069708}> (0x0000000617069708) 
thrown [s\src\hotspot\share\prims\jni.cpp, line 537]
Event: 112.940 Thread 0x00000215c02db970 Exception <a 'sun/nio/fs/WindowsException'{0x000000061706af30}> (0x000000061706af30) 
thrown [s\src\hotspot\share\prims\jni.cpp, line 537]
Event: 112.940 Thread 0x00000215c02db970 Exception <a 'sun/nio/fs/WindowsException'{0x000000061706c328}> (0x000000061706c328) 
thrown [s\src\hotspot\share\prims\jni.cpp, line 537]
Event: 113.099 Thread 0x00000215c02db970 Exception <a 'sun/nio/fs/WindowsException'{0x0000000616d43d68}> (0x0000000616d43d68) 
thrown [s\src\hotspot\share\prims\jni.cpp, line 537]

ZGC Phase Switch (0 events):
No events

VM Operations (20 events):
Event: 108.376 Executing VM operation: G1PauseCleanup
Event: 108.376 Executing VM operation: G1PauseCleanup done
Event: 109.355 Executing VM operation: ICBufferFull
Event: 109.355 Executing VM operation: ICBufferFull done
Event: 109.534 Executing VM operation: G1CollectForAllocation (G1 Evacuation Pause)
Event: 109.540 Executing VM operation: G1CollectForAllocation (G1 Evacuation Pause) done
Event: 109.941 Executing VM operation: HandshakeAllThreads (Deoptimize)
Event: 109.941 Executing VM operation: HandshakeAllThreads (Deoptimize) done
Event: 109.944 Executing VM operation: HandshakeAllThreads (Deoptimize)
Event: 109.945 Executing VM operation: HandshakeAllThreads (Deoptimize) done
Event: 110.948 Executing VM operation: Cleanup
Event: 110.948 Executing VM operation: Cleanup done
Event: 111.405 Executing VM operation: G1CollectForAllocation (G1 Evacuation Pause)
Event: 111.415 Executing VM operation: G1CollectForAllocation (G1 Evacuation Pause) done
Event: 112.018 Executing VM operation: ICBufferFull
Event: 112.019 Executing VM operation: ICBufferFull done
Event: 112.165 Executing VM operation: HandshakeAllThreads (Deoptimize)
Event: 112.165 Executing VM operation: HandshakeAllThreads (Deoptimize) done
Event: 112.262 Executing VM operation: HandshakeAllThreads (Deoptimize)
Event: 112.276 Executing VM operation: HandshakeAllThreads (Deoptimize) done

Memory protections (0 events):
No events

Nmethod flushes (20 events):
Event: 108.281 Thread 0x00000215bb6eca80 flushing  nmethod 0x000002158fcf9290
Event: 108.281 Thread 0x00000215bb6eca80 flushing  nmethod 0x000002158fdbea10
Event: 108.281 Thread 0x00000215bb6eca80 flushing  nmethod 0x000002158fdc0590
Event: 108.281 Thread 0x00000215bb6eca80 flushing  nmethod 0x0000021590027410
Event: 108.281 Thread 0x00000215bb6eca80 flushing  nmethod 0x0000021590158490
Event: 108.281 Thread 0x00000215bb6eca80 flushing  nmethod 0x000002159015ac90
Event: 108.281 Thread 0x00000215bb6eca80 flushing  nmethod 0x000002159015b010
Event: 108.281 Thread 0x00000215bb6eca80 flushing  nmethod 0x0000021590196910
Event: 108.281 Thread 0x00000215bb6eca80 flushing  nmethod 0x0000021590197f10
Event: 108.281 Thread 0x00000215bb6eca80 flushing  nmethod 0x0000021590340410
Event: 108.281 Thread 0x00000215bb6eca80 flushing  nmethod 0x00000215903c1a90
Event: 108.281 Thread 0x00000215bb6eca80 flushing  nmethod 0x00000215903c4a90
Event: 108.281 Thread 0x00000215bb6eca80 flushing  nmethod 0x00000215903c4e10
Event: 108.281 Thread 0x00000215bb6eca80 flushing  nmethod 0x0000021590430090
Event: 108.281 Thread 0x00000215bb6eca80 flushing  nmethod 0x000002159051a410
Event: 108.281 Thread 0x00000215bb6eca80 flushing  nmethod 0x000002159051ea90
Event: 108.281 Thread 0x00000215bb6eca80 flushing  nmethod 0x000002159051fc90
Event: 108.281 Thread 0x00000215bb6eca80 flushing  nmethod 0x0000021590520190
Event: 108.281 Thread 0x00000215bb6eca80 flushing  nmethod 0x0000021590523190
Event: 108.281 Thread 0x00000215bb6eca80 flushing  nmethod 0x0000021590525410

Events (20 events):
Event: 107.609 Thread 0x00000215c02dd3b0 Thread added: 0x00000215c450d1e0
Event: 107.978 Thread 0x00000215cdff4530 Thread exited: 0x00000215cdff4530
Event: 107.978 Thread 0x00000215cdff3e60 Thread exited: 0x00000215cdff3e60
Event: 108.494 Thread 0x00000215bb793480 Thread added: 0x00000215cdff59a0
Event: 108.974 Thread 0x00000215cdff59a0 Thread exited: 0x00000215cdff59a0
Event: 109.953 Thread 0x00000215c4507600 Thread added: 0x00000215c450cb50
Event: 111.260 Thread 0x00000215bb7acf30 Thread added: 0x00000215cdff6070
Event: 111.312 Thread 0x00000215bb7acf30 Thread added: 0x00000215cdff59a0
Event: 111.905 Thread 0x00000215c450cb50 Thread exited: 0x00000215c450cb50
Event: 112.210 Thread 0x00000215c4507600 Thread added: 0x00000215c450c4c0
Event: 112.216 Thread 0x00000215c4507600 Thread added: 0x00000215c450e590
Event: 112.219 Loaded shared library C:\Program Files\Android\Android Studio1\jbr\bin\rmi.dll
Event: 112.221 Thread 0x00000215c4507600 Thread added: 0x00000215c450cb50
Event: 112.320 Thread 0x00000215c4507600 Thread added: 0x00000215c450b110
Event: 112.320 Thread 0x00000215c4507600 Thread added: 0x00000215c450ec20
Event: 112.371 Thread 0x00000215c450b110 Thread added: 0x00000215c4511380
Event: 112.661 Thread 0x00000215cdff59a0 Thread exited: 0x00000215cdff59a0
Event: 112.661 Thread 0x00000215cdff6070 Thread exited: 0x00000215cdff6070
Event: 113.022 Thread 0x00000215bb7acf30 Thread added: 0x00000215cdff6070
Event: 113.022 Thread 0x00000215bb7acf30 Thread added: 0x00000215cdff59a0


Dynamic libraries:
0x00007ff602a40000 - 0x00007ff602a4a000 	C:\Program Files\Android\Android Studio1\jbr\bin\java.exe
0x00007fffd3740000 - 0x00007fffd39a7000 	C:\Windows\SYSTEM32\ntdll.dll
0x00007fffd23a0000 - 0x00007fffd2469000 	C:\Windows\System32\KERNEL32.DLL
0x00007fffd0f70000 - 0x00007fffd1361000 	C:\Windows\System32\KERNELBASE.dll
0x00007fffd0d70000 - 0x00007fffd0ebb000 	C:\Windows\System32\ucrtbase.dll
0x00007fff97e00000 - 0x00007fff97e18000 	C:\Program Files\Android\Android Studio1\jbr\bin\jli.dll
0x00007fffa26d0000 - 0x00007fffa26eb000 	C:\Program Files\Android\Android Studio1\jbr\bin\VCRUNTIME140.dll
0x00007fffa1130000 - 0x00007fffa13c3000 	C:\Windows\WinSxS\amd64_microsoft.windows.common-controls_6595b64144ccf1df_6.0.26100.7922_none_3e089e1ee3342171\COMCTL32.dll
0x00007fffd1d10000 - 0x00007fffd1ed5000 	C:\Windows\System32\USER32.dll
0x00007fffd2bf0000 - 0x00007fffd2c99000 	C:\Windows\System32\msvcrt.dll
0x00007fffd0bc0000 - 0x00007fffd0be7000 	C:\Windows\System32\win32u.dll
0x00007fffd2e80000 - 0x00007fffd2eab000 	C:\Windows\System32\GDI32.dll
0x00007fffd0220000 - 0x00007fffd034a000 	C:\Windows\System32\gdi32full.dll
0x00007fffd0ec0000 - 0x00007fffd0f63000 	C:\Windows\System32\msvcp_win.dll
0x00007fffd2210000 - 0x00007fffd2241000 	C:\Windows\System32\IMM32.DLL
0x00007fffa26c0000 - 0x00007fffa26cc000 	C:\Program Files\Android\Android Studio1\jbr\bin\vcruntime140_1.dll
0x00007fff61820000 - 0x00007fff618ad000 	C:\Program Files\Android\Android Studio1\jbr\bin\msvcp140.dll
0x00007ffec79c0000 - 0x00007ffec8656000 	C:\Program Files\Android\Android Studio1\jbr\bin\server\jvm.dll
0x00007fffd1ee0000 - 0x00007fffd1f9b000 	C:\Windows\System32\ADVAPI32.dll
0x00007fffd3270000 - 0x00007fffd3317000 	C:\Windows\System32\sechost.dll
0x00007fffd3400000 - 0x00007fffd3518000 	C:\Windows\System32\RPCRT4.dll
0x00007fffd2190000 - 0x00007fffd2204000 	C:\Windows\System32\WS2_32.dll
0x00007fffcfe80000 - 0x00007fffcfede000 	C:\Windows\SYSTEM32\POWRPROF.dll
0x00007fffc5420000 - 0x00007fffc5455000 	C:\Windows\SYSTEM32\WINMM.dll
0x00007fffb6c70000 - 0x00007fffb6c7b000 	C:\Windows\SYSTEM32\VERSION.dll
0x00007fffcfe60000 - 0x00007fffcfe74000 	C:\Windows\SYSTEM32\UMPDC.dll
0x00007fffcedb0000 - 0x00007fffcedcb000 	C:\Windows\SYSTEM32\kernel.appcore.dll
0x00007fffa2600000 - 0x00007fffa260a000 	C:\Program Files\Android\Android Studio1\jbr\bin\jimage.dll
0x00007fffcda00000 - 0x00007fffcdc42000 	C:\Windows\SYSTEM32\DBGHELP.DLL
0x00007fffd2eb0000 - 0x00007fffd3232000 	C:\Windows\System32\combase.dll
0x00007fffd2250000 - 0x00007fffd2327000 	C:\Windows\System32\OLEAUT32.dll
0x00007fffa90a0000 - 0x00007fffa90db000 	C:\Windows\SYSTEM32\dbgcore.DLL
0x00007fffd1430000 - 0x00007fffd14d5000 	C:\Windows\System32\bcryptPrimitives.dll
0x00007fffa1780000 - 0x00007fffa178e000 	C:\Program Files\Android\Android Studio1\jbr\bin\instrument.dll
0x00007fff90190000 - 0x00007fff901b0000 	C:\Program Files\Android\Android Studio1\jbr\bin\java.dll
0x00007fff8f530000 - 0x00007fff8f548000 	C:\Program Files\Android\Android Studio1\jbr\bin\zip.dll
0x00007fffd2480000 - 0x00007fffd2bdf000 	C:\Windows\System32\SHELL32.dll
0x00007fffd0020000 - 0x00007fffd018a000 	C:\Windows\System32\wintypes.dll
0x00007fffd0350000 - 0x00007fffd0bb4000 	C:\Windows\System32\windows.storage.dll
0x00007fffd1c10000 - 0x00007fffd1d07000 	C:\Windows\System32\SHCORE.dll
0x00007fffd3690000 - 0x00007fffd36f7000 	C:\Windows\System32\shlwapi.dll
0x00007fffcff40000 - 0x00007fffcff69000 	C:\Windows\SYSTEM32\profapi.dll
0x00007fffa2370000 - 0x00007fffa2380000 	C:\Program Files\Android\Android Studio1\jbr\bin\net.dll
0x00007fffbbb30000 - 0x00007fffbbc57000 	C:\Windows\SYSTEM32\WINHTTP.dll
0x00007fffcf320000 - 0x00007fffcf38b000 	C:\Windows\system32\mswsock.dll
0x00007fff8f410000 - 0x00007fff8f426000 	C:\Program Files\Android\Android Studio1\jbr\bin\nio.dll
0x00007fffa2300000 - 0x00007fffa2310000 	C:\Program Files\Android\Android Studio1\jbr\bin\verify.dll
0x00007fff8c950000 - 0x00007fff8c977000 	C:\Users\vansh\.gradle\native\1def1411415f61bf3af743bc5b6707747c0891f09f0c88961ee8f79bc544acac\windows-amd64\native-platform.dll
0x00007fff5f4a0000 - 0x00007fff5f518000 	C:\Users\vansh\.gradle\native\0.2.7\x86_64-windows-gnu\gradle-fileevents.dll
0x00007fffa1ad0000 - 0x00007fffa1ad9000 	C:\Program Files\Android\Android Studio1\jbr\bin\management.dll
0x00007fffa1880000 - 0x00007fffa188b000 	C:\Program Files\Android\Android Studio1\jbr\bin\management_ext.dll
0x00007fffd2470000 - 0x00007fffd2478000 	C:\Windows\System32\PSAPI.DLL
0x00007fffce8f0000 - 0x00007fffce923000 	C:\Windows\SYSTEM32\IPHLPAPI.DLL
0x00007fffd2330000 - 0x00007fffd233a000 	C:\Windows\System32\NSI.dll
0x00007fffa17f0000 - 0x00007fffa17f9000 	C:\Program Files\Android\Android Studio1\jbr\bin\extnet.dll
0x00007fffcf610000 - 0x00007fffcf62b000 	C:\Windows\SYSTEM32\CRYPTSP.dll
0x00007fffced10000 - 0x00007fffced49000 	C:\Windows\system32\rsaenh.dll
0x00007fffcf3d0000 - 0x00007fffcf402000 	C:\Windows\SYSTEM32\USERENV.dll
0x00007fffcff10000 - 0x00007fffcff3a000 	C:\Windows\SYSTEM32\bcrypt.dll
0x00007fffcf600000 - 0x00007fffcf60c000 	C:\Windows\SYSTEM32\CRYPTBASE.dll
0x00007fff98230000 - 0x00007fff98238000 	C:\Windows\system32\wshunix.dll
0x00007fffa29a0000 - 0x00007fffa29b8000 	C:\Windows\system32\napinsp.dll
0x00007fffce930000 - 0x00007fffcea5a000 	C:\Windows\SYSTEM32\DNSAPI.dll
0x00007fffa2980000 - 0x00007fffa2992000 	C:\Windows\System32\winrnr.dll
0x00007fffa28c0000 - 0x00007fffa28e2000 	C:\Windows\system32\nlansp_c.dll
0x00007fffba5e0000 - 0x00007fffba5f6000 	C:\Windows\system32\wshbth.dll
0x00007fffba710000 - 0x00007fffba71b000 	C:\Windows\System32\rasadhlp.dll
0x00007fffbbea0000 - 0x00007fffbbf26000 	C:\Windows\System32\fwpuclnt.dll
0x00007fff8fe50000 - 0x00007fff8fe57000 	C:\Program Files\Android\Android Studio1\jbr\bin\rmi.dll

JVMTI agents:
C:\Users\vansh\.gradle\wrapper\dists\gradle-8.13-bin\5xuhj0ry160q40clulazy9h7d\gradle-8.13\lib\agents\gradle-instrumentation-agent-8.13.jar path:C:\Program Files\Android\Android Studio1\jbr\bin\instrument.dll, loaded, initialized, instrumentlib options:none

dbghelp: loaded successfully - version: 4.0.5 - missing functions: none
symbol engine: initialized successfully - sym options: 0x614 - pdb path: .;C:\Program Files\Android\Android Studio1\jbr\bin;C:\Windows\SYSTEM32;C:\Windows\WinSxS\amd64_microsoft.windows.common-controls_6595b64144ccf1df_6.0.26100.7922_none_3e089e1ee3342171;C:\Program Files\Android\Android Studio1\jbr\bin\server;C:\Users\vansh\.gradle\native\1def1411415f61bf3af743bc5b6707747c0891f09f0c88961ee8f79bc544acac\windows-amd64;C:\Users\vansh\.gradle\native\0.2.7\x86_64-windows-gnu

VM Arguments:
jvm_args: --add-opens=java.base/java.lang=ALL-UNNAMED --add-opens=java.base/java.lang.invoke=ALL-UNNAMED --add-opens=java.base/java.util=ALL-UNNAMED --add-opens=java.prefs/java.util.prefs=ALL-UNNAMED --add-exports=jdk.compiler/com.sun.tools.javac.api=ALL-UNNAMED --add-exports=jdk.compiler/com.sun.tools.javac.util=ALL-UNNAMED --add-opens=java.base/java.util=ALL-UNNAMED --add-opens=java.prefs/java.util.prefs=ALL-UNNAMED --add-opens=java.base/java.nio.charset=ALL-UNNAMED --add-opens=java.base/java.net=ALL-UNNAMED --add-opens=java.base/java.util.concurrent.atomic=ALL-UNNAMED --add-opens=java.xml/javax.xml.namespace=ALL-UNNAMED -XX:MaxMetaspaceSize=4G -XX:ReservedCodeCacheSize=512m -XX:+HeapDumpOnOutOfMemoryError -Xmx8G -Dfile.encoding=UTF-8 -Duser.country=US -Duser.language=en -Duser.variant -javaagent:C:\Users\vansh\.gradle\wrapper\dists\gradle-8.13-bin\5xuhj0ry160q40clulazy9h7d\gradle-8.13\lib\agents\gradle-instrumentation-agent-8.13.jar 
java_command: org.gradle.launcher.daemon.bootstrap.GradleDaemon 8.13
java_class_path (initial): C:\Users\vansh\.gradle\wrapper\dists\gradle-8.13-bin\5xuhj0ry160q40clulazy9h7d\gradle-8.13\lib\gradle-daemon-main-8.13.jar
Launcher Type: SUN_STANDARD

[Global flags]
     intx CICompilerCount                          = 4                                         {product} {ergonomic}
     uint ConcGCThreads                            = 2                                         {product} {ergonomic}
     uint G1ConcRefinementThreads                  = 8                                         {product} {ergonomic}
   size_t G1HeapRegionSize                         = 4194304                                   {product} {ergonomic}
    uintx GCDrainStackTargetSize                   = 64                                        {product} {ergonomic}
     bool HeapDumpOnOutOfMemoryError               = true                                   {manageable} {command line}
   size_t InitialHeapSize                          = 532676608                                 {product} {ergonomic}
   size_t MarkStackSize                            = 4194304                                   {product} {ergonomic}
   size_t MaxHeapSize                              = 8589934592                                {product} {command line}
   size_t MaxMetaspaceSize                         = 4294967296                                {product} {command line}
   size_t MaxNewSize                               = 5150605312                                {product} {ergonomic}
   size_t MinHeapDeltaBytes                        = 4194304                                   {product} {ergonomic}
   size_t MinHeapSize                              = 8388608                                   {product} {ergonomic}
    uintx NonNMethodCodeHeapSize                   = 5839372                                {pd product} {ergonomic}
    uintx NonProfiledCodeHeapSize                  = 265515770                              {pd product} {ergonomic}
    uintx ProfiledCodeHeapSize                     = 265515770                              {pd product} {ergonomic}
    uintx ReservedCodeCacheSize                    = 536870912                              {pd product} {command line}
     bool SegmentedCodeCache                       = true                                      {product} {ergonomic}
   size_t SoftMaxHeapSize                          = 8589934592                             {manageable} {ergonomic}
     bool UseCompressedOops                        = true                           {product lp64_product} {ergonomic}
     bool UseG1GC                                  = true                                      {product} {ergonomic}
     bool UseLargePagesIndividualAllocation        = false                                  {pd product} {ergonomic}

Logging:
Log output configuration:
 #0: stdout all=warning uptime,level,tags foldmultilines=false
 #1: stderr all=off uptime,level,tags foldmultilines=false

Release file:
JAVA_VERSION="21.0.9" 
MODULES="java.base java.compiler java.datatransfer java.xml java.prefs java.desktop java.instrument java.logging java.management java.security.sasl java.naming java.rmi java.management.rmi java.net.http java.scripting java.security.jgss java.transaction.xa java.sql java.sql.rowset java.xml.crypto java.se java.smartcardio jdk.accessibility jdk.internal.jvmstat jdk.attach jdk.charsets jdk.internal.opt jdk.zipfs jdk.compiler jdk.crypto.ec jdk.crypto.cryptoki jdk.dynalink jdk.hotspot.agent jdk.httpserver jdk.internal.ed jdk.internal.le jdk.internal.vm.ci jdk.jartool jdk.javadoc jdk.jcmd jdk.jdeps jdk.jdwp.agent jdk.jdi jdk.jfr jdk.jlink jdk.jsobject jdk.localedata jdk.management jdk.management.agent jdk.management.jfr jdk.naming.dns jdk.naming.rmi jdk.net jdk.sctp jdk.security.auth jdk.security.jgss jdk.unsupported jdk.unsupported.desktop jdk.xml.dom" 
IMPLEMENTOR="JetBrains s.r.o." 
JAVA_RUNTIME_VERSION="21.0.9+-14649483-b1163.86" 
LIBC="default" 
OS_ARCH="x86_64" 
OS_NAME="Windows" 
SOURCE=".:git:554d0c326095" 

Environment Variables:
JAVA_HOME=C:\Program Files\Android\Android Studio1\jbr
CLASSPATH=E:\needin_app (4)\needin_app (2)\needin_app\android\\gradle\wrapper\gradle-wrapper.jar
PATH=C:\Program Files\Android\Android Studio1\jbr\bin;C:\Windows\system32;C:\Windows;C:\Windows\System32\Wbem;C:\Windows\System32\WindowsPowerShell\v1.0\;C:\Windows\System32\OpenSSH\;C:\Program Files\dotnet\;C:\Program Files\Git\cmd;C:\Program Files\Git\bin;C:\Program Files\nodejs\;C:\Program Files\Tesseract-OCR;;C:\Program Files\Docker\Docker\resources\bin;C:\Windows\system32;C:\Windows;C:\Windows\System32\Wbem;C:\Windows\System32\WindowsPowerShell\v1.0\;C:\Windows\System32\OpenSSH\;C:\Program Files\dotnet\;C:\Program Files\Git\cmd;C:\Program Files\Git\bin;C:\Program Files\nodejs\;C:\Program Files\Tesseract-OCR;C:\Program Files\Docker\Docker\resources\bin;C:\Users\vansh\AppData\Local\Microsoft\WindowsApps;C:\Users\vansh\Downloads\Microsoft VS Code\bin;C:\Users\vansh\AppData\Roaming\npm;C:\Program Files\MongoDB\Server\8.2\bin;C:\Users\vansh\AppData\Local\Programs\Ollama;C:\Users\vansh\AppData\Local\Programs\cursor\resources\app\bin;C:\Users\vansh\Downloads\flutter\bin;C:\Users\vansh\AppData\Local\Programs\Antigravity\bin;C:\Users\vansh\AppData\Local\Google\Cloud SDK\google-cloud-sdk\bin;C:\Users\vansh\AppData\Local\Pub\Cache\bin;C:\Users\vansh\AppData\Local\Microsoft\WinGet\Packages\Google.PlatformTools_Microsoft.Winget.Source_8wekyb3d8bbwe\platform-tools;;E:\Ollama
USERNAME=vansh
OS=Windows_NT
PROCESSOR_IDENTIFIER=Intel64 Family 6 Model 189 Stepping 1, GenuineIntel
TMP=C:\Users\vansh\AppData\Local\Temp
TEMP=C:\Users\vansh\AppData\Local\Temp




Periodic native trim disabled

JNI global refs:
JNI global refs: 28, weak refs: 0

JNI global refs memory usage: 835, weak refs: 833

Process memory usage:
Resident Set Size: 994124K (3% of 33041060K total physical memory with 2903964K free physical memory)

OOME stack traces (most recent first):
Classloader memory used:
Loader org.gradle.internal.classloader.VisitableURLClassLoader$InstrumentingVisitableURLClassLoader: 54350K
Loader org.gradle.internal.classloader.VisitableURLClassLoader                         : 50679K
Loader bootstrap                                                                       : 32607K
Loader org.gradle.initialization.MixInLegacyTypesClassLoader                           : 13982K
Loader java.net.URLClassLoader                                                         : 1700K
Loader org.gradle.groovy.scripts.internal.DefaultScriptCompilationHandler$ScriptClassLoader: 1623K
Loader jdk.internal.loader.ClassLoaders$PlatformClassLoader                            : 634K
Loader jdk.internal.reflect.DelegatingClassLoader                                      : 569K
Loader jdk.internal.loader.ClassLoaders$AppClassLoader                                 : 236K
Loader org.gradle.internal.classloader.VisitableURLClassLoader                         : 195K
Loader org.codehaus.groovy.runtime.callsite.CallSiteClassLoader                        : 57480B

Classes loaded by more than one classloader:
Class Program                                                                         : loaded 11 times (x 72B)
Class Build_gradle$1                                                                  : loaded 4 times (x 75B)
Class Build_gradle                                                                    : loaded 4 times (x 130B)
Class org.jetbrains.kotlin.build.report.metrics.BuildTime                             : loaded 3 times (x 70B)
Class org.jetbrains.kotlin.build.report.metrics.GradleBuildTime$Companion             : loaded 3 times (x 71B)
Class Build_gradle$2                                                                  : loaded 3 times (x 74B)
Class [Lorg.jetbrains.kotlin.build.report.metrics.GradleBuildTime;                    : loaded 3 times (x 69B)
Class Settings_gradle                                                                 : loaded 3 times (x 128B)
Class org.jetbrains.kotlin.build.report.metrics.BuildMetricsReporter                  : loaded 3 times (x 70B)
Class [Lorg.jetbrains.kotlin.build.report.metrics.BuildTime;                          : loaded 3 times (x 69B)
Class org.jetbrains.kotlin.build.report.metrics.GradleBuildTime                       : loaded 3 times (x 88B)
Class kotlin.collections.CollectionsKt__ReversedViewsKt                               : loaded 2 times (x 71B)
Class com.google.common.io.FileWriteMode                                              : loaded 2 times (x 79B)
Class [Lcom.google.common.base.AbstractIterator$State;                                : loaded 2 times (x 69B)
Class com.google.common.collect.SortedSetMultimap                                     : loaded 2 times (x 70B)
Class org.jetbrains.kotlin.gradle.plugin.mpp.KotlinVariantWithCoordinates             : loaded 2 times (x 108B)
Class org.jetbrains.kotlin.gradle.tasks.CInteropProcess                               : loaded 2 times (x 347B)
Class org.jetbrains.kotlin.gradle.internal.KotlinDomApiDependencyManagementKt         : loaded 2 times (x 71B)
Class org.jetbrains.kotlin.gradle.plugin.KotlinPluginLifecycleImpl$launch$coroutine$1 : loaded 2 times (x 76B)
Class org.jetbrains.kotlin.gradle.targets.js.npm.NpmDependencyExtensionKt$defaultNpmDependencyDelegate$1: loaded 2 times (x 167B)
Class org.jetbrains.kotlin.gradle.plugin.diagnostics.checkers.MissingNativeStdlibChecker: loaded 2 times (x 74B)
Class org.jetbrains.kotlin.gradle.targets.native.KotilnNativeConfigureBinariesSideEffectKt: loaded 2 times (x 71B)
Class org.jetbrains.kotlin.gradle.plugin.KotlinPlatformType$DisambiguationRule        : loaded 2 times (x 76B)
Class org.jetbrains.kotlin.gradle.plugin.KotlinPlatformType$Companion                 : loaded 2 times (x 71B)
Class org.jetbrains.kotlin.gradle.plugin.internal.ConfigurationCacheStartParameterAccessorKt: loaded 2 times (x 71B)
Class com.google.common.base.CharMatcher$IsEither                                     : loaded 2 times (x 111B)
Class org.gradle.internal.classloader.ClassLoaderHierarchy                            : loaded 2 times (x 70B)
Class com.google.common.collect.AbstractMapBasedMultimap$WrappedCollection            : loaded 2 times (x 124B)
Class org.jetbrains.kotlin.gradle.plugin.hierarchy.KotlinSourceSetTreeClassifierKt    : loaded 2 times (x 71B)
Class org.jetbrains.kotlin.gradle.report.UsesBuildMetricsService                      : loaded 2 times (x 70B)
Class org.jetbrains.kotlin.gradle.plugin.mpp.compilationImpl.factory.KotlinCompilationImplFactory$KotlinCompilationSourceSetsContainerFactory: loaded 2 times (x 70B)
Class org.jetbrains.kotlin.gradle.utils.MutableObservableSet                          : loaded 2 times (x 70B)
Class org.jetbrains.kotlin.gradle.dsl.KotlinHierarchyDsl                              : loaded 2 times (x 70B)
Class org.jetbrains.kotlin.gradle.report.BuildReportType                              : loaded 2 times (x 79B)
Class org.jetbrains.kotlin.statistics.metrics.StringAnonymizationPolicy$AllowedListAnonymizer: loaded 2 times (x 79B)
Class com.google.common.collect.ImmutableEnumSet                                      : loaded 2 times (x 146B)
Class com.google.common.util.concurrent.ExecutionError                                : loaded 2 times (x 82B)
Class com.google.common.collect.ImmutableList$1                                       : loaded 2 times (x 97B)
Class org.gradle.api.internal.classpath.ManifestUtil                                  : loaded 2 times (x 71B)
Class com.google.common.io.ByteArrayDataOutput                                        : loaded 2 times (x 70B)
Class org.jetbrains.kotlin.gradle.tasks.KotlinCompile$androidLayoutResources$1        : loaded 2 times (x 74B)
Class org.jetbrains.kotlin.gradle.report.GradleBuildMetricsReporter                   : loaded 2 times (x 100B)
Class org.jetbrains.kotlin.gradle.utils.FutureKt$future$1                             : loaded 2 times (x 95B)
Class org.jetbrains.kotlin.gradle.plugin.mpp.KotlinMetadataCompilation                : loaded 2 times (x 70B)
Class org.jetbrains.kotlin.gradle.plugin.sources.KotlinDependencyScope                : loaded 2 times (x 79B)
Class org.jetbrains.kotlin.gradle.tasks.configuration.AbstractKotlinCompileConfig$1   : loaded 2 times (x 79B)
Class org.jetbrains.kotlin.gradle.plugin.mpp.compilationImpl.KotlinCompilationFriendPathsResolver: loaded 2 times (x 70B)
Class org.jetbrains.kotlin.konan.target.KonanTarget$ANDROID_ARM64                     : loaded 2 times (x 78B)
Class org.jetbrains.kotlin.gradle.artifacts.KotlinNativeHostSpecificMetadataArtifactKt$KotlinNativeHostSpecificMetadataArtifact$1: loaded 2 times (x 74B)
Class org.jetbrains.kotlin.gradle.plugin.mpp.compilationImpl.KotlinCompilationSideEffect$Companion: loaded 2 times (x 71B)
Class org.jetbrains.kotlin.gradle.plugin.mpp.KotlinUsages$KotlinMetadataDisambiguation: loaded 2 times (x 76B)
Class org.jetbrains.kotlin.gradle.internal.properties.PropertiesBuildService$IntGradleProperty: loaded 2 times (x 76B)
Class com.google.common.collect.RegularImmutableMap                                   : loaded 2 times (x 121B)
Class com.google.common.collect.ImmutableMap$MapViewOfValuesAsSingletonSets           : loaded 2 times (x 126B)
Class build_6hw4k8r52q5ylblwhgvixf86r                                                 : loaded 2 times (x 181B)
Class org.jetbrains.kotlin.gradle.tasks.AbstractKotlinCompile$compilerRunner$1        : loaded 2 times (x 75B)
Class org.jetbrains.kotlin.gradle.tasks.CacheableTasksKt$cacheOnlyIfEnabledForKotlin$1: loaded 2 times (x 75B)
Class org.jetbrains.kotlin.gradle.internal.transforms.BuildToolsApiClasspathEntrySnapshotTransform: loaded 2 times (x 82B)
Class org.jetbrains.kotlin.gradle.tasks.configuration.AbstractKotlinCompileConfig$2   : loaded 2 times (x 79B)
Class org.jetbrains.kotlin.gradle.plugin.mpp.compilationImpl.factory.KotlinCompilationImplFactory$PreConfigure: loaded 2 times (x 70B)
Class org.jetbrains.kotlin.gradle.plugin.KotlinProjectSetupActionKt$KotlinProjectSetupCoroutine$1$1: loaded 2 times (x 95B)
Class org.jetbrains.kotlin.konan.target.KonanTarget$WATCHOS_ARM32                     : loaded 2 times (x 78B)
Class org.jetbrains.kotlin.gradle.targets.js.dsl.KotlinJsTargetDsl                    : loaded 2 times (x 70B)
Class org.jetbrains.kotlin.gradle.plugin.KotlinPluginLifecycleImplKt                  : loaded 2 times (x 71B)
Class org.jetbrains.kotlin.gradle.plugin.diagnostics.checkers.DeprecatedKotlinNativeTargetsChecker$runChecks$1: loaded 2 times (x 88B)
Class org.jetbrains.kotlin.gradle.plugin.KotlinPluginLifecycleImpl$WhenMappings       : loaded 2 times (x 71B)
Class org.jetbrains.kotlin.gradle.dsl.KotlinCommonCompilerToolOptionsHelper           : loaded 2 times (x 71B)
Class org.jetbrains.kotlin.gradle.plugin.KotlinTargetComponent                        : loaded 2 times (x 70B)
Class org.jetbrains.kotlin.gradle.plugin.KotlinGradlePluginExtensionPointInternal     : loaded 2 times (x 76B)
Class org.jetbrains.kotlin.statistics.metrics.StringOverridePolicy$OVERRIDE_VERSION_IF_NOT_SET: loaded 2 times (x 85B)
Class org.jetbrains.kotlin.gradle.plugin.statistics.KotlinBuildStatsBeanService$Companion$initStatsService$1: loaded 2 times (x 79B)
Class org.jetbrains.kotlin.gradle.plugin.VariantImplementationFactories$Companion$getProvider$1: loaded 2 times (x 75B)
Class org.jetbrains.kotlin.gradle.internal.properties.PropertiesBuildService$BooleanGradleProperty: loaded 2 times (x 76B)
Class org.jetbrains.kotlin.gradle.dsl.KotlinProjectExtension                          : loaded 2 times (x 122B)
Class [Lorg.objectweb.asm.Symbol;                                                     : loaded 2 times (x 69B)
Class org.objectweb.asm.ClassVisitor                                                  : loaded 2 times (x 88B)
Class com.google.common.collect.UnmodifiableListIterator                              : loaded 2 times (x 95B)
Class org.jetbrains.kotlin.gradle.plugin.KotlinPluginLifecycle$ProjectConfigurationResult$Failure: loaded 2 times (x 72B)
Class com.google.common.base.Platform$JdkPatternCompiler                              : loaded 2 times (x 75B)
Class org.jetbrains.kotlin.gradle.plugin.sources.DefaultKotlinSourceSet$MetadataDependencyTransformation: loaded 2 times (x 72B)
Class org.jetbrains.kotlin.gradle.tasks.DefaultKotlinJavaToolchain$Companion          : loaded 2 times (x 71B)
Class org.jetbrains.kotlin.gradle.tasks.DefaultKotlinJavaToolchain                    : loaded 2 times (x 77B)
Class org.jetbrains.kotlin.gradle.targets.native.toolchain.KotlinNativeBundleBuildService$Parameters: loaded 2 times (x 70B)
Class org.jetbrains.kotlin.gradle.targets.native.toolchain.KotlinNativeBundleBuildService: loaded 2 times (x 77B)
Class org.jetbrains.kotlin.gradle.plugin.KotlinGradleBuildServices                    : loaded 2 times (x 80B)
Class [Lorg.jetbrains.kotlin.statistics.ValueAnonymizer;                              : loaded 2 times (x 69B)
Class org.jetbrains.kotlin.gradle.internal.properties.PropertiesBuildService$MemoizedCallable$value$2: loaded 2 times (x 79B)
Class org.objectweb.asm.MethodTooLargeException                                       : loaded 2 times (x 83B)
Class [Lcom.google.common.cache.CacheBuilder$OneWeigher;                              : loaded 2 times (x 69B)
Class com.google.common.base.Suppliers                                                : loaded 2 times (x 71B)
Class org.gradle.internal.classloader.DefaultClassLoaderFactory                       : loaded 2 times (x 82B)
Class kotlin.sequences.SequencesKt___SequencesKt                                      : loaded 2 times (x 71B)
Class kotlin.collections.AbstractList$Companion                                       : loaded 2 times (x 71B)
Class com.google.common.base.CharMatcher$None                                         : loaded 2 times (x 112B)
Class com.google.common.io.ByteSource$ConcatenatedByteSource                          : loaded 2 times (x 85B)
Class [Lcom.google.common.collect.AbstractIterator$State;                             : loaded 2 times (x 69B)
Class com.google.common.collect.ReverseNaturalOrdering                                : loaded 2 times (x 114B)
Class org.jetbrains.kotlin.gradle.plugin.PropertiesProvider$kotlinCompilerArgumentsLogLevel$1: loaded 2 times (x 74B)
Class org.jetbrains.kotlin.compilerRunner.CompilerSystemPropertiesService$Parameters_Decorated: loaded 2 times (x 134B)
Class org.jetbrains.kotlin.gradle.plugin.KotlinTargetWithTests                        : loaded 2 times (x 70B)
Class org.jetbrains.kotlin.gradle.plugin.diagnostics.ToolingDiagnosticRenderingOptions: loaded 2 times (x 72B)
Class [Lorg.jetbrains.kotlin.gradle.dsl.KotlinVersion;                                : loaded 2 times (x 69B)
Class org.jetbrains.kotlin.gradle.plugin.diagnostics.checkers.JsEnvironmentChecker    : loaded 2 times (x 76B)
Class org.jetbrains.kotlin.gradle.targets.js.npm.NpmDependencyExtensionKt             : loaded 2 times (x 71B)
Class org.jetbrains.kotlin.gradle.plugin.diagnostics.UsesKotlinToolingDiagnosticsParameters: loaded 2 times (x 70B)
Class org.jetbrains.kotlin.gradle.report.BuildMetricsService                          : loaded 2 times (x 86B)
Class org.jetbrains.kotlin.statistics.metrics.NumberAnonymizationPolicy               : loaded 2 times (x 85B)
Class org.jetbrains.kotlin.statistics.metrics.StringAnonymizationPolicy               : loaded 2 times (x 78B)
Class org.gradle.internal.classloader.ClassLoaderVisitor                              : loaded 2 times (x 76B)
Class com.google.common.collect.Ordering                                              : loaded 2 times (x 114B)
Class org.jetbrains.kotlin.build.report.metrics.BuildPerformanceMetrics               : loaded 2 times (x 72B)
Class org.jetbrains.kotlin.gradle.plugin.mpp.compilationImpl.KotlinCompilationLanguageSettingsConfigurator: loaded 2 times (x 74B)
Class org.jetbrains.kotlin.gradle.plugin.KotlinPluginLifecycleKt$await$1              : loaded 2 times (x 88B)
Class [Lorg.jetbrains.kotlin.gradle.plugin.KotlinCompilation;                         : loaded 2 times (x 69B)
Class org.jetbrains.kotlin.gradle.plugin.mpp.KotlinTargetComponentWithPublication     : loaded 2 times (x 70B)
Class org.jetbrains.kotlin.gradle.plugin.mpp.compilationImpl.KotlinCreateNativeCompileTasksSideEffectKt: loaded 2 times (x 71B)
Class org.jetbrains.kotlin.gradle.plugin.KotlinProjectSetupActionKt                   : loaded 2 times (x 71B)
Class org.jetbrains.kotlin.gradle.dsl.KotlinTargetContainerWithJsPresetFunctions      : loaded 2 times (x 70B)
Class org.jetbrains.kotlin.gradle.report.ReportingSettings$Companion                  : loaded 2 times (x 71B)
Class org.jetbrains.kotlin.gradle.report.ConfigureReporingKt                          : loaded 2 times (x 71B)
Class org.jetbrains.kotlin.tooling.core.TypeUtils                                     : loaded 2 times (x 71B)
Class [Lcom.google.common.collect.ImmutableMapEntry;                                  : loaded 2 times (x 69B)
Class org.gradle.api.internal.classpath.EffectiveClassPath                            : loaded 2 times (x 90B)
Class kotlin.text.StringsKt__AppendableKt                                             : loaded 2 times (x 71B)
Class org.jetbrains.kotlin.gradle.plugin.mpp.compilationImpl.DefaultKotlinCompilationConfigurationsContainer: loaded 2 times (x 84B)
Class com.google.common.collect.ImmutableRangeSet                                     : loaded 2 times (x 115B)
Class org.jetbrains.kotlin.konan.target.KonanTarget$ANDROID_ARM32                     : loaded 2 times (x 78B)
Class org.jetbrains.kotlin.gradle.tasks.TasksProviderKt                               : loaded 2 times (x 71B)
Class org.jetbrains.kotlin.gradle.plugin.diagnostics.ToolingDiagnostic                : loaded 2 times (x 72B)
Class org.jetbrains.kotlin.gradle.plugin.sources.DefaultKotlinSourceSetFactory        : loaded 2 times (x 80B)
Class com.google.common.collect.ListMultimap                                          : loaded 2 times (x 70B)
Class com.google.common.collect.ImmutableEnumMap                                      : loaded 2 times (x 126B)
Class com.google.common.collect.ImmutableSet$SerializedForm                           : loaded 2 times (x 73B)
Class com.google.common.base.Splitter                                                 : loaded 2 times (x 72B)
Class com.google.common.collect.ComparatorOrdering                                    : loaded 2 times (x 115B)
Class org.jetbrains.kotlin.incremental.ClasspathChanges                               : loaded 2 times (x 71B)
Class org.jetbrains.kotlin.buildtools.api.jvm.ClassSnapshotGranularity                : loaded 2 times (x 79B)
Class org.jetbrains.kotlin.gradle.ExternalKotlinTargetApi                             : loaded 2 times (x 70B)
Class com.google.common.collect.Iterators$EmptyModifiableIterator                     : loaded 2 times (x 86B)
Class org.jetbrains.kotlin.gradle.plugin.diagnostics.checkers.AndroidPluginWithoutAndroidTargetChecker$runChecks$1: loaded 2 times (x 88B)
Class org.jetbrains.kotlin.gradle.plugin.diagnostics.checkers.AndroidSourceSetLayoutV1SourceSetsNotFoundChecker$runChecks$1: loaded 2 times (x 88B)
Class org.jetbrains.kotlin.gradle.plugin.diagnostics.KotlinGradleProjectCheckersRunnerKt$launchKotlinGradleProjectCheckers$1$1: loaded 2 times (x 95B)
Class org.jetbrains.kotlin.konan.target.KonanTarget                                   : loaded 2 times (x 78B)
Class org.jetbrains.kotlin.gradle.targets.CreateDefaultTestRunSideEffectKt            : loaded 2 times (x 71B)
Class org.jetbrains.kotlin.gradle.utils.ProviderApiUtilsKt$mapOrNull$1                : loaded 2 times (x 75B)
Class org.jetbrains.kotlin.gradle.targets.native.toolchain.KotlinNativeBundleBuildService$Companion$registerIfAbsent$1: loaded 2 times (x 75B)
Class org.jetbrains.kotlin.statistics.metrics.BooleanAnonymizationPolicy              : loaded 2 times (x 85B)
Class org.jetbrains.kotlin.statistics.metrics.BooleanOverridePolicy$OVERRIDE          : loaded 2 times (x 85B)
Class org.jetbrains.kotlin.gradle.plugin.PropertiesProvider$kotlinExperimentalTryNext$1: loaded 2 times (x 75B)
Class org.jetbrains.kotlin.gradle.plugin.VariantImplementationFactoriesConfigurator$Companion$getProvider$1: loaded 2 times (x 74B)
Class com.google.common.collect.Sets$1                                                : loaded 2 times (x 139B)
Class org.objectweb.asm.AnnotationVisitor                                             : loaded 2 times (x 78B)
Class org.gradle.api.internal.DefaultClassPathProvider                                : loaded 2 times (x 76B)
Class kotlin.sequences.Sequence                                                       : loaded 2 times (x 70B)
Class kotlin.text.StringsKt__StringNumberConversionsJVMKt                             : loaded 2 times (x 71B)
Class com.google.common.collect.Maps$ViewCachingAbstractMap                           : loaded 2 times (x 125B)
Class com.google.common.io.CharSource$ConcatenatedCharSource                          : loaded 2 times (x 86B)
Class com.google.common.collect.NaturalOrdering                                       : loaded 2 times (x 115B)
Class org.jetbrains.kotlin.gradle.tasks.configuration.KaptGenerateStubsConfig$Companion$wireJavaAndKotlinOutputs$1: loaded 2 times (x 79B)
Class org.jetbrains.kotlin.gradle.plugin.KotlinPluginLifecycleCoroutineContextElement : loaded 2 times (x 84B)
Class org.jetbrains.kotlin.gradle.dsl.PlatformSourceSetConventionsChecker             : loaded 2 times (x 74B)
Class org.jetbrains.kotlin.gradle.plugin.diagnostics.checkers.KotlinSourceSetTreeDependsOnMismatchChecker: loaded 2 times (x 74B)
Class org.jetbrains.kotlin.gradle.targets.CreateDefaultCompilationsSideEffectKt       : loaded 2 times (x 71B)
Class org.jetbrains.kotlin.gradle.plugin.mpp.SyncLanguageSettingsWithKotlinExtensionSetupActionKt: loaded 2 times (x 71B)
Class org.jetbrains.kotlin.statistics.metrics.NumericalMetrics                        : loaded 2 times (x 80B)
Class org.jetbrains.kotlin.gradle.plugin.VariantImplementationFactories$Companion$getProvider$2$1: loaded 2 times (x 79B)
Class com.google.common.collect.Sets$2                                                : loaded 2 times (x 139B)
Class [Lorg.gradle.api.internal.ClassPathProvider;                                    : loaded 2 times (x 69B)
Class org.gradle.api.internal.ClassPathProvider                                       : loaded 2 times (x 70B)
Class com.google.common.base.AbstractIterator$State                                   : loaded 2 times (x 79B)
Class org.jetbrains.kotlin.gradle.plugin.statistics.ExecutedTaskMetrics               : loaded 2 times (x 71B)
Class org.jetbrains.kotlin.gradle.plugin.diagnostics.CheckKotlinGradlePluginConfigurationErrors$Companion: loaded 2 times (x 71B)
Class org.jetbrains.kotlin.gradle.tasks.KotlinJvmCompile$DefaultImpls                 : loaded 2 times (x 71B)
Class org.jetbrains.kotlin.gradle.tasks.CacheableTasksKt                              : loaded 2 times (x 71B)
Class org.jetbrains.kotlin.konan.target.HostManager$targetValues$2                    : loaded 2 times (x 78B)
Class org.jetbrains.kotlin.gradle.plugin.diagnostics.checkers.UnusedSourceSetsChecker$runChecks$1: loaded 2 times (x 88B)
Class [Lorg.jetbrains.kotlin.konan.target.Family;                                     : loaded 2 times (x 69B)
Class org.jetbrains.kotlin.gradle.targets.js.npm.PeerNpmDependencyExtension           : loaded 2 times (x 70B)
Class org.jetbrains.kotlin.gradle.dsl.AndroidMainSourceSetConventionsChecker          : loaded 2 times (x 74B)
Class org.jetbrains.kotlin.gradle.plugin.diagnostics.checkers.WasmJsEnvironmentChecker$1: loaded 2 times (x 78B)
Class org.jetbrains.kotlin.gradle.targets.js.npm.NpmDependencyExtensionKt$AddNpmDependencyExtensionProjectSetupAction$1: loaded 2 times (x 74B)
Class org.jetbrains.kotlin.build.report.metrics.GradleBuildPerformanceMetric          : loaded 2 times (x 97B)
Class org.jetbrains.kotlin.gradle.internal.properties.PropertiesBuildService$NullableBooleanGradleProperty: loaded 2 times (x 76B)
Class [Lorg.objectweb.asm.AnnotationVisitor;                                          : loaded 2 times (x 69B)
Class com.google.common.collect.Sets$3                                                : loaded 2 times (x 139B)
Class com.google.common.util.concurrent.AbstractFuture$SafeAtomicHelper               : loaded 2 times (x 79B)
Class com.google.common.cache.LocalCache$LocalLoadingCache                            : loaded 2 times (x 134B)
Class org.gradle.internal.service.UnknownServiceException                             : loaded 2 times (x 83B)
Class com.google.common.io.ByteArrayDataInput                                         : loaded 2 times (x 70B)
Class org.jetbrains.kotlin.gradle.tasks.configuration.BaseKotlinCompileConfig$2$1$1$1 : loaded 2 times (x 74B)
Class org.jetbrains.kotlin.gradle.tasks.KotlinCompile$ScriptFilterSpec                : loaded 2 times (x 75B)
Class org.jetbrains.kotlin.gradle.plugin.diagnostics.checkers.ComposePluginSuggestApplyChecker$runChecks$1: loaded 2 times (x 88B)
Class org.jetbrains.kotlin.konan.target.KonanTarget$TVOS_ARM64                        : loaded 2 times (x 78B)
Class org.jetbrains.kotlin.gradle.targets.js.npm.DefaultPeerNpmDependencyExtension    : loaded 2 times (x 141B)
Class org.jetbrains.kotlin.gradle.plugin.KotlinPluginLifecycleKt                      : loaded 2 times (x 71B)
Class org.jetbrains.kotlin.gradle.plugin.diagnostics.checkers.WasmJsEnvironmentChecker$2: loaded 2 times (x 78B)
Class org.jetbrains.kotlin.gradle.plugin.mpp.AbstractKotlinTarget                     : loaded 2 times (x 150B)
Class org.jetbrains.kotlin.gradle.internal.properties.NativePropertiesLoader$kotlinNativeVersion$1: loaded 2 times (x 75B)
Class org.jetbrains.kotlin.gradle.plugin.VariantImplementationFactoriesConfigurator$Inject: loaded 2 times (x 96B)
Class org.jetbrains.kotlin.gradle.dsl.KotlinSingleTargetExtension                     : loaded 2 times (x 124B)
Class com.google.common.collect.Sets$4                                                : loaded 2 times (x 139B)
Class org.objectweb.asm.ModuleVisitor                                                 : loaded 2 times (x 81B)
Class com.google.common.cache.LocalCache$Strength$1                                   : loaded 2 times (x 81B)
Class org.jetbrains.kotlin.gradle.tasks.configuration.BaseKotlinCompileConfig$2$1$1$2 : loaded 2 times (x 74B)
Class org.jetbrains.kotlin.gradle.plugin.mpp.KotlinCompilationsKt$addSourcesToKotlinCompileTask$configureAction$2: loaded 2 times (x 79B)
Class org.jetbrains.kotlin.gradle.plugin.mpp.compilationImpl.KotlinCompilationTaskNamesContainer: loaded 2 times (x 72B)
Class org.jetbrains.kotlin.gradle.plugin.mpp.compilationImpl.factory.KotlinCompilationImplFactory$KotlinCompilerOptionsFactory: loaded 2 times (x 70B)
Class org.jetbrains.kotlin.gradle.internal.properties.PropertiesBuildServiceKt$propertyWithDeprecatedName$1: loaded 2 times (x 75B)
Class org.jetbrains.kotlin.gradle.targets.js.npm.NpmDependencyExtension               : loaded 2 times (x 70B)
Class org.jetbrains.kotlin.gradle.plugin.LanguageSettingsBuilder                      : loaded 2 times (x 70B)
Class org.jetbrains.kotlin.gradle.plugin.diagnostics.checkers.WasmWasiEnvironmentChecker: loaded 2 times (x 76B)
Class org.jetbrains.kotlin.gradle.plugin.diagnostics.checkers.WasmJsEnvironmentChecker$3: loaded 2 times (x 78B)
Class org.jetbrains.kotlin.gradle.targets.ConfigureBuildSideEffectKt                  : loaded 2 times (x 71B)
Class org.jetbrains.kotlin.gradle.plugin.BuildEventsListenerRegistryHolder$Companion  : loaded 2 times (x 71B)
Class [Lorg.jetbrains.kotlin.statistics.metrics.StringMetrics;                        : loaded 2 times (x 69B)
Class org.jetbrains.kotlin.gradle.internal.properties.PropertiesBuildService$Inject   : loaded 2 times (x 96B)
Class com.google.common.util.concurrent.SettableFuture                                : loaded 2 times (x 114B)
Class com.google.common.cache.LocalCache$Strength$2                                   : loaded 2 times (x 81B)
Class kotlin.collections.ArraysKt___ArraysJvmKt                                       : loaded 2 times (x 71B)
Class kotlin.collections.CollectionsKt__CollectionsKt                                 : loaded 2 times (x 71B)
Class kotlin.text.StringsKt__RegexExtensionsJVMKt                                     : loaded 2 times (x 71B)
Class build_9ge2bxi931lxm0dfdyyx09fjl                                                 : loaded 2 times (x 180B)
Class com.google.common.collect.TransformedIterator                                   : loaded 2 times (x 80B)
Class com.google.common.base.Splitter$1                                               : loaded 2 times (x 77B)
Class com.google.common.io.ByteStreams                                                : loaded 2 times (x 71B)
Class com.google.common.collect.AllEqualOrdering                                      : loaded 2 times (x 114B)
Class org.jetbrains.kotlin.gradle.tasks.KotlinJavaToolchain$JdkSetter                 : loaded 2 times (x 70B)
Class org.jetbrains.kotlin.gradle.plugin.KotlinPluginLifecycle$ProjectConfigurationResult$Success: loaded 2 times (x 71B)
Class org.jetbrains.kotlin.gradle.internal.StdlibDependencyManagementKt$configureStdlibVersionAlignment$1: loaded 2 times (x 75B)
Class org.jetbrains.kotlin.gradle.plugin.diagnostics.checkers.OverriddenKotlinNativeHomeChecker$allKonanMainSubdirectoriesExist$1$1: loaded 2 times (x 75B)
Class org.jetbrains.kotlin.gradle.dsl.PlatformSourceSetConventionsChecker$CheckedPlatformInfo: loaded 2 times (x 72B)
Class org.jetbrains.kotlin.gradle.plugin.diagnostics.checkers.WasmJsEnvironmentChecker$4: loaded 2 times (x 78B)
Class org.jetbrains.kotlin.gradle.plugin.mpp.KotlinUsages$KotlinCinteropDisambiguation: loaded 2 times (x 76B)
Class org.jetbrains.kotlin.gradle.plugin.KotlinPluginInMultipleProjectsHolder         : loaded 2 times (x 72B)
Class org.jetbrains.kotlin.gradle.report.BuildReportType$Companion                    : loaded 2 times (x 71B)
Class com.google.common.cache.LocalCache$Strength$3                                   : loaded 2 times (x 81B)
Class com.google.common.collect.MapDifference                                         : loaded 2 times (x 70B)
Class org.jetbrains.kotlin.gradle.tasks.KotlinCompilerPluginData$InputsOutputsState   : loaded 2 times (x 72B)
Class org.jetbrains.kotlin.gradle.plugin.sources.FragmentConsistencyChecks$optInAnnotationsCheck$1: loaded 2 times (x 79B)
Class org.jetbrains.kotlin.gradle.plugin.mpp.AbstractKotlinCompilationToRunnableFiles : loaded 2 times (x 196B)
Class org.jetbrains.kotlin.gradle.artifacts.KotlinMetadataArtifactKt$KotlinMetadataArtifact$1: loaded 2 times (x 74B)
Class org.jetbrains.kotlin.gradle.plugin.mpp.KotlinUsages$KotlinMetadataCompatibility : loaded 2 times (x 76B)
Class [Lorg.jetbrains.kotlin.gradle.dsl.JvmTarget;                                    : loaded 2 times (x 69B)
Class org.jetbrains.kotlin.gradle.utils.ConfigurationsKt$maybeCreateResolvable$1      : loaded 2 times (x 78B)
Class org.jetbrains.kotlin.gradle.plugin.StatisticsBuildFlowManager$Companion         : loaded 2 times (x 71B)
Class org.jetbrains.kotlin.statistics.metrics.StringMetrics$Companion                 : loaded 2 times (x 71B)
Class org.jetbrains.kotlin.gradle.internal.properties.PropertiesBuildService$property$1$1: loaded 2 times (x 75B)
Class org.jetbrains.kotlin.tooling.core.Extras$Type                                   : loaded 2 times (x 72B)
Class org.objectweb.asm.FieldWriter                                                   : loaded 2 times (x 78B)
Class com.google.common.cache.CacheBuilder$NullListener                               : loaded 2 times (x 82B)
Class org.gradle.internal.classpath.TransformedClassPath                              : loaded 2 times (x 96B)
Class org.gradle.internal.classloader.InstrumentingClassLoader                        : loaded 2 times (x 70B)
Class kotlin.enums.EnumEntriesList                                                    : loaded 2 times (x 223B)
Class build_7zcxkhipi6xoaieroim24gyv0$_run_closure1                                   : loaded 2 times (x 139B)
Class build_11rtarm5z7ru1x0wbquzgnh6w                                                 : loaded 2 times (x 180B)
Class com.google.common.collect.ImmutableRangeSet$AsSet                               : loaded 2 times (x 300B)
Class org.jetbrains.kotlin.gradle.plugin.sources.FragmentConsistencyChecks$optInAnnotationsCheck$2: loaded 2 times (x 78B)
Class org.jetbrains.kotlin.gradle.targets.NativeForwardImplementationToApiElementsSideEffectKt$special$$inlined$KotlinTargetSideEffect$1: loaded 2 times (x 74B)
Class org.jetbrains.kotlin.gradle.plugin.BuildFinishedListenerService$Companion       : loaded 2 times (x 71B)
Class org.jetbrains.kotlin.gradle.plugin.BuildFinishedListenerService                 : loaded 2 times (x 80B)
Class com.google.common.cache.CacheLoader$FunctionToCacheLoader                       : loaded 2 times (x 75B)
Class com.google.common.collect.Iterators$ArrayItr                                    : loaded 2 times (x 97B)
Class com.google.common.collect.ImmutableCollection$Builder                           : loaded 2 times (x 76B)
Class kotlin.collections.CollectionsKt__IteratorsJVMKt                                : loaded 2 times (x 71B)
Class org.jetbrains.kotlin.gradle.tasks.AbstractKotlinCompileTool$sources$1           : loaded 2 times (x 79B)
Class org.jetbrains.kotlin.gradle.tasks.configuration.TaskConfigAction                : loaded 2 times (x 72B)
Class org.jetbrains.kotlin.gradle.plugin.diagnostics.checkers.OverriddenKotlinNativeHomeChecker$allKonanMainSubdirectoriesExist$1: loaded 2 times (x 75B)
Class org.jetbrains.kotlin.gradle.plugin.AbstractKotlinPlugin$Companion               : loaded 2 times (x 71B)
Class org.jetbrains.kotlin.gradle.plugin.KotlinSourceSetTree                          : loaded 2 times (x 72B)
Class org.jetbrains.kotlin.gradle.plugin.KotlinPluginLifecycle$Stage                  : loaded 2 times (x 79B)
Class org.jetbrains.kotlin.gradle.plugin.mpp.compilationImpl.KotlinCreateResourcesTaskSideEffectKt$KotlinCreateResourcesTaskSideEffect$1: loaded 2 times (x 74B)
Class org.jetbrains.kotlin.gradle.plugin.sources.KotlinSourceSetFactory               : loaded 2 times (x 80B)
Class org.jetbrains.kotlin.gradle.targets.native.toolchain.KotlinNativeBundleBuildService$Parameters_Decorated: loaded 2 times (x 143B)
Class org.jetbrains.kotlin.gradle.internal.ClassLoadersCachingBuildService$Companion  : loaded 2 times (x 71B)
Class com.google.common.base.Joiner                                                   : loaded 2 times (x 79B)
Class com.google.common.base.MoreObjects                                              : loaded 2 times (x 71B)
Class kotlin.sequences.SequencesKt__SequenceBuilderKt                                 : loaded 2 times (x 71B)
Class [Lorg.jetbrains.kotlin.build.report.metrics.BuildAttribute;                     : loaded 2 times (x 69B)
Class org.jetbrains.kotlin.gradle.utils.ProviderApiUtilsKt$mapOrNull$1$1              : loaded 2 times (x 75B)
Class org.jetbrains.kotlin.gradle.plugin.hierarchy.KotlinSourceSetTreeClassifier$Default: loaded 2 times (x 71B)
Class org.jetbrains.kotlin.gradle.plugin.mpp.InternalKotlinCompilationKt              : loaded 2 times (x 71B)
Class org.jetbrains.kotlin.gradle.tasks.configuration.AbstractKotlinCompileConfig     : loaded 2 times (x 72B)
Class org.jetbrains.kotlin.gradle.plugin.mpp.compilationImpl.KotlinCompilationImpl$attributes$2: loaded 2 times (x 79B)
Class org.jetbrains.kotlin.gradle.plugin.diagnostics.checkers.OverriddenKotlinNativeHomeChecker$StdlibExistenceCheckerValueSource: loaded 2 times (x 78B)
Class org.jetbrains.kotlin.gradle.utils.IsolatedKotlinClasspathClassCastException     : loaded 2 times (x 82B)
Class com.google.common.collect.Platform                                              : loaded 2 times (x 71B)
Class [Lorg.objectweb.asm.Type;                                                       : loaded 2 times (x 69B)
Class com.google.common.collect.UnmodifiableIterator                                  : loaded 2 times (x 80B)
Class org.gradle.internal.service.ServiceLocator                                      : loaded 2 times (x 70B)
Class org.jetbrains.kotlin.gradle.tasks.DefaultKotlinJavaToolchain$DefaultJavaToolchainSetter$useAsConvention$1: loaded 2 times (x 75B)
Class org.jetbrains.kotlin.gradle.plugin.KotlinCompilerArgumentsProducer$CreateCompilerArgumentsContext: loaded 2 times (x 70B)
Class org.jetbrains.kotlin.gradle.utils.GradleAttributesContainerUtilsKt$copyAttributeTo$1: loaded 2 times (x 79B)
Class org.jetbrains.kotlin.gradle.plugin.hierarchy.KotlinSourceSetTreeClassifierKt$classify$1: loaded 2 times (x 88B)
Class [Lorg.jetbrains.kotlin.konan.target.KonanTarget;                                : loaded 2 times (x 69B)
Class org.jetbrains.kotlin.gradle.plugin.diagnostics.checkers.WasmSourceSetsNotFoundChecker: loaded 2 times (x 74B)
Class org.jetbrains.kotlin.gradle.plugin.diagnostics.checkers.AndroidSourceSetLayoutV1SourceSetsNotFoundChecker$androidSourceSetRegex$2: loaded 2 times (x 78B)
Class org.jetbrains.kotlin.gradle.plugin.statistics.KotlinBuildStatsLoggerService$Companion: loaded 2 times (x 71B)
Class com.google.common.base.Ascii                                                    : loaded 2 times (x 71B)
Class com.google.common.collect.SingletonImmutableBiMap                               : loaded 2 times (x 143B)
Class com.google.common.cache.LocalCache$1                                            : loaded 2 times (x 89B)
Class com.google.common.collect.AbstractMapEntry                                      : loaded 2 times (x 81B)
Class kotlin.io.CloseableKt                                                           : loaded 2 times (x 71B)
Class kotlin.collections.CollectionsKt__MutableCollectionsKt                          : loaded 2 times (x 71B)
Class com.google.common.io.CharSource$StringCharSource                                : loaded 2 times (x 86B)
Class com.google.common.io.ByteSource$ByteArrayByteSource                             : loaded 2 times (x 85B)
Class com.google.common.collect.AbstractSetMultimap                                   : loaded 2 times (x 174B)
Class org.jetbrains.kotlin.gradle.plugin.KotlinCompilationWithResources               : loaded 2 times (x 70B)
Class com.google.common.collect.Sets$ImprovedAbstractSet                              : loaded 2 times (x 135B)
Class com.google.common.collect.ImmutableList$Builder                                 : loaded 2 times (x 77B)
Class org.jetbrains.kotlin.gradle.plugin.KotlinTargetPreset                           : loaded 2 times (x 70B)
Class org.jetbrains.kotlin.gradle.plugin.diagnostics.checkers.KotlinTargetAlreadyDeclaredChecker: loaded 2 times (x 74B)
Class org.jetbrains.kotlin.gradle.plugin.mpp.compilationImpl.KotlinCompilationProcessorSideEffectKt: loaded 2 times (x 71B)
Class org.jetbrains.kotlin.gradle.utils.FileUtilsKt$localProperties$1                 : loaded 2 times (x 75B)
Class org.jetbrains.kotlin.gradle.dsl.HasConfigurableKotlinCompilerOptions            : loaded 2 times (x 70B)
Class com.google.common.collect.AbstractMultimap                                      : loaded 2 times (x 123B)
Class com.google.common.cache.LocalCache$2                                            : loaded 2 times (x 142B)
Class org.jetbrains.kotlin.gradle.tasks.configuration.AbstractKotlinCompileConfig$2$1 : loaded 2 times (x 79B)
Class org.jetbrains.kotlin.gradle.tasks.DefaultKotlinJavaToolchain_Decorated          : loaded 2 times (x 126B)
Class org.jetbrains.kotlin.gradle.plugin.statistics.KotlinProjectConfigurationMetrics : loaded 2 times (x 71B)
Class org.jetbrains.kotlin.gradle.plugin.KotlinCompilationInfo$TCS                    : loaded 2 times (x 89B)
Class com.google.common.collect.ImmutableRangeSet$1                                   : loaded 2 times (x 210B)
Class org.jetbrains.kotlin.gradle.plugin.mpp.HasBinaries                              : loaded 2 times (x 70B)
Class org.jetbrains.kotlin.gradle.dsl.KotlinCommonOptions                             : loaded 2 times (x 70B)
Class org.jetbrains.kotlin.gradle.plugin.mpp.compilationImpl.KotlinCreateSourcesJarTaskSideEffectKt: loaded 2 times (x 71B)
Class org.jetbrains.kotlin.gradle.dsl.KotlinJvmProjectExtension                       : loaded 2 times (x 147B)
Class org.jetbrains.kotlin.gradle.plugin.KotlinGradlePluginExtensionPointInternalKt   : loaded 2 times (x 71B)
Class org.jetbrains.kotlin.gradle.targets.native.toolchain.UsesKotlinNativeBundleBuildService: loaded 2 times (x 70B)
Class org.jetbrains.kotlin.gradle.plugin.KotlinCompilerArgumentsProducer              : loaded 2 times (x 70B)
Class org.jetbrains.kotlin.build.report.metrics.ValueType                             : loaded 2 times (x 79B)
Class com.google.common.util.concurrent.AbstractFuture$UnsafeAtomicHelper$1           : loaded 2 times (x 76B)
Class com.google.common.collect.RegularImmutableAsList                                : loaded 2 times (x 217B)
Class com.google.common.base.Optional                                                 : loaded 2 times (x 80B)
Class org.jetbrains.kotlin.build.report.metrics.BuildTimes$Companion                  : loaded 2 times (x 71B)
Class org.jetbrains.kotlin.gradle.tasks.configuration.BaseKotlinCompileConfig$1$classpathConfiguration$1: loaded 2 times (x 75B)
Class com.google.common.collect.Range                                                 : loaded 2 times (x 87B)
Class org.jetbrains.kotlin.gradle.targets.js.npm.NpmDependencyExtensionDelegate       : loaded 2 times (x 167B)
Class org.jetbrains.kotlin.gradle.plugin.sources.FragmentConsistencyChecker           : loaded 2 times (x 72B)
Class org.jetbrains.kotlin.gradle.dsl.DefaultToolchainSupport_Decorated               : loaded 2 times (x 124B)
Class org.jetbrains.kotlin.gradle.internal.properties.NativePropertiesLoader$jvmArgs$1: loaded 2 times (x 75B)
Class org.jetbrains.kotlin.gradle.report.BuildMetricsService$Companion                : loaded 2 times (x 71B)
Class org.jetbrains.kotlin.gradle.tasks.KotlinCompileTool                             : loaded 2 times (x 70B)
Class org.jetbrains.kotlin.gradle.plugin.VariantImplementationFactories$Parameters_Decorated: loaded 2 times (x 134B)
Class org.jetbrains.kotlin.gradle.plugin.PropertiesProvider$PropertyNames             : loaded 2 times (x 71B)
Class org.jetbrains.kotlin.gradle.utils.SingleAction$PerformedActions                 : loaded 2 times (x 72B)
Class org.jetbrains.kotlin.gradle.utils.GradleUtilsKt                                 : loaded 2 times (x 71B)
Class org.jetbrains.kotlin.gradle.plugin.HasProject                                   : loaded 2 times (x 70B)
Class com.google.common.util.concurrent.AbstractFuture$Trusted                        : loaded 2 times (x 70B)
Class com.google.common.collect.Iterators                                             : loaded 2 times (x 71B)
Class kotlin.sequences.FilteringSequence$iterator$1                                   : loaded 2 times (x 79B)
Class com.google.common.io.ByteSink$AsCharSink                                        : loaded 2 times (x 80B)
Class com.google.common.collect.ExplicitOrdering                                      : loaded 2 times (x 115B)
Class org.jetbrains.kotlin.gradle.tasks.configuration.AbstractKotlinCompileConfig$2$3 : loaded 2 times (x 75B)
Class org.jetbrains.kotlin.gradle.tasks.configuration.BaseKotlinCompileConfig         : loaded 2 times (x 72B)
Class org.jetbrains.kotlin.gradle.plugin.mpp.compilationImpl.factory.KotlinCompilationImplFactory$KotlinCompilationTaskNamesContainerFactory: loaded 2 times (x 70B)
Class org.jetbrains.kotlin.gradle.internal.KotlinDependenciesManagementKt$CustomizeKotlinDependenciesSetupAction$1$coreLibrariesVersion$1: loaded 2 times (x 79B)
Class org.jetbrains.kotlin.gradle.plugin.diagnostics.checkers.CInteropInputChecker$runChecks$1: loaded 2 times (x 88B)
Class org.jetbrains.kotlin.gradle.ExperimentalKotlinGradlePluginApi                   : loaded 2 times (x 70B)
Class org.jetbrains.kotlin.gradle.internal.properties.NativePropertiesLoader          : loaded 2 times (x 85B)
Class org.jetbrains.kotlin.statistics.metrics.NumberAnonymizationPolicy$SAFE          : loaded 2 times (x 85B)
Class org.jetbrains.kotlin.gradle.plugin.statistics.BuildFusService                   : loaded 2 times (x 84B)
Class com.google.common.collect.Lists$StringAsImmutableList                           : loaded 2 times (x 207B)
Class com.google.common.util.concurrent.UncheckedExecutionException                   : loaded 2 times (x 82B)
Class org.jetbrains.kotlin.gradle.tasks.configuration.AbstractKotlinCompileConfig$2$4 : loaded 2 times (x 75B)
Class org.jetbrains.kotlin.gradle.tasks.KotlinCompile$scriptSources$1                 : loaded 2 times (x 75B)
Class org.jetbrains.kotlin.build.report.metrics.BuildAttribute$Companion              : loaded 2 times (x 71B)
Class org.jetbrains.kotlin.gradle.plugin.diagnostics.checkers.CInteropInputChecker$runChecks$2: loaded 2 times (x 75B)
Class org.jetbrains.kotlin.gradle.tasks.configuration.KaptGenerateStubsConfig$Companion: loaded 2 times (x 71B)
Class org.jetbrains.kotlin.gradle.internal.KotlinTestDependencyManagementKt$maybeAddTestDependencyCapability$1: loaded 2 times (x 75B)
Class org.jetbrains.kotlin.gradle.plugin.diagnostics.CheckKotlinGradlePluginConfigurationErrorsKt: loaded 2 times (x 71B)
Class org.jetbrains.kotlin.gradle.targets.js.npm.NpmDependencyExtensionKt$AddNpmDependencyExtensionProjectSetupAction$1$WhenMappings: loaded 2 times (x 71B)
Class org.jetbrains.kotlin.gradle.plugin.mpp.KotlinJvmAndroidCompilation              : loaded 2 times (x 198B)
Class org.jetbrains.kotlin.gradle.targets.CreateDefaultCompilationsSideEffectKt$CreateDefaultCompilationsSideEffect$1: loaded 2 times (x 74B)
Class org.jetbrains.kotlin.gradle.targets.native.internal.AddKotlinPlatformIntegersSupportLibraryKt$AddKotlinPlatformIntegersSupportLibrary$1: loaded 2 times (x 95B)
Class org.jetbrains.kotlin.gradle.plugin.mpp.ApplyUserDefinedAttributesKt             : loaded 2 times (x 71B)
Class org.jetbrains.kotlin.gradle.utils.FutureImpl                                    : loaded 2 times (x 80B)
Class org.jetbrains.kotlin.gradle.internal.properties.NativePropertiesLoader$isToolchainEnabled$1: loaded 2 times (x 75B)
Class [Lorg.jetbrains.kotlin.statistics.metrics.NumericalMetrics;                     : loaded 2 times (x 69B)
Class org.gradle.internal.InternalTransformer                                         : loaded 2 times (x 70B)
Class kotlin.collections.MapsKt__MapsJVMKt                                            : loaded 2 times (x 71B)
Class kotlin.collections.EmptyList                                                    : loaded 2 times (x 174B)
Class build_abtnyqe52tw4j7frhnjfr3r3e                                                 : loaded 2 times (x 180B)
Class com.google.common.collect.HashMultimapGwtSerializationDependencies              : loaded 2 times (x 174B)
Class org.jetbrains.kotlin.gradle.tasks.CompileUsingKotlinDaemonWithNormalization     : loaded 2 times (x 70B)
Class org.jetbrains.kotlin.gradle.plugin.mpp.compilationImpl.factory.KotlinCompilationImplFactory$PostConfigure$Companion: loaded 2 times (x 71B)
Class com.google.common.collect.AbstractMapBasedMultimap$KeySet$1                     : loaded 2 times (x 82B)
Class org.jetbrains.kotlin.gradle.internal.KotlinDomApiDependencyManagementKt$configureKotlinDomApiDefaultDependency$1: loaded 2 times (x 79B)
Class org.jetbrains.kotlin.gradle.targets.js.npm.DefaultDevNpmDependencyExtension     : loaded 2 times (x 145B)
Class [Lorg.jetbrains.kotlin.gradle.plugin.HasKotlinDependencies;                     : loaded 2 times (x 69B)
Class org.jetbrains.kotlin.gradle.tasks.DefaultKotlinJavaToolchain$Companion$wireJvmTargetToToolchain$1: loaded 2 times (x 75B)
Class org.jetbrains.kotlin.gradle.plugin.diagnostics.checkers.JsLikeEnvironmentChecker: loaded 2 times (x 76B)
Class org.jetbrains.kotlin.gradle.plugin.KotlinPlatformType                           : loaded 2 times (x 82B)
Class org.jetbrains.kotlin.gradle.plugin.KotlinGradleBuildServices$Companion          : loaded 2 times (x 71B)
Class org.jetbrains.kotlin.gradle.internal.properties.PropertiesBuildServiceKt        : loaded 2 times (x 71B)
Class org.objectweb.asm.ClassWriter                                                   : loaded 2 times (x 106B)
Class com.google.common.base.CharMatcher$And                                          : loaded 2 times (x 112B)
Class com.google.common.cache.CacheLoader$UnsupportedLoadingOperationException        : loaded 2 times (x 82B)
Class org.gradle.internal.classloader.ClasspathUtil$1                                 : loaded 2 times (x 76B)
Class build_efq95008ji880mfr7m2m1o20k$_run_closure1                                   : loaded 2 times (x 139B)
Class com.google.common.collect.FluentIterable$1                                      : loaded 2 times (x 81B)
Class com.google.common.base.Objects                                                  : loaded 2 times (x 71B)
Class com.google.common.collect.AbstractMapBasedMultimap$Itr                          : loaded 2 times (x 83B)
Class org.jetbrains.kotlin.gradle.plugin.diagnostics.ToolingDiagnosticRenderingOptions$Companion: loaded 2 times (x 71B)
Class org.jetbrains.kotlin.gradle.dsl.KotlinJvmCompilerOptionsHelper                  : loaded 2 times (x 71B)
Class org.jetbrains.kotlin.gradle.tasks.DefaultKotlinJavaToolchain$Companion$wireJvmTargetToToolchain$2: loaded 2 times (x 75B)
Class org.jetbrains.kotlin.gradle.plugin.ProjectLocalConfigurations$ProjectLocalDisambiguation: loaded 2 times (x 76B)
Class org.jetbrains.kotlin.gradle.plugin.mpp.apple.swiftexport.internal.SwiftExportInitKt: loaded 2 times (x 71B)
Class org.jetbrains.kotlin.gradle.internal.properties.PropertiesBuildService$NullableStringGradleProperty: loaded 2 times (x 76B)
Class org.jetbrains.kotlin.gradle.plugin.KotlinGradleBuildServices$detectKotlinPluginLoadedInMultipleProjects$onRegister$1$1: loaded 2 times (x 75B)
Class org.jetbrains.kotlin.gradle.plugin.internal.ConfigurationCacheStartParameterAccessor$Factory: loaded 2 times (x 70B)
Class org.objectweb.asm.FieldVisitor                                                  : loaded 2 times (x 77B)
Class com.google.common.collect.IndexedImmutableSet                                   : loaded 2 times (x 152B)
Class com.google.common.collect.ImmutableMap$1                                        : loaded 2 times (x 81B)
Class com.google.common.collect.BiMap                                                 : loaded 2 times (x 70B)
Class org.gradle.api.internal.classpath.DefaultModuleRegistry$DefaultModule           : loaded 2 times (x 86B)
Class org.jetbrains.kotlin.buildtools.api.KotlinLogger                                : loaded 2 times (x 70B)
Class com.google.common.base.Absent                                                   : loaded 2 times (x 80B)
Class com.google.common.collect.FluentIterable$2                                      : loaded 2 times (x 81B)
Class org.jetbrains.kotlin.gradle.internal.transforms.BuildToolsApiClasspathEntrySnapshotTransform$Parameters$Inject: loaded 2 times (x 119B)
Class com.google.common.collect.NullsFirstOrdering                                    : loaded 2 times (x 115B)
Class org.jetbrains.kotlin.gradle.plugin.diagnostics.CheckKotlinGradlePluginConfigurationErrors_Decorated: loaded 2 times (x 369B)
Class org.jetbrains.kotlin.gradle.plugin.mpp.compilationImpl.KotlinCompilationSourceSetInclusion$DefaultAddSourcesToCompileTask$addSources$1: loaded 2 times (x 79B)
Class org.jetbrains.kotlin.gradle.plugin.diagnostics.checkers.WasmSourceSetsNotFoundChecker$wasmSourceSetRegex$2: loaded 2 times (x 78B)
Class org.jetbrains.kotlin.gradle.plugin.mpp.compilationImpl.KotlinCompilationSideEffect: loaded 2 times (x 70B)
Class org.jetbrains.kotlin.gradle.plugin.KotlinGradlePluginExtensionPoint             : loaded 2 times (x 70B)
Class org.jetbrains.kotlin.tooling.core.ExtrasUtilsKt                                 : loaded 2 times (x 71B)
Class org.jetbrains.kotlin.buildtools.api.ExperimentalBuildToolsApi                   : loaded 2 times (x 70B)
Class org.jetbrains.kotlin.gradle.utils.ResourceUtilsKt                               : loaded 2 times (x 71B)
Class org.jetbrains.kotlin.gradle.plugin.KotlinPluginWrapperKt$kotlinPluginVersionFromResources$1: loaded 2 times (x 78B)
Class com.google.common.primitives.Ints                                               : loaded 2 times (x 71B)
Class com.google.common.collect.AbstractIterator                                      : loaded 2 times (x 82B)
Class kotlin.collections.ArraysKt__ArraysKt                                           : loaded 2 times (x 71B)
Class build_1x4qeyqw0md33yrvls2dmerx3$_run_closure1                                   : loaded 2 times (x 139B)
Class com.google.common.collect.FluentIterable$3                                      : loaded 2 times (x 81B)
Class org.jetbrains.kotlin.gradle.tasks.UsesKotlinJavaToolchain$DefaultImpls          : loaded 2 times (x 71B)
Class org.jetbrains.kotlin.build.report.metrics.BuildAttributeKind$Companion          : loaded 2 times (x 71B)
Class org.jetbrains.kotlin.gradle.plugin.mpp.KotlinTargetSoftwareComponentImplKt$KotlinTargetSoftwareComponent$1$1$1: loaded 2 times (x 75B)
Class org.jetbrains.kotlin.gradle.tasks.configuration.KaptGenerateStubsConfig$Companion$configureLibraries$1: loaded 2 times (x 79B)
Class org.jetbrains.kotlin.gradle.plugin.mpp.compilationImpl.KotlinCompilationSourceSetInclusion$DefaultAddSourcesToCompileTask$addSources$2: loaded 2 times (x 79B)
Class org.jetbrains.kotlin.gradle.tasks.AbstractKotlinCompile                         : loaded 2 times (x 459B)
Class org.jetbrains.kotlin.gradle.plugin.KotlinCompilationOutput                      : loaded 2 times (x 70B)
Class org.jetbrains.kotlin.gradle.plugin.diagnostics.CheckKotlinGradlePluginConfigurationErrorsKt$addDependsOnFromTasksThatShouldFailWhenErrorsReported$1: loaded 2 times (x 75B)
Class org.jetbrains.kotlin.konan.target.KonanTarget$TVOS_X64                          : loaded 2 times (x 78B)
Class org.jetbrains.kotlin.gradle.plugin.diagnostics.KotlinToolingDiagnosticsSetupActionKt: loaded 2 times (x 71B)
Class org.jetbrains.kotlin.gradle.plugin.KotlinGradleBuildServices$Parameters$Inject  : loaded 2 times (x 106B)
Class org.jetbrains.kotlin.gradle.plugin.KotlinPluginWrapperKt$kotlinPluginVersionFromResources$1$1: loaded 2 times (x 71B)
Class com.google.common.collect.ObjectArrays                                          : loaded 2 times (x 71B)
Class com.google.common.collect.Multiset                                              : loaded 2 times (x 70B)
Class com.google.common.collect.ArrayListMultimapGwtSerializationDependencies         : loaded 2 times (x 172B)
Class com.google.common.collect.AbstractIndexedListIterator                           : loaded 2 times (x 96B)
Class com.google.common.math.MathPreconditions                                        : loaded 2 times (x 71B)
Class kotlin.collections.SetsKt__SetsJVMKt                                            : loaded 2 times (x 71B)
Class kotlin.Function                                                                 : loaded 2 times (x 70B)
Class org.jetbrains.kotlin.tooling.core.Extras$Entry                                  : loaded 2 times (x 72B)
Class org.jetbrains.kotlin.gradle.plugin.sources.InternalKotlinSourceSetKt            : loaded 2 times (x 71B)
Class org.jetbrains.kotlin.gradle.internal.Kapt3GradleSubplugin$Kapt3SubpluginContext : loaded 2 times (x 72B)
Class org.jetbrains.kotlin.gradle.artifacts.KotlinTargetArtifact                      : loaded 2 times (x 70B)
Class org.jetbrains.kotlin.gradle.dsl.KotlinJvmCompilerOptionsDefault_Decorated       : loaded 2 times (x 171B)
Class org.jetbrains.kotlin.gradle.plugin.HasKotlinDependencies                        : loaded 2 times (x 70B)
Class org.jetbrains.kotlin.gradle.targets.native.toolchain.KotlinNativeBundleBuildService$Companion: loaded 2 times (x 71B)
Class org.jetbrains.kotlin.gradle.plugin.BuildEventsListenerRegistryHolder_Decorated  : loaded 2 times (x 119B)
Class org.jetbrains.kotlin.gradle.plugin.statistics.MetricContainer                   : loaded 2 times (x 72B)
Class org.jetbrains.kotlin.gradle.plugin.statistics.old.Pre232IdeaKotlinBuildStatsMXBean: loaded 2 times (x 70B)
Class org.jetbrains.kotlin.gradle.plugin.statistics.KotlinBuildStatsServicesRegistry  : loaded 2 times (x 78B)
Class org.jetbrains.kotlin.gradle.plugin.VariantImplementationFactoriesConfigurator   : loaded 2 times (x 76B)
Class com.google.common.collect.ImmutableMapEntrySet                                  : loaded 2 times (x 152B)
Class org.gradle.api.internal.classpath.Module                                        : loaded 2 times (x 70B)
Class org.jetbrains.kotlin.gradle.tasks.DefaultKotlinJavaToolchain$getToolsJarFromJvm$1$1: loaded 2 times (x 79B)
Class org.jetbrains.kotlin.gradle.tasks.KotlinCompile$ClasspathSnapshotProperties_Decorated: loaded 2 times (x 137B)
Class org.jetbrains.kotlin.gradle.internal.transforms.BuildToolsApiClasspathEntrySnapshotTransform$Parameters_Decorated: loaded 2 times (x 157B)
Class org.jetbrains.kotlin.gradle.plugin.mpp.compilationImpl.KotlinCompilationSourceSetInclusion$Companion$includedSourceSets$2: loaded 2 times (x 78B)
Class org.jetbrains.kotlin.gradle.plugin.diagnostics.KotlinToolingDiagnosticsSetupActionKt$KotlinToolingDiagnosticsSetupAction$1$1: loaded 2 times (x 75B)
Class org.jetbrains.kotlin.gradle.targets.js.npm.NpmDirectoryDependencyWithExternalsExtension: loaded 2 times (x 70B)
Class org.jetbrains.kotlin.gradle.plugin.KotlinProjectSetupAction                     : loaded 2 times (x 70B)
Class org.jetbrains.kotlin.gradle.plugin.KotlinGradleFinishBuildHandler$Companion     : loaded 2 times (x 71B)
Class com.google.common.cache.Weigher                                                 : loaded 2 times (x 70B)
Class org.gradle.api.internal.classpath.UnknownModuleException                        : loaded 2 times (x 82B)
Class build_3cu9vpt1b624ve5r5s4r8c3ea$_run_closure1                                   : loaded 2 times (x 139B)
Class org.jetbrains.kotlin.gradle.plugin.mpp.InternalKotlinTargetComponentKt          : loaded 2 times (x 71B)
Class org.jetbrains.kotlin.gradle.plugin.mpp.InternalKotlinTarget$DefaultImpls        : loaded 2 times (x 71B)
Class org.jetbrains.kotlin.gradle.plugin.KotlinPluginLifecycleImpl$executeCurrentStageAndScheduleNext$3: loaded 2 times (x 75B)
Class org.jetbrains.kotlin.gradle.plugin.mpp.compilationImpl.KotlinCompilationRegisterInSourceSetsConfigurator$configure$1: loaded 2 times (x 79B)
Class org.jetbrains.kotlin.gradle.plugin.diagnostics.KotlinToolingDiagnosticsSetupActionKt$KotlinToolingDiagnosticsSetupAction$1$2: loaded 2 times (x 95B)
Class org.jetbrains.kotlin.gradle.targets.js.npm.NpmDependencyWithExternalsExtension  : loaded 2 times (x 70B)
Class org.jetbrains.kotlin.gradle.plugin.mpp.KotlinUsageContext                       : loaded 2 times (x 70B)
Class org.jetbrains.kotlin.gradle.plugin.KotlinTargetsContainer                       : loaded 2 times (x 70B)
Class org.jetbrains.kotlin.compilerRunner.GradleCliCommonizerKt                       : loaded 2 times (x 71B)
Class org.jetbrains.kotlin.gradle.utils.ConfigurationsKt                              : loaded 2 times (x 71B)
Class org.jetbrains.kotlin.gradle.plugin.StatisticsBuildFlowManager                   : loaded 2 times (x 72B)
Class org.jetbrains.kotlin.gradle.plugin.statistics.BuildFusService$Parameters        : loaded 2 times (x 70B)
Class org.jetbrains.kotlin.gradle.plugin.PluginWrappersKt                             : loaded 2 times (x 71B)
Class com.google.common.base.Stopwatch                                                : loaded 2 times (x 72B)
Class com.google.common.cache.LocalCache$Strength                                     : loaded 2 times (x 81B)
Class com.google.common.cache.Cache                                                   : loaded 2 times (x 70B)
Class org.gradle.internal.classloader.FilteringClassLoader                            : loaded 2 times (x 105B)
Class com.google.common.base.NullnessCasts                                            : loaded 2 times (x 71B)
Class com.google.common.io.Files$2                                                    : loaded 2 times (x 76B)
Class org.jetbrains.kotlin.gradle.plugin.mpp.InternalKotlinTargetKt                   : loaded 2 times (x 71B)
Class com.google.common.collect.AbstractMultimap$Entries                              : loaded 2 times (x 120B)
Class org.jetbrains.kotlin.gradle.plugin.diagnostics.KotlinToolingDiagnosticsSetupActionKt$KotlinToolingDiagnosticsSetupAction$1$3: loaded 2 times (x 75B)
Class org.jetbrains.kotlin.gradle.targets.js.dsl.KotlinTargetWithNodeJsDsl            : loaded 2 times (x 70B)
Class org.jetbrains.kotlin.gradle.plugin.sources.DefaultKotlinSourceSetKt$defaultSourceSetLanguageSettingsChecker$1: loaded 2 times (x 78B)
Class org.jetbrains.kotlin.gradle.plugin.sources.InternalKotlinSourceSet              : loaded 2 times (x 70B)
Class org.jetbrains.kotlin.gradle.plugin.KotlinJvmPlugin                              : loaded 2 times (x 79B)
Class org.jetbrains.kotlin.gradle.plugin.mpp.SyncLanguageSettingsWithKotlinExtensionSetupActionKt$SyncLanguageSettingsWithKotlinExtensionSetupAction$1: loaded 2 times (x 95B)
Class org.jetbrains.kotlin.gradle.dsl.KotlinGradlePluginPublicDsl                     : loaded 2 times (x 70B)
Class org.jetbrains.kotlin.gradle.internal.properties.NativeProperties                : loaded 2 times (x 70B)
Class org.jetbrains.kotlin.statistics.BuildSessionLogger                              : loaded 2 times (x 77B)
Class org.jetbrains.kotlin.gradle.plugin.internal.ConfigurationCacheStartParameterAccessor: loaded 2 times (x 70B)
Class com.google.common.util.concurrent.AbstractFuture$Cancellation                   : loaded 2 times (x 72B)
Class com.google.common.collect.ImmutableMap$Builder                                  : loaded 2 times (x 82B)
Class build_abtnyqe52tw4j7frhnjfr3r3e$_run_closure1$_closure3                         : loaded 2 times (x 139B)
Class com.google.common.base.Present                                                  : loaded 2 times (x 81B)
Class com.google.common.collect.AbstractMapBasedMultimap$WrappedCollection$WrappedIterator: loaded 2 times (x 84B)
Class org.jetbrains.kotlin.gradle.utils.FutureKt$future$2$1                           : loaded 2 times (x 95B)
Class [Lorg.jetbrains.kotlin.gradle.plugin.statistics.plugins.ObservablePlugins;      : loaded 2 times (x 69B)
Class org.jetbrains.kotlin.gradle.plugin.internal.BuildIdService$Companion$registerIfAbsent$1$1: loaded 2 times (x 75B)
Class org.jetbrains.kotlin.konan.target.KonanTarget$IOS_ARM64                         : loaded 2 times (x 78B)
Class org.jetbrains.kotlin.gradle.targets.js.dsl.KotlinWasmTargetDsl                  : loaded 2 times (x 70B)
Class org.jetbrains.kotlin.gradle.plugin.diagnostics.checkers.DisabledCinteropCommonizationInHmppProjectChecker$runChecks$1: loaded 2 times (x 88B)
Class org.jetbrains.kotlin.gradle.plugin.sources.ConsistencyCheck                     : loaded 2 times (x 72B)
Class org.jetbrains.kotlin.gradle.plugin.sources.DefaultKotlinSourceSetKt$defaultSourceSetLanguageSettingsChecker$2: loaded 2 times (x 78B)
Class org.jetbrains.kotlin.gradle.dsl.KotlinCommonToolOptions                         : loaded 2 times (x 70B)
Class org.jetbrains.kotlin.gradle.plugin.AbstractKotlinPlugin                         : loaded 2 times (x 78B)
Class org.jetbrains.kotlin.gradle.tasks.DefaultKotlinJavaToolchain$Companion$wireJvmTargetToJvm$1: loaded 2 times (x 75B)
Class org.jetbrains.kotlin.gradle.plugin.diagnostics.checkers.ComposePluginSuggestApplyChecker: loaded 2 times (x 74B)
Class org.jetbrains.kotlin.gradle.dsl.KotlinMultiplatformExtension                    : loaded 2 times (x 607B)
Class com.google.common.cache.RemovalListener                                         : loaded 2 times (x 70B)
Class org.gradle.api.internal.DefaultClassPathRegistry                                : loaded 2 times (x 76B)
Class org.jetbrains.kotlin.gradle.plugin.mpp.KotlinTargetSoftwareComponentImplKt$KotlinTargetSoftwareComponent$1$1$configuration$1: loaded 2 times (x 79B)
Class org.jetbrains.kotlin.gradle.targets.js.npm.DefaultPeerNpmDependencyExtension$delegate$1: loaded 2 times (x 167B)
Class org.jetbrains.kotlin.gradle.targets.js.npm.NpmDependency                        : loaded 2 times (x 97B)
Class org.jetbrains.kotlin.gradle.targets.js.npm.DefaultNpmDependencyExtension        : loaded 2 times (x 152B)
Class org.jetbrains.kotlin.gradle.targets.js.npm.NpmDependency$Scope                  : loaded 2 times (x 79B)
Class org.jetbrains.kotlin.gradle.plugin.sources.FragmentConsistencyChecks$unstableFeaturesCheck$1: loaded 2 times (x 79B)
Class org.jetbrains.kotlin.gradle.plugin.sources.DefaultKotlinSourceSet               : loaded 2 times (x 141B)
Class org.jetbrains.kotlin.gradle.plugin.diagnostics.checkers.AndroidSourceSetLayoutV1SourceSetsNotFoundChecker: loaded 2 times (x 74B)
Class org.jetbrains.kotlin.gradle.utils.ConfigurationsKt$sam$org_gradle_api_Action$0  : loaded 2 times (x 75B)
Class org.jetbrains.kotlin.gradle.plugin.VariantImplementationFactories$Parameters    : loaded 2 times (x 70B)
Class com.google.common.primitives.IntsMethodsForWeb                                  : loaded 2 times (x 71B)
Class com.google.common.collect.Multimap                                              : loaded 2 times (x 70B)
Class org.gradle.api.internal.ClassPathRegistry                                       : loaded 2 times (x 70B)
Class org.gradle.internal.classpath.DefaultClassPath$ImmutableUniqueList              : loaded 2 times (x 199B)
Class kotlin.text.StringsKt__StringsJVMKt                                             : loaded 2 times (x 71B)
Class com.google.common.collect.NullnessCasts                                         : loaded 2 times (x 71B)
Class com.google.common.base.ExtraObjectsMethodsForWeb                                : loaded 2 times (x 71B)
Class org.jetbrains.kotlin.gradle.plugin.KotlinCompilation$DefaultImpls               : loaded 2 times (x 71B)
Class org.jetbrains.kotlin.gradle.utils.ProviderApiUtilsKt$providerWithLazyConvention$1: loaded 2 times (x 74B)
Class org.jetbrains.kotlin.konan.target.KonanTarget$Companion$predefinedTargets$2     : loaded 2 times (x 78B)
Class org.jetbrains.kotlin.gradle.plugin.sources.FragmentConsistencyChecks$unstableFeaturesCheck$2: loaded 2 times (x 78B)
Class org.jetbrains.kotlin.gradle.plugin.KotlinPluginLifecycleImpl                    : loaded 2 times (x 80B)
Class org.jetbrains.kotlin.gradle.plugin.diagnostics.KotlinToolingDiagnostics$WasmWasiEnvironmentNotChosenExplicitly: loaded 2 times (x 73B)
Class org.jetbrains.kotlin.gradle.artifacts.KotlinNativeKlibArtifactKt$KotlinNativeKlibArtifact$1: loaded 2 times (x 74B)
Class org.jetbrains.kotlin.gradle.dsl.KotlinCommonCompilerOptionsDefault              : loaded 2 times (x 96B)
Class org.jetbrains.kotlin.gradle.dsl.KotlinCommonCompilerToolOptionsDefault          : loaded 2 times (x 84B)
Class org.jetbrains.kotlin.gradle.internal.properties.NativePropertiesLoader$isUseXcodeMessageStyleEnabled$1: loaded 2 times (x 75B)
Class org.jetbrains.kotlin.gradle.plugin.statistics.KotlinBuildStatisticsUtilsKt$collectGeneralConfigurationTimeMetrics$statisticOverhead$1$2: loaded 2 times (x 75B)
Class org.jetbrains.kotlin.gradle.plugin.StatisticsBuildFlowManager_Decorated         : loaded 2 times (x 119B)
Class org.jetbrains.kotlin.gradle.report.BuildReportMode$Companion                    : loaded 2 times (x 71B)
Class org.jetbrains.kotlin.gradle.plugin.VariantImplementationFactories$VariantImplementationFactory: loaded 2 times (x 70B)
Class com.google.common.collect.RegularImmutableMap$KeySet                            : loaded 2 times (x 152B)
Class kotlin.text.StringsKt__IndentKt                                                 : loaded 2 times (x 71B)
Class build_d9cqv2e58ldo8iw9cqoee367i                                                 : loaded 2 times (x 180B)
Class com.google.common.base.Equivalence$Identity                                     : loaded 2 times (x 82B)
Class com.google.common.io.ByteSink                                                   : loaded 2 times (x 76B)
Class org.jetbrains.kotlin.gradle.utils.GradleAttributesContainerUtilsKt              : loaded 2 times (x 71B)
Class org.jetbrains.kotlin.gradle.plugin.mpp.ApplyUserDefinedAttributesKt$UserDefinedAttributesSetupAction$1$1: loaded 2 times (x 79B)
Class org.jetbrains.kotlin.compilerRunner.CompilerSystemPropertiesService             : loaded 2 times (x 80B)
Class org.jetbrains.kotlin.gradle.plugin.mpp.compilationImpl.KotlinCompilationImpl$1  : loaded 2 times (x 79B)
Class org.jetbrains.kotlin.gradle.targets.js.npm.SemVer$Companion                     : loaded 2 times (x 71B)
Class org.jetbrains.kotlin.konan.target.KonanTarget$LINUX_ARM64                       : loaded 2 times (x 78B)
Class org.jetbrains.kotlin.konan.target.KonanTarget$LINUX_X64                         : loaded 2 times (x 78B)
Class [Lorg.jetbrains.kotlin.konan.target.Architecture;                               : loaded 2 times (x 69B)
Class org.jetbrains.kotlin.gradle.targets.native.SetupEmbedAndSignAppleFrameworkTaskSideEffectKt$special$$inlined$KotlinTargetSideEffect$1: loaded 2 times (x 74B)
Class org.jetbrains.kotlin.gradle.plugin.mpp.KotlinUsages$KotlinCinteropCompatibility : loaded 2 times (x 77B)
Class org.jetbrains.kotlin.gradle.dsl.ExplicitApiMode                                 : loaded 2 times (x 79B)
Class org.jetbrains.kotlin.gradle.plugin.VariantImplementationFactories$Companion     : loaded 2 times (x 71B)
Class org.jetbrains.kotlin.gradle.plugin.internal.CustomPropertiesFileValueSource$Parameters_Decorated: loaded 2 times (x 134B)
Class org.jetbrains.kotlin.gradle.dsl.KotlinTopLevelExtensionConfig                   : loaded 2 times (x 70B)
Class com.google.common.cache.CacheBuilder                                            : loaded 2 times (x 72B)
Class com.google.common.collect.SingletonImmutableList                                : loaded 2 times (x 207B)
Class Settings_gradle$1                                                               : loaded 2 times (x 74B)
Class org.gradle.internal.classpath.ClassPath                                         : loaded 2 times (x 70B)
Class org.gradle.api.UncheckedIOException                                             : loaded 2 times (x 82B)
Class build_11rtarm5z7ru1x0wbquzgnh6w$_run_closure1                                   : loaded 2 times (x 139B)
Class com.google.common.io.Files$FileByteSource                                       : loaded 2 times (x 85B)
Class org.jetbrains.kotlin.gradle.incremental.IncrementalModuleInfoProvider           : loaded 2 times (x 70B)
Class org.jetbrains.kotlin.gradle.plugin.mpp.compilationImpl.KotlinCompilationImpl$2  : loaded 2 times (x 79B)
Class com.google.common.base.JdkPattern                                               : loaded 2 times (x 75B)
Class org.jetbrains.kotlin.gradle.dsl.PlatformSourceSetConventionsChecker$runChecks$1 : loaded 2 times (x 88B)
Class org.jetbrains.kotlin.gradle.plugin.mpp.compilationImpl.KotlinCompilationProcessorSideEffectKt$KotlinCompilationProcessorSideEffect$1: loaded 2 times (x 74B)
Class org.jetbrains.kotlin.gradle.dsl.KotlinJvmCompilerOptionsDefault                 : loaded 2 times (x 108B)
Class org.jetbrains.kotlin.gradle.internal.UsesClassLoadersCachingBuildService        : loaded 2 times (x 70B)
Class com.google.common.collect.ImmutableList$ReverseImmutableList                    : loaded 2 times (x 209B)
Class kotlin.collections.MapsKt__MapsKt                                               : loaded 2 times (x 71B)
Class com.google.common.io.CharSource$CharSequenceCharSource                          : loaded 2 times (x 86B)
Class org.jetbrains.kotlin.compilerRunner.KotlinCompilerArgumentsLogLevel$Companion   : loaded 2 times (x 71B)
Class org.jetbrains.kotlin.gradle.plugin.DefaultKotlinBasePlugin$addKotlinCompilerConfiguration$3$1: loaded 2 times (x 79B)
Class org.jetbrains.kotlin.gradle.tasks.AbstractKotlinCompile$defaultKotlinJavaToolchain$1: loaded 2 times (x 78B)
Class org.jetbrains.kotlin.daemon.common.MultiModuleICSettings                        : loaded 2 times (x 72B)
Class org.jetbrains.kotlin.cli.common.arguments.Freezable                             : loaded 2 times (x 72B)
Class com.google.errorprone.annotations.DoNotMock                                     : loaded 2 times (x 70B)
Class org.jetbrains.kotlin.gradle.internal.transforms.BuildToolsApiClasspathEntrySnapshotTransform$Parameters: loaded 2 times (x 88B)
Class org.jetbrains.kotlin.gradle.plugin.KotlinCompilationInfoKt                      : loaded 2 times (x 71B)
Class org.jetbrains.kotlin.gradle.tasks.KotlinCompile                                 : loaded 2 times (x 504B)
Class org.jetbrains.kotlin.gradle.internal.StdlibDependencyManagementKt               : loaded 2 times (x 71B)
Class org.jetbrains.kotlin.gradle.dsl.PlatformSourceSetConventionsChecker$runChecks$2 : loaded 2 times (x 78B)
Class org.jetbrains.kotlin.konan.target.KonanTarget$MINGW_X64                         : loaded 2 times (x 78B)
Class org.jetbrains.kotlin.gradle.utils.ObservableSet                                 : loaded 2 times (x 70B)
Class org.jetbrains.kotlin.gradle.plugin.diagnostics.KotlinToolingDiagnosticsCollectorKt: loaded 2 times (x 71B)
Class org.jetbrains.kotlin.gradle.plugin.mpp.HierarchyAttributeContainer              : loaded 2 times (x 83B)
Class org.jetbrains.kotlin.gradle.tasks.UsesKotlinJavaToolchain                       : loaded 2 times (x 70B)
Class org.jetbrains.kotlin.gradle.plugin.DefaultKotlinBasePlugin$apply$1              : loaded 2 times (x 75B)
Class org.jetbrains.kotlin.statistics.metrics.StringOverridePolicy$OVERRIDE           : loaded 2 times (x 85B)
Class org.jetbrains.kotlin.gradle.internal.properties.PropertiesBuildService$Params_Decorated: loaded 2 times (x 134B)
Class org.objectweb.asm.SymbolTable$Entry                                             : loaded 2 times (x 74B)
Class com.google.common.util.concurrent.AbstractFuture$AtomicHelper                   : loaded 2 times (x 78B)
Class Native_plugin_loader_gradle                                                     : loaded 2 times (x 130B)
Class org.jetbrains.kotlin.gradle.plugin.mpp.KotlinTargetComponentWithCoordinatesAndPublication: loaded 2 times (x 70B)
Class org.jetbrains.kotlin.gradle.incremental.UsesIncrementalModuleInfoBuildService   : loaded 2 times (x 70B)
Class org.jetbrains.kotlin.konan.target.KonanTarget$ANDROID_X86                       : loaded 2 times (x 78B)
Class org.jetbrains.kotlin.gradle.dsl.PlatformSourceSetConventionsChecker$runChecks$3 : loaded 2 times (x 78B)
Class org.jetbrains.kotlin.gradle.plugin.RegisterKotlinPluginExtensionsKt             : loaded 2 times (x 71B)
Class org.jetbrains.kotlin.gradle.utils.CompilerOptionsKt$configureExperimentalTryNext$1$1: loaded 2 times (x 78B)
Class org.jetbrains.kotlin.gradle.utils.CompilerOptionsKt                             : loaded 2 times (x 71B)
Class org.jetbrains.kotlin.gradle.plugin.PropertiesProvider$Companion                 : loaded 2 times (x 71B)
Class org.jetbrains.kotlin.gradle.utils.SingleAction                                  : loaded 2 times (x 73B)
Class org.objectweb.asm.Edge                                                          : loaded 2 times (x 72B)
Class com.google.common.base.Suppliers$SupplierOfInstance                             : loaded 2 times (x 79B)
Class com.google.common.collect.Iterators$1                                           : loaded 2 times (x 81B)
Class kotlin.UninitializedPropertyAccessException                                     : loaded 2 times (x 82B)
Class org.jetbrains.kotlin.gradle.tasks.KotlinCompile$defaultKotlinJavaToolchain$1    : loaded 2 times (x 79B)
Class org.jetbrains.kotlin.gradle.tasks.KotlinJavaToolchain$JavaToolchainSetter       : loaded 2 times (x 70B)
Class org.jetbrains.kotlin.tooling.core.ExtrasPropertyKt$extrasLazyProperty$1         : loaded 2 times (x 94B)
Class org.jetbrains.kotlin.gradle.dsl.PlatformSourceSetConventionsChecker$runChecks$4 : loaded 2 times (x 78B)
Class org.jetbrains.kotlin.gradle.plugin.diagnostics.checkers.JsLikeEnvironmentChecker$runChecks$1: loaded 2 times (x 88B)
Class org.jetbrains.kotlin.gradle.plugin.diagnostics.KotlinToolingDiagnostics$WasmJsEnvironmentNotChosenExplicitly: loaded 2 times (x 73B)
Class org.jetbrains.kotlin.gradle.plugin.diagnostics.UsesKotlinToolingDiagnostics     : loaded 2 times (x 70B)
Class org.jetbrains.kotlin.statistics.metrics.BooleanAnonymizationPolicy$SAFE         : loaded 2 times (x 85B)
Class com.google.common.cache.LocalCache$ComputingValueReference                      : loaded 2 times (x 96B)
Class com.google.common.collect.SingletonImmutableSet                                 : loaded 2 times (x 146B)
Class com.google.common.collect.ImmutableMap$IteratorBasedImmutableMap                : loaded 2 times (x 126B)
Class org.jetbrains.kotlin.gradle.plugin.mpp.compilationImpl.DefaultKotlinCompilationSourceSetsContainer$allKotlinSourceSetsImpl$1$1: loaded 2 times (x 80B)
Class org.jetbrains.kotlin.gradle.plugin.mpp.compilationImpl.DefaultKotlinCompilationSourceSetsContainer: loaded 2 times (x 78B)
Class org.jetbrains.kotlin.konan.target.KonanTarget$TVOS_SIMULATOR_ARM64              : loaded 2 times (x 78B)
Class org.jetbrains.kotlin.konan.target.KonanTarget$Companion                         : loaded 2 times (x 71B)
Class org.jetbrains.kotlin.gradle.plugin.KotlinPluginLifecycle$Stage$Companion        : loaded 2 times (x 71B)
Class org.jetbrains.kotlin.gradle.plugin.diagnostics.checkers.DeprecatedKotlinNativeTargetsChecker: loaded 2 times (x 74B)
Class org.jetbrains.kotlin.gradle.targets.native.ConfigureFrameworkExportSideEffectKt$special$$inlined$KotlinTargetSideEffect$1: loaded 2 times (x 74B)
Class org.jetbrains.kotlin.tooling.core.AbstractExtras                                : loaded 2 times (x 141B)
Class com.google.common.cache.LocalCache$Segment                                      : loaded 2 times (x 154B)
Class Native_plugin_loader_gradle$NativePluginLoader$Companion                        : loaded 2 times (x 71B)
Class org.jetbrains.kotlin.build.report.metrics.BuildTimes                            : loaded 2 times (x 72B)
Class org.jetbrains.kotlin.gradle.tasks.KotlinCompile$ClasspathSnapshotProperties     : loaded 2 times (x 75B)
Class org.jetbrains.kotlin.gradle.internal.StdlibDependencyManagementKt$addStdlibDependency$1$1: loaded 2 times (x 79B)
Class org.jetbrains.kotlin.gradle.tasks.configuration.BaseKotlinCompileConfig$2$1     : loaded 2 times (x 75B)
Class org.jetbrains.kotlin.gradle.plugin.diagnostics.TransformActionUsingKotlinToolingDiagnostics: loaded 2 times (x 70B)
Class com.google.common.collect.SortedIterable                                        : loaded 2 times (x 70B)
Class org.jetbrains.kotlin.gradle.dsl.PlatformSourceSetConventionsChecker$runChecks$6 : loaded 2 times (x 88B)
Class org.jetbrains.kotlin.gradle.plugin.sources.DefaultKotlinSourceSet_Decorated     : loaded 2 times (x 192B)
Class org.jetbrains.kotlin.gradle.plugin.mpp.KotlinCompilationsKt                     : loaded 2 times (x 71B)
Class org.jetbrains.kotlin.statistics.metrics.StringOverridePolicy                    : loaded 2 times (x 85B)
Class org.jetbrains.kotlin.gradle.plugin.statistics.DefaultKotlinBuildStatsBeanService: loaded 2 times (x 92B)
Class org.jetbrains.kotlin.gradle.utils.GradleUtilsKt$registerClassLoaderScopedBuildService$1: loaded 2 times (x 74B)
Class com.google.common.collect.AbstractListMultimap                                  : loaded 2 times (x 172B)
Class [Lorg.objectweb.asm.SymbolTable$Entry;                                          : loaded 2 times (x 69B)
Class com.google.common.cache.CacheLoader                                             : loaded 2 times (x 74B)
Class com.google.common.collect.Iterators$4                                           : loaded 2 times (x 82B)
Class com.google.common.collect.ImmutableBiMap                                        : loaded 2 times (x 143B)
Class org.gradle.internal.installation.GradleInstallation$1                           : loaded 2 times (x 75B)
Class org.gradle.api.internal.classpath.ModuleRegistry                                : loaded 2 times (x 70B)
Class build_7zcxkhipi6xoaieroim24gyv0                                                 : loaded 2 times (x 180B)
Class org.jetbrains.kotlin.gradle.logging.GradleKotlinLogger                          : loaded 2 times (x 82B)
Class com.google.common.base.Splitter$SplittingIterator                               : loaded 2 times (x 84B)
Class org.jetbrains.kotlin.gradle.plugin.KotlinPluginLifecycle$ProjectConfigurationResult: loaded 2 times (x 71B)
Class org.jetbrains.kotlin.gradle.internal.KotlinDependenciesManagementKt$configureDefaultVersionsResolutionStrategy$1: loaded 2 times (x 75B)
Class org.jetbrains.kotlin.gradle.internal.StdlibDependencyManagementKt$configureStdlibDefaultDependency$1: loaded 2 times (x 79B)
Class org.jetbrains.kotlin.gradle.model.builder.KotlinModelBuilder$Companion          : loaded 2 times (x 71B)
Class org.jetbrains.kotlin.gradle.plugin.mpp.compilationImpl.KotlinCreateResourcesTaskSideEffectKt: loaded 2 times (x 71B)
Class org.jetbrains.kotlin.gradle.targets.native.internal.SetupKotlinNativePlatformDependenciesAndStdlibKt: loaded 2 times (x 71B)
Class org.jetbrains.kotlin.gradle.plugin.mpp.KotlinUsages                             : loaded 2 times (x 71B)
Class org.jetbrains.kotlin.gradle.internal.properties.NativePropertiesLoader$Companion: loaded 2 times (x 71B)
Class [Lorg.jetbrains.kotlin.build.report.metrics.GradleBuildPerformanceMetric;       : loaded 2 times (x 69B)
Class org.jetbrains.kotlin.gradle.plugin.statistics.KotlinBuildStatsBeanService$Companion: loaded 2 times (x 71B)
Class org.jetbrains.kotlin.gradle.plugin.statistics.BuildFusService$Companion         : loaded 2 times (x 71B)
Class com.google.common.util.concurrent.internal.InternalFutureFailureAccess          : loaded 2 times (x 72B)
Class com.google.common.collect.Iterators$5                                           : loaded 2 times (x 82B)
Class com.google.common.collect.ImmutableSet$JdkBackedSetBuilderImpl                  : loaded 2 times (x 76B)
Class build_38yheojcljja3dfxq1fyhdhni                                                 : loaded 2 times (x 180B)
Class build_4pd1hf7cnijrbrqzp633qeyqv                                                 : loaded 2 times (x 180B)
Class org.jetbrains.kotlin.gradle.plugin.HasCompilerOptions                           : loaded 2 times (x 70B)
Class org.jetbrains.kotlin.gradle.plugin.mpp.compilationImpl.DefaultKotlinCompilationFriendPathsResolver$FriendArtifactResolver: loaded 2 times (x 70B)
Class org.jetbrains.kotlin.konan.target.KonanTarget$WATCHOS_SIMULATOR_ARM64           : loaded 2 times (x 78B)
Class org.jetbrains.kotlin.gradle.targets.js.ir.KotlinJsIrTarget                      : loaded 2 times (x 254B)
Class org.jetbrains.kotlin.gradle.plugin.mpp.DefaultKotlinUsageContext                : loaded 2 times (x 108B)
Class org.jetbrains.kotlin.gradle.plugin.KotlinPluginLifecycleImpl$start$3            : loaded 2 times (x 79B)
Class org.jetbrains.kotlin.gradle.plugin.KotlinMultiplatformPluginWrapper             : loaded 2 times (x 86B)
Class [Lorg.jetbrains.kotlin.statistics.metrics.BooleanMetrics;                       : loaded 2 times (x 69B)
Class org.jetbrains.kotlin.gradle.internal.properties.PropertiesBuildService$Companion: loaded 2 times (x 71B)
Class com.google.common.util.concurrent.AbstractFuture$UnsafeAtomicHelper             : loaded 2 times (x 78B)
Class com.google.common.base.CharMatcher$ForPredicate                                 : loaded 2 times (x 112B)
Class com.google.common.cache.LocalCache$LocalManualCache$1                           : loaded 2 times (x 75B)
Class kotlin.collections.CollectionsKt__CollectionsJVMKt                              : loaded 2 times (x 71B)
Class org.jetbrains.kotlin.gradle.plugin.mpp.compilationImpl.KotlinCompilationConfigurationsContainer: loaded 2 times (x 70B)
Class org.jetbrains.kotlin.gradle.internal.StdlibDependencyManagementKt$addStdlibDependency$1: loaded 2 times (x 75B)
Class [Lorg.jetbrains.kotlin.gradle.plugin.KotlinPluginLifecycle$CoroutineStart;      : loaded 2 times (x 69B)
Class org.jetbrains.kotlin.gradle.dsl.IosSourceSetConventionChecker                   : loaded 2 times (x 74B)
Class org.jetbrains.kotlin.gradle.plugin.diagnostics.KotlinGradleProjectChecker       : loaded 2 times (x 70B)
Class org.jetbrains.kotlin.gradle.plugin.sources.KotlinSourceSetFactory$Companion     : loaded 2 times (x 71B)
Class org.jetbrains.kotlin.gradle.dsl.KotlinMultiplatformSourceSetConventions         : loaded 2 times (x 70B)
Class org.jetbrains.kotlin.statistics.metrics.NumberOverridePolicy$SUM                : loaded 2 times (x 85B)
Class com.google.common.base.CharMatcher$AnyOf                                        : loaded 2 times (x 112B)
Class com.google.common.collect.ImmutableCollection                                   : loaded 2 times (x 125B)
Class org.gradle.api.internal.classpath.DefaultModuleRegistry                         : loaded 2 times (x 86B)
Class kotlin.sequences.SequencesKt                                                    : loaded 2 times (x 71B)
Class kotlin.collections.CollectionsKt__IteratorsKt                                   : loaded 2 times (x 71B)
Class com.google.common.base.PairwiseEquivalence                                      : loaded 2 times (x 83B)
Class org.jetbrains.kotlin.gradle.plugin.internal.state.TaskExecutionResults          : loaded 2 times (x 71B)
Class org.jetbrains.kotlin.compilerRunner.KotlinCompilerArgumentsLogLevel             : loaded 2 times (x 79B)
Class org.jetbrains.kotlin.gradle.plugin.mpp.compilationImpl.factory.CompositePostConfigure: loaded 2 times (x 75B)
Class org.jetbrains.kotlin.gradle.targets.native.internal.CInteropConfigurationsKt    : loaded 2 times (x 71B)
Class org.jetbrains.kotlin.gradle.plugin.statistics.BuildFusService$Parameters$Inject : loaded 2 times (x 112B)
Class org.jetbrains.kotlin.statistics.metrics.StatisticsValuesConsumer                : loaded 2 times (x 70B)
Class com.google.common.collect.Lists                                                 : loaded 2 times (x 71B)
Class com.google.common.util.concurrent.ListenableFuture                              : loaded 2 times (x 70B)
Class com.google.common.cache.ReferenceEntry                                          : loaded 2 times (x 70B)
Class com.google.common.base.Converter                                                : loaded 2 times (x 90B)
Class com.google.common.collect.ImmutableSet$CachingAsList                            : loaded 2 times (x 148B)
Class kotlin.text.StringsKt                                                           : loaded 2 times (x 71B)
Class org.jetbrains.kotlin.gradle.plugin.DefaultKotlinBasePlugin$addKotlinCompilerConfiguration$2$1$1$1: loaded 2 times (x 75B)
Class org.jetbrains.kotlin.gradle.tasks.KotlinCompilerExecutionStrategy$Companion     : loaded 2 times (x 71B)
Class org.jetbrains.kotlin.gradle.plugin.CompilerPluginConfig                         : loaded 2 times (x 72B)
Class org.jetbrains.kotlin.gradle.model.builder.KotlinModelBuilder                    : loaded 2 times (x 76B)
Class [Lorg.jetbrains.kotlin.tooling.core.HasMutableExtras;                           : loaded 2 times (x 69B)
Class org.jetbrains.kotlin.gradle.plugin.diagnostics.checkers.GradleDeprecatedPropertyChecker: loaded 2 times (x 74B)
Class org.jetbrains.kotlin.gradle.artifacts.KotlinJsKlibArtifactKt$KotlinJsKlibArtifact$1: loaded 2 times (x 74B)
Class org.jetbrains.kotlin.gradle.targets.CreateTargetConfigurationsSideEffectKt      : loaded 2 times (x 71B)
Class org.jetbrains.kotlin.gradle.plugin.mpp.ApplyUserDefinedAttributesKt$UserDefinedAttributesSetupAction$1: loaded 2 times (x 95B)
Class org.jetbrains.kotlin.gradle.plugin.mpp.KotlinAndroidTarget                      : loaded 2 times (x 159B)
Class org.jetbrains.kotlin.gradle.plugin.DefaultKotlinBasePlugin$addKotlinCompilerConfiguration$1: loaded 2 times (x 75B)
Class org.jetbrains.kotlin.gradle.plugin.statistics.NonSynchronizedMetricsContainer   : loaded 2 times (x 82B)
Class org.jetbrains.kotlin.gradle.plugin.internal.DefaultCompatibilityConventionRegistrar: loaded 2 times (x 74B)
Class org.jetbrains.kotlin.gradle.plugin.PropertiesProvider                           : loaded 2 times (x 73B)
Class com.google.common.collect.AbstractMapBasedMultimap                              : loaded 2 times (x 139B)
Class com.google.common.util.concurrent.AbstractFuture                                : loaded 2 times (x 106B)
Class com.google.common.base.FunctionalEquivalence                                    : loaded 2 times (x 83B)
Class com.google.common.collect.Iterators$9                                           : loaded 2 times (x 81B)
Class com.google.common.collect.ImmutableAsList                                       : loaded 2 times (x 209B)
Class kotlin.LazyKt__LazyJVMKt                                                        : loaded 2 times (x 71B)
Class build_5pyuhngwcd28wvusawymz9d50                                                 : loaded 2 times (x 180B)
Class [Lorg.jetbrains.kotlin.gradle.dsl.jvm.JvmTargetValidationMode;                  : loaded 2 times (x 69B)
Class org.jetbrains.kotlin.gradle.tasks.DefaultKotlinJavaToolchain$javaVersion$1      : loaded 2 times (x 74B)
Class org.jetbrains.kotlin.gradle.plugin.mpp.MppSourcesJarKt$sourcesJarTask$1         : loaded 2 times (x 95B)
Class org.jetbrains.kotlin.gradle.plugin.mpp.compilationImpl.factory.KotlinCompilationImplFactory$KotlinCompilationOutputFactory: loaded 2 times (x 70B)
Class org.jetbrains.kotlin.konan.target.TargetSupportException                        : loaded 2 times (x 82B)
Class org.jetbrains.kotlin.gradle.plugin.KotlinCompilationToRunnableFiles             : loaded 2 times (x 70B)
Class org.jetbrains.kotlin.gradle.tooling.BuildKotlinToolingMetadataTaskKt            : loaded 2 times (x 71B)
Class org.jetbrains.kotlin.gradle.plugin.ProjectLocalConfigurations$setupAttributesMatchingStrategy$1$1: loaded 2 times (x 74B)
Class org.jetbrains.kotlin.gradle.targets.native.toolchain.KotlinNativeBundleBuildService$Companion$registerIfAbsent$2$1$1: loaded 2 times (x 75B)
Class org.jetbrains.kotlin.statistics.BuildSessionLogger$Companion                    : loaded 2 times (x 71B)
Class org.objectweb.asm.RecordComponentVisitor                                        : loaded 2 times (x 77B)
Class com.google.common.cache.CacheLoader$SupplierToCacheLoader                       : loaded 2 times (x 75B)
Class kotlin.text.StringsKt__StringNumberConversionsKt                                : loaded 2 times (x 71B)
Class build_7o9so31mtscurj96r6jplslyh                                                 : loaded 2 times (x 180B)
Class build_1xsxxhhy4tj3ig0p77qy09u8b                                                 : loaded 2 times (x 180B)
Class com.google.common.collect.UsingToStringOrdering                                 : loaded 2 times (x 114B)
Class org.jetbrains.kotlin.gradle.plugin.mpp.KotlinCompilationsKt$sam$java_util_concurrent_Callable$0: loaded 2 times (x 75B)
Class org.jetbrains.kotlin.gradle.tasks.KotlinCompilerPluginData                      : loaded 2 times (x 72B)
Class org.jetbrains.kotlin.gradle.targets.js.npm.SemverKt                             : loaded 2 times (x 71B)
Class org.jetbrains.kotlin.gradle.internal.StdlibDependencyManagementKt$isStdlibAddedByUser$1: loaded 2 times (x 79B)
Class org.jetbrains.kotlin.gradle.plugin.mpp.MppSourcesJarKt                          : loaded 2 times (x 71B)
Class org.jetbrains.kotlin.compilerRunner.CompilerSystemPropertiesService$Companion$registerIfAbsent$2$1$1: loaded 2 times (x 75B)
Class org.jetbrains.kotlin.gradle.plugin.KotlinCompilationInfo                        : loaded 2 times (x 88B)
Class org.jetbrains.kotlin.tooling.core.ExtrasPropertyKt                              : loaded 2 times (x 71B)
Class org.jetbrains.kotlin.gradle.tasks.BaseKotlinCompile                             : loaded 2 times (x 70B)
Class org.jetbrains.kotlin.gradle.plugin.internal.UsesBuildIdProviderService          : loaded 2 times (x 70B)
Class org.jetbrains.kotlin.gradle.plugin.mpp.compilationImpl.KotlinCompilationSourceSetInclusion$include$1: loaded 2 times (x 79B)
Class org.jetbrains.kotlin.gradle.plugin.mpp.compilationImpl.factory.KotlinCompilationImplFactory$KotlinCompilationDependencyConfigurationsFactory: loaded 2 times (x 70B)
Class org.jetbrains.kotlin.gradle.plugin.KotlinPluginLifecycleCoroutineContextElement$Key: loaded 2 times (x 71B)
Class org.jetbrains.kotlin.gradle.plugin.diagnostics.KotlinToolingDiagnosticsSetupActionKt$KotlinToolingDiagnosticsSetupAction$1: loaded 2 times (x 74B)
Class org.jetbrains.kotlin.gradle.dsl.KotlinProjectExtensionKt                        : loaded 2 times (x 71B)
Class org.jetbrains.kotlin.gradle.plugin.KotlinGradleBuildServices$Parameters_Decorated: loaded 2 times (x 134B)
Class org.jetbrains.kotlin.gradle.plugin.DefaultKotlinBasePlugin$addKotlinCompilerConfiguration$3: loaded 2 times (x 75B)
Class [Lorg.jetbrains.kotlin.statistics.metrics.IMetricContainerFactory;              : loaded 2 times (x 69B)
Class org.jetbrains.kotlin.gradle.internal.IdeaKt                                     : loaded 2 times (x 71B)
Class com.google.common.collect.Maps$EntryTransformer                                 : loaded 2 times (x 70B)
Class org.gradle.internal.service.ServiceLookupException                              : loaded 2 times (x 82B)
Class org.jetbrains.kotlin.gradle.tasks.GradleCompileTaskProvider_Decorated           : loaded 2 times (x 121B)
Class org.jetbrains.kotlin.gradle.internal.StdlibDependencyManagementKt$isStdlibAddedByUser$2: loaded 2 times (x 78B)
Class org.jetbrains.kotlin.gradle.plugin.hierarchy.KotlinSourceSetTreeClassifierKt$sourceSetTreeClassifier$2: loaded 2 times (x 78B)
Class com.google.common.collect.ImmutableSortedSet                                    : loaded 2 times (x 300B)
Class org.jetbrains.kotlin.konan.target.HostManager                                   : loaded 2 times (x 72B)
Class org.jetbrains.kotlin.gradle.targets.js.npm.NpmDirectoryDependencyExtension      : loaded 2 times (x 70B)
Class org.jetbrains.kotlin.gradle.plugin.mpp.KotlinUsageContext$MavenScope            : loaded 2 times (x 79B)
Class org.jetbrains.kotlin.gradle.targets.native.KotilnNativeConfigureBinariesSideEffectKt$special$$inlined$KotlinTargetSideEffect$1: loaded 2 times (x 74B)
Class org.jetbrains.kotlin.gradle.plugin.KotlinProjectSetupAction$Companion           : loaded 2 times (x 71B)
Class [Lcom.google.common.cache.LocalCache$EntryFactory;                              : loaded 2 times (x 69B)
Class org.gradle.internal.classloader.ClassLoaderFactory                              : loaded 2 times (x 70B)
Class org.jetbrains.kotlin.gradle.tasks.DefaultKotlinJavaToolchain$currentJvmJdkToolsJar$1: loaded 2 times (x 74B)
Class org.jetbrains.kotlin.gradle.plugin.SubpluginEnvironment                         : loaded 2 times (x 72B)
Class org.jetbrains.kotlin.gradle.internal.StdlibDependencyManagementKt$addStdlibDependency$1$1$1: loaded 2 times (x 75B)
Class com.google.common.base.CommonPattern                                            : loaded 2 times (x 74B)
Class org.jetbrains.kotlin.gradle.plugin.sources.AbstractKotlinSourceSet              : loaded 2 times (x 141B)
Class org.jetbrains.kotlin.gradle.tooling.BuildKotlinToolingMetadataTaskKt$RegisterBuildKotlinToolingMetadataTask$1: loaded 2 times (x 74B)
Class org.jetbrains.kotlin.compilerRunner.GradleCliCommonizerKt$maybeCreateCommonizerClasspathConfiguration$1$1: loaded 2 times (x 75B)
Class [Lorg.jetbrains.kotlin.build.report.metrics.ValueType;                          : loaded 2 times (x 69B)
Class com.google.common.base.CharMatcher$IsNot                                        : loaded 2 times (x 111B)
Class com.google.common.cache.LocalCache$LocalManualCache                             : loaded 2 times (x 99B)
Class org.gradle.internal.service.CachingServiceLocator                               : loaded 2 times (x 82B)
Class org.jetbrains.kotlin.gradle.dsl.jvm.JvmTargetValidationMode                     : loaded 2 times (x 79B)
Class org.jetbrains.kotlin.gradle.plugin.KotlinTargetConfiguratorKt$WhenMappings      : loaded 2 times (x 71B)
Class com.google.common.collect.AbstractMapBasedMultimap$KeySet                       : loaded 2 times (x 137B)
Class com.google.common.collect.RegularImmutableSortedSet                             : loaded 2 times (x 300B)
Class org.jetbrains.kotlin.gradle.internal.KotlinTestDependencyManagementKt$configureKotlinTestDependency$1: loaded 2 times (x 79B)
Class org.jetbrains.kotlin.gradle.plugin.diagnostics.checkers.OverriddenKotlinNativeHomeChecker$StdlibExistenceCheckerValueSource$Params_Decorated: loaded 2 times (x 134B)
Class org.jetbrains.kotlin.project.model.LanguageSettings                             : loaded 2 times (x 70B)
Class org.jetbrains.kotlin.gradle.plugin.KotlinPluginLifecycleKt$kotlinPluginLifecycle$2: loaded 2 times (x 78B)
Class org.jetbrains.kotlin.gradle.plugin.statistics.BuildFusService$Companion$registerIfAbsent$1$1: loaded 2 times (x 79B)
Class org.jetbrains.kotlin.gradle.plugin.internal.CompatibilityConventionRegistrar$Factory: loaded 2 times (x 70B)
Class com.google.common.math.IntMath                                                  : loaded 2 times (x 71B)
Class org.jetbrains.kotlin.gradle.plugin.KotlinGradleBuildServices$Inject             : loaded 2 times (x 100B)
Class build_4pd1hf7cnijrbrqzp633qeyqv$_run_closure1                                   : loaded 2 times (x 139B)
Class org.jetbrains.kotlin.gradle.plugin.mpp.KotlinMetadataTarget                     : loaded 2 times (x 161B)
Class org.jetbrains.kotlin.gradle.plugin.mpp.InternalKotlinCompilation$DefaultImpls   : loaded 2 times (x 71B)
Class org.jetbrains.kotlin.gradle.plugin.mpp.compilationImpl.KotlinCompilationSourceSetInclusion$DefaultAddSourcesToCompileTask: loaded 2 times (x 74B)
Class org.jetbrains.kotlin.gradle.internal.KotlinTestDependencyManagementKt$configureKotlinTestDependency$2: loaded 2 times (x 75B)
Class org.jetbrains.kotlin.gradle.dsl.PlatformSourceSetConventionsChecker$runChecks$$inlined$CheckedPlatformInfo$default$1: loaded 2 times (x 78B)
Class [Lorg.jetbrains.kotlin.gradle.plugin.KotlinPluginLifecycle$Stage;               : loaded 2 times (x 69B)
Class org.jetbrains.kotlin.gradle.artifacts.KotlinTargetArtifact$Companion            : loaded 2 times (x 71B)
Class org.jetbrains.kotlin.gradle.plugin.mpp.compilationImpl.KotlinCreateLifecycleTasksSideEffectKt$KotlinCreateLifecycleTasksSideEffect$1: loaded 2 times (x 74B)
Class org.jetbrains.kotlin.gradle.dsl.KotlinGradlePluginDsl                           : loaded 2 times (x 70B)
Class org.jetbrains.kotlin.tooling.core.MutableExtras                                 : loaded 2 times (x 70B)
Class org.jetbrains.kotlin.gradle.plugin.KotlinGradleBuildServices$detectKotlinPluginLoadedInMultipleProjects$onRegister$1: loaded 2 times (x 79B)
Class com.google.common.collect.ImmutableMapEntry                                     : loaded 2 times (x 85B)
Class kotlin.enums.EnumEntries                                                        : loaded 2 times (x 70B)
Class org.jetbrains.kotlin.build.report.metrics.DoNothingBuildMetricsReporter         : loaded 2 times (x 87B)
Class com.google.common.base.Predicates                                               : loaded 2 times (x 71B)
Class org.jetbrains.kotlin.gradle.plugin.diagnostics.CheckKotlinGradlePluginConfigurationErrorsKt$locateOrRegisterCheckKotlinGradlePluginErrorsTask$taskProvider$1$2: loaded 2 times (x 75B)
Class org.jetbrains.kotlin.gradle.tasks.CompileUsingKotlinDaemon                      : loaded 2 times (x 70B)
Class org.jetbrains.kotlin.gradle.plugin.mpp.KotlinWithJavaTarget                     : loaded 2 times (x 160B)
Class org.jetbrains.kotlin.gradle.utils.StoredPropertyKt$extrasStoredProperty$1       : loaded 2 times (x 78B)
Class org.jetbrains.kotlin.gradle.plugin.mpp.compilationImpl.KotlinCreateNativeCompileTasksSideEffectKt$special$$inlined$KotlinCompilationSideEffect$1: loaded 2 times (x 74B)
Class org.jetbrains.kotlin.gradle.targets.KotlinTargetSideEffect$Companion            : loaded 2 times (x 71B)
Class org.jetbrains.kotlin.gradle.dsl.KotlinSingleJavaTargetExtension                 : loaded 2 times (x 124B)
Class org.jetbrains.kotlin.gradle.plugin.KotlinPluginLifecycle$IllegalLifecycleException: loaded 2 times (x 82B)
Class org.jetbrains.kotlin.gradle.internal.properties.NativePropertiesLoader$userProvidedNativeHome$1: loaded 2 times (x 75B)
Class org.jetbrains.kotlin.gradle.plugin.KotlinGradleFinishBuildHandler               : loaded 2 times (x 72B)
Class [Lorg.jetbrains.kotlin.build.report.metrics.BuildPerformanceMetric;             : loaded 2 times (x 69B)
Class org.jetbrains.kotlin.statistics.metrics.StringOverridePolicy$CONCAT             : loaded 2 times (x 85B)
Class org.jetbrains.kotlin.gradle.dsl.KotlinTopLevelExtension                         : loaded 2 times (x 70B)
Class com.google.common.base.Equivalence                                              : loaded 2 times (x 82B)
Class com.google.common.base.Function                                                 : loaded 2 times (x 70B)
Class com.google.common.collect.ImmutableMapEntry$NonTerminalImmutableMapEntry        : loaded 2 times (x 85B)
Class build_87sog6seokg0zu77joe510hdo$_run_closure1                                   : loaded 2 times (x 139B)
Class build_1x4qeyqw0md33yrvls2dmerx3                                                 : loaded 2 times (x 181B)
Class org.jetbrains.kotlin.gradle.plugin.ProjectLocalConfigurationsKt                 : loaded 2 times (x 71B)
Class org.jetbrains.kotlin.gradle.plugin.mpp.compilationImpl.factory.KotlinCompilationImplFactory: loaded 2 times (x 72B)
Class org.jetbrains.kotlin.gradle.internal.KotlinDomApiDependencyManagementKt$addKotlinDomApiDependency$1: loaded 2 times (x 75B)
Class org.jetbrains.kotlin.gradle.plugin.diagnostics.checkers.KotlinTargetAlreadyDeclaredChecker$runChecks$1: loaded 2 times (x 88B)
Class org.jetbrains.kotlin.gradle.plugin.mpp.KotlinTargetWithBinaries                 : loaded 2 times (x 157B)
Class [Lorg.jetbrains.kotlin.gradle.plugin.KotlinSourceSet;                           : loaded 2 times (x 69B)
Class org.jetbrains.kotlin.gradle.plugin.diagnostics.checkers.JsEnvironmentChecker$1  : loaded 2 times (x 78B)
Class org.jetbrains.kotlin.gradle.plugin.diagnostics.KotlinToolingDiagnostics$JsLikeEnvironmentNotChosenExplicitly: loaded 2 times (x 73B)
Class org.jetbrains.kotlin.gradle.utils.StoredLazyProperty$getValue$1                 : loaded 2 times (x 79B)
Class org.jetbrains.kotlin.statistics.metrics.IMetricContainerFactory                 : loaded 2 times (x 70B)
Class org.jetbrains.kotlin.statistics.MetricValueValidationFailed                     : loaded 2 times (x 82B)
Class org.jetbrains.kotlin.gradle.plugin.PropertiesProvider$localProperties$2         : loaded 2 times (x 79B)
Class com.google.common.collect.IndexedImmutableSet$1                                 : loaded 2 times (x 213B)
Class com.google.common.cache.CacheBuilder$OneWeigher                                 : loaded 2 times (x 82B)
Class com.google.common.collect.RegularImmutableList                                  : loaded 2 times (x 213B)
Class org.jetbrains.kotlin.gradle.plugin.mpp.compilationImpl.DefaultKotlinCompilationFriendPathsResolver$resolveFriendPaths$1$1: loaded 2 times (x 79B)
Class org.jetbrains.kotlin.build.report.metrics.BuildMetricsReporterImpl              : loaded 2 times (x 100B)
Class org.jetbrains.kotlin.gradle.tasks.configuration.KaptGenerateStubsConfig         : loaded 2 times (x 72B)
Class org.jetbrains.kotlin.gradle.targets.js.npm.SemVer                               : loaded 2 times (x 75B)
Class org.jetbrains.kotlin.gradle.plugin.diagnostics.checkers.JsEnvironmentChecker$2  : loaded 2 times (x 78B)
Class org.jetbrains.kotlin.gradle.utils.WhenPluginEnabledKt$whenPluginsEnabled$1      : loaded 2 times (x 75B)
Class org.jetbrains.kotlin.gradle.tasks.AbstractKotlinCompileTool                     : loaded 2 times (x 366B)
Class [Lorg.jetbrains.kotlin.gradle.report.BuildReportType;                           : loaded 2 times (x 69B)
Class org.jetbrains.kotlin.gradle.plugin.statistics.KotlinBuildStatsConfiguration     : loaded 2 times (x 72B)
Class org.jetbrains.kotlin.gradle.internal.properties.PropertiesBuildService$localProperties$2: loaded 2 times (x 79B)
Class org.gradle.internal.classloader.ClasspathUtil                                   : loaded 2 times (x 71B)
Class org.jetbrains.kotlin.gradle.dsl.KotlinCompile                                   : loaded 2 times (x 70B)
Class org.jetbrains.kotlin.gradle.plugin.mpp.compilationImpl.DefaultKotlinCompilationFriendPathsResolver$DefaultFriendArtifactResolver: loaded 2 times (x 74B)
Class org.jetbrains.kotlin.gradle.plugin.diagnostics.checkers.InternalGradlePropertiesUsageChecker$runChecks$1: loaded 2 times (x 88B)
Class org.jetbrains.kotlin.gradle.utils.StringUtilsKt$lowerCamelCaseName$1            : loaded 2 times (x 125B)
Class org.jetbrains.kotlin.gradle.plugin.diagnostics.checkers.JsEnvironmentChecker$3  : loaded 2 times (x 78B)
Class org.jetbrains.kotlin.gradle.dsl.JvmTarget$Companion                             : loaded 2 times (x 71B)
Class org.jetbrains.kotlin.gradle.internal.properties.NativePropertiesLoader$downloadFromMaven$1: loaded 2 times (x 75B)
Class org.jetbrains.kotlin.gradle.plugin.internal.DefaultConfigurationCacheStartParameterAccessor_Decorated: loaded 2 times (x 125B)
Class org.jetbrains.kotlin.gradle.plugin.internal.DefaultConfigurationCacheStartParameterAccessor: loaded 2 times (x 77B)
Class org.jetbrains.kotlin.tooling.core.HasExtras                                     : loaded 2 times (x 70B)
Class com.google.common.base.Charsets                                                 : loaded 2 times (x 71B)
Class com.google.common.util.concurrent.Uninterruptibles                              : loaded 2 times (x 71B)
Class build_abtnyqe52tw4j7frhnjfr3r3e$_run_closure1                                   : loaded 2 times (x 139B)
Class build_3cu9vpt1b624ve5r5s4r8c3ea                                                 : loaded 2 times (x 180B)
Class com.google.common.io.CharSource                                                 : loaded 2 times (x 85B)
Class org.jetbrains.kotlin.gradle.plugin.KotlinCompilationInfo$TCS$friendPaths$1      : loaded 2 times (x 79B)
Class org.jetbrains.kotlin.gradle.plugin.sources.DefaultLanguageSettingsBuilder$freeCompilerArgsProvider$1: loaded 2 times (x 95B)
Class org.jetbrains.kotlin.konan.target.HostManager$Companion                         : loaded 2 times (x 71B)
Class org.jetbrains.kotlin.gradle.targets.js.npm.DevNpmDependencyExtension            : loaded 2 times (x 70B)
Class org.jetbrains.kotlin.gradle.plugin.diagnostics.checkers.PreHmppDependenciesUsageChecker: loaded 2 times (x 74B)
Class org.jetbrains.kotlin.gradle.targets.CreateArtifactsSideEffectKt                 : loaded 2 times (x 71B)
Class org.jetbrains.kotlin.gradle.plugin.AbstractKotlinMultiplatformPluginWrapper     : loaded 2 times (x 86B)
Class org.jetbrains.kotlin.gradle.utils.GradleConfigurationUtilsKt$addGradlePluginMetadataAttributes$1: loaded 2 times (x 75B)
Class org.jetbrains.kotlin.gradle.plugin.internal.DefaultProjectIsolationStartParameterAccessor: loaded 2 times (x 77B)
Class com.google.common.collect.Maps                                                  : loaded 2 times (x 71B)
Class org.gradle.api.specs.Spec                                                       : loaded 2 times (x 70B)
Class org.jetbrains.kotlin.gradle.tasks.KotlinCompile$disableMultiModuleIC$2          : loaded 2 times (x 79B)
Class org.jetbrains.kotlin.gradle.tasks.GradleCompileTaskProviderKt                   : loaded 2 times (x 71B)
Class org.jetbrains.kotlin.gradle.plugin.SubpluginEnvironment$Companion               : loaded 2 times (x 71B)
Class org.jetbrains.kotlin.gradle.plugin.mpp.ApplyUserDefinedAttributesKt$UserDefinedAttributesSetupAction$1$1$3: loaded 2 times (x 75B)
Class org.jetbrains.kotlin.gradle.tasks.configuration.BaseKotlinCompileConfig$Companion: loaded 2 times (x 71B)
Class org.jetbrains.kotlin.gradle.plugin.mpp.compilationImpl.KotlinCompilationImpl$Params: loaded 2 times (x 72B)
Class org.jetbrains.kotlin.konan.target.UtilsKt                                       : loaded 2 times (x 71B)
Class org.jetbrains.kotlin.gradle.tooling.BuildKotlinToolingMetadataTask              : loaded 2 times (x 317B)
Class org.jetbrains.kotlin.gradle.plugin.internal.CompatibilityConventionRegistrarKt  : loaded 2 times (x 71B)
Class org.jetbrains.kotlin.gradle.artifacts.KotlinJvmJarArtifactKt                    : loaded 2 times (x 71B)
Class org.jetbrains.kotlin.gradle.plugin.mpp.compilationImpl.CreateCInteropTasksSideEffectKt$special$$inlined$KotlinCompilationSideEffect$1: loaded 2 times (x 74B)
Class org.jetbrains.kotlin.gradle.plugin.statistics.FinalizeConfigurationFusMetricActionKt: loaded 2 times (x 71B)
Class org.jetbrains.kotlin.gradle.targets.native.toolchain.KotlinNativeBundleBuildService$Companion$registerIfAbsent$2$1: loaded 2 times (x 79B)
Class org.jetbrains.kotlin.build.report.metrics.GradleBuildPerformanceMetric$Companion: loaded 2 times (x 71B)
Class org.jetbrains.kotlin.gradle.plugin.statistics.KotlinBuildStatsBeanService       : loaded 2 times (x 87B)
Class [Lcom.google.common.collect.ImmutableEntry;                                     : loaded 2 times (x 69B)
Class org.jetbrains.kotlin.gradle.tasks.configuration.AbstractKotlinCompileConfig$1$1 : loaded 2 times (x 74B)
Class org.jetbrains.kotlin.gradle.tasks.KotlinCompile$kotlinOptions$1                 : loaded 2 times (x 79B)
Class org.jetbrains.kotlin.tooling.core.ExtrasLazyProperty                            : loaded 2 times (x 70B)
Class org.jetbrains.kotlin.gradle.internal.properties.NativeProperties$Companion      : loaded 2 times (x 71B)
Class org.jetbrains.kotlin.gradle.utils.StringUtilsKt                                 : loaded 2 times (x 71B)
Class org.jetbrains.kotlin.gradle.targets.ConfigureBuildSideEffectKt$ConfigureBuildSideEffect$1: loaded 2 times (x 74B)
Class org.jetbrains.kotlin.gradle.utils.CompletableFuture                             : loaded 2 times (x 70B)
Class org.jetbrains.kotlin.build.report.metrics.BuildPerformanceMetric                : loaded 2 times (x 70B)
Class [Lorg.jetbrains.kotlin.statistics.metrics.StringOverridePolicy;                 : loaded 2 times (x 69B)
Class com.google.common.cache.LocalCache$LoadingValueReference                        : loaded 2 times (x 96B)
Class kotlin.collections.EmptyIterator                                                : loaded 2 times (x 89B)
Class kotlin.SynchronizedLazyImpl                                                     : loaded 2 times (x 76B)
Class kotlin.text.StringsKt__RegexExtensionsKt                                        : loaded 2 times (x 71B)
Class org.jetbrains.kotlin.gradle.utils.Completable$await$1                           : loaded 2 times (x 88B)
Class org.jetbrains.kotlin.gradle.tasks.configuration.AbstractKotlinCompileConfig$getClasspathSnapshotDir$1: loaded 2 times (x 74B)
Class org.jetbrains.kotlin.gradle.tasks.configuration.AbstractKotlinCompileConfig$1$2 : loaded 2 times (x 74B)
Class com.google.common.base.Platform                                                 : loaded 2 times (x 71B)
Class com.google.common.collect.Multimaps$Entries                                     : loaded 2 times (x 118B)
Class org.jetbrains.kotlin.gradle.plugin.diagnostics.checkers.OverriddenKotlinNativeHomeChecker$StdlibExistenceCheckerValueSource$Params$Inject: loaded 2 times (x 106B)
Class org.jetbrains.kotlin.gradle.plugin.diagnostics.checkers.CommonMainOrTestWithDependsOnChecker: loaded 2 times (x 74B)
Class org.jetbrains.kotlin.gradle.artifacts.KotlinNativeHostSpecificMetadataArtifactKt: loaded 2 times (x 71B)
Class org.jetbrains.kotlin.gradle.plugin.mpp.compilationImpl.KotlinCreateLifecycleTasksSideEffectKt: loaded 2 times (x 71B)
Class org.jetbrains.kotlin.gradle.plugin.KotlinTarget                                 : loaded 2 times (x 70B)
Class org.jetbrains.kotlin.gradle.utils.ConfigurationsKt$createResolvable$1           : loaded 2 times (x 78B)
Class [Lorg.jetbrains.kotlin.statistics.metrics.BooleanAnonymizationPolicy;           : loaded 2 times (x 69B)
Class kotlin.sequences.SequencesKt__SequencesJVMKt                                    : loaded 2 times (x 71B)
Class kotlin.collections.AbstractList                                                 : loaded 2 times (x 197B)
Class kotlin.collections.AbstractCollection                                           : loaded 2 times (x 117B)
Class org.jetbrains.kotlin.compilerRunner.CompilerSystemPropertiesService$Companion   : loaded 2 times (x 71B)
Class com.google.common.collect.AbstractMapBasedMultimap$WrappedList                  : loaded 2 times (x 205B)
Class com.google.common.collect.CompoundOrdering                                      : loaded 2 times (x 115B)
Class [Lorg.jetbrains.kotlin.build.report.metrics.BuildAttributeKind;                 : loaded 2 times (x 69B)
Class org.jetbrains.kotlin.gradle.tasks.K2MultiplatformStructure                      : loaded 2 times (x 74B)
Class org.jetbrains.kotlin.gradle.internal.KotlinDependenciesManagementKt$allNonProjectDependencies$1: loaded 2 times (x 74B)
Class org.jetbrains.kotlin.compilerRunner.CompilerSystemPropertiesService$Parameters  : loaded 2 times (x 70B)
Class org.jetbrains.kotlin.gradle.plugin.mpp.compilationImpl.KotlinCompilationSourceSetsContainer: loaded 2 times (x 70B)
Class org.jetbrains.kotlin.gradle.artifacts.KotlinNativeKlibArtifactKt                : loaded 2 times (x 71B)
Class org.jetbrains.kotlin.gradle.plugin.ProjectLocalConfigurations                   : loaded 2 times (x 71B)
Class org.jetbrains.kotlin.gradle.plugin.mpp.KotlinUsages$KotlinUsagesDisambiguation  : loaded 2 times (x 76B)
Class org.jetbrains.kotlin.tooling.core.Extras$Key$Companion                          : loaded 2 times (x 71B)
Class org.jetbrains.kotlin.tooling.core.Extras$Key                                    : loaded 2 times (x 72B)
Class [Lorg.objectweb.asm.AnnotationWriter;                                           : loaded 2 times (x 69B)
Class com.google.common.collect.Maps$8                                                : loaded 2 times (x 82B)
Class kotlin.LazyKt__LazyKt                                                           : loaded 2 times (x 71B)
Class kotlin.text.StringsKt__StringBuilderJVMKt                                       : loaded 2 times (x 71B)
Class Build_gradle$3                                                                  : loaded 2 times (x 74B)
Class org.jetbrains.kotlin.gradle.tasks.configuration.AbstractKotlinCompileConfig$1$4 : loaded 2 times (x 75B)
Class com.google.common.collect.ImmutableRangeSet$Builder                             : loaded 2 times (x 77B)
Class [Lcom.google.common.collect.Iterators$EmptyModifiableIterator;                  : loaded 2 times (x 69B)
Class org.jetbrains.kotlin.gradle.plugin.diagnostics.CheckKotlinGradlePluginConfigurationErrors: loaded 2 times (x 319B)
Class org.jetbrains.kotlin.gradle.plugin.sources.DefaultKotlinSourceSetKt             : loaded 2 times (x 71B)
Class org.jetbrains.kotlin.gradle.dsl.KotlinJvmOptions                                : loaded 2 times (x 70B)
Class org.jetbrains.kotlin.gradle.plugin.mpp.HierarchyAttributeContainer$1            : loaded 2 times (x 78B)
Class org.jetbrains.kotlin.gradle.plugin.KotlinPluginLifecycle                        : loaded 2 times (x 70B)
Class org.jetbrains.kotlin.gradle.plugin.KotlinJsPluginWrapper                        : loaded 2 times (x 86B)
Class org.jetbrains.kotlin.gradle.dsl.ToolchainSupport                                : loaded 2 times (x 70B)
Class org.jetbrains.kotlin.tooling.core.Extras                                        : loaded 2 times (x 70B)
Class org.jetbrains.kotlin.gradle.plugin.mpp.InternalKotlinTarget                     : loaded 2 times (x 70B)
Class org.jetbrains.kotlin.statistics.metrics.NumberAnonymizationPolicy$RANDOM_10_PERCENT: loaded 2 times (x 85B)
Class org.jetbrains.kotlin.statistics.metrics.StringMetrics                           : loaded 2 times (x 80B)
Class com.google.common.collect.Sets$SetView                                          : loaded 2 times (x 138B)
Class com.google.common.cache.LocalCache$StrongValueReference                         : loaded 2 times (x 90B)
Class com.google.common.util.concurrent.AbstractFuture$SynchronizedHelper             : loaded 2 times (x 78B)
Class kotlin.UNINITIALIZED_VALUE                                                      : loaded 2 times (x 71B)
Class com.google.common.graph.SuccessorsFunction                                      : loaded 2 times (x 70B)
Class org.jetbrains.kotlin.gradle.tasks.CompilerPluginOptions                         : loaded 2 times (x 72B)
Class org.jetbrains.kotlin.gradle.tasks.configuration.AbstractKotlinCompileConfig$1$5 : loaded 2 times (x 76B)
Class org.jetbrains.kotlin.gradle.plugin.mpp.KotlinTargetSoftwareComponentImpl        : loaded 2 times (x 90B)
Class org.jetbrains.kotlin.gradle.plugin.mpp.DefaultKotlinUsageContext$PublishOnlyIf  : loaded 2 times (x 70B)
Class org.jetbrains.kotlin.gradle.dsl.KotlinCommonCompilerOptionsHelper               : loaded 2 times (x 71B)
Class org.jetbrains.kotlin.gradle.plugin.KotlinJvmPlugin$Companion                    : loaded 2 times (x 71B)
Class org.jetbrains.kotlin.gradle.plugin.diagnostics.KotlinToolingDiagnostics         : loaded 2 times (x 71B)
Class org.jetbrains.kotlin.gradle.artifacts.KotlinMetadataArtifactKt                  : loaded 2 times (x 71B)
Class org.jetbrains.kotlin.gradle.targets.CreateArtifactsSideEffectKt$CreateArtifactsSideEffect$1: loaded 2 times (x 74B)
Class org.jetbrains.kotlin.gradle.internal.properties.PropertiesBuildService$property$1$valueFromGradleAndLocalProperties$1: loaded 2 times (x 75B)
Class org.jetbrains.kotlin.gradle.plugin.KotlinPluginWrapperKt$kotlinToolingVersion$2 : loaded 2 times (x 78B)
Class org.objectweb.asm.Type                                                          : loaded 2 times (x 72B)
Class org.gradle.internal.classloader.VisitableURLClassLoader$InstrumentingVisitableURLClassLoader: loaded 2 times (x 123B)
Class kotlin.collections.SetsKt___SetsKt                                              : loaded 2 times (x 71B)
Class kotlin.sequences.SequencesKt__SequencesKt                                       : loaded 2 times (x 71B)
Class build_efq95008ji880mfr7m2m1o20k                                                 : loaded 2 times (x 180B)
Class com.google.common.io.Files$FileByteSink                                         : loaded 2 times (x 77B)
Class org.jetbrains.kotlin.gradle.tasks.configuration.AbstractKotlinCompileConfig$1$6 : loaded 2 times (x 75B)
Class [Lorg.jetbrains.kotlin.gradle.tasks.KotlinCompilerExecutionStrategy;            : loaded 2 times (x 69B)
Class org.jetbrains.kotlin.gradle.tasks.FailedCompilationException                    : loaded 2 times (x 82B)
Class org.jetbrains.kotlin.gradle.plugin.mpp.DefaultKotlinUsageContext$1              : loaded 2 times (x 74B)
Class org.jetbrains.kotlin.gradle.plugin.mpp.compilationImpl.KotlinCompilationImpl$associateWith$2: loaded 2 times (x 79B)
Class org.jetbrains.kotlin.gradle.plugin.hierarchy.KotlinSourceSetTreeClassifier      : loaded 2 times (x 70B)
Class org.jetbrains.kotlin.gradle.plugin.mpp.compilationImpl.KotlinCompilationAssociator: loaded 2 times (x 70B)
Class org.jetbrains.kotlin.konan.target.UtilsKt$evaluatePresetName$1                  : loaded 2 times (x 78B)
Class org.jetbrains.kotlin.gradle.plugin.mpp.KotlinNativeTarget                       : loaded 2 times (x 167B)
Class org.jetbrains.kotlin.gradle.plugin.diagnostics.checkers.KotlinSourceSetTreeDependsOnMismatchChecker$runChecks$1: loaded 2 times (x 88B)
Class org.jetbrains.kotlin.gradle.plugin.diagnostics.checkers.PreHmppDependenciesUsageChecker$runChecks$1: loaded 2 times (x 88B)
Class org.jetbrains.kotlin.gradle.utils.ProjectExtensionsKt                           : loaded 2 times (x 71B)
Class org.jetbrains.kotlin.gradle.plugin.KotlinSourceSetTree$Companion                : loaded 2 times (x 71B)
Class org.jetbrains.kotlin.gradle.plugin.diagnostics.KotlinGradleProjectChecker$Companion: loaded 2 times (x 71B)
Class org.jetbrains.kotlin.gradle.plugin.KotlinGradleBuildServices$Parameters         : loaded 2 times (x 70B)
Class org.jetbrains.kotlin.gradle.plugin.statistics.BuildFusService$Companion$registerIfAbsent$1$1$1: loaded 2 times (x 75B)
Class org.jetbrains.kotlin.statistics.fileloggers.MetricsContainer$Companion          : loaded 2 times (x 71B)
Class org.objectweb.asm.ByteVector                                                    : loaded 2 times (x 79B)
Class [Lcom.google.common.cache.CacheBuilder$NullListener;                            : loaded 2 times (x 69B)
Class com.google.common.math.IntMath$1                                                : loaded 2 times (x 71B)
Class org.gradle.internal.classloader.VisitableURLClassLoader$Spec                    : loaded 2 times (x 74B)
Class org.gradle.internal.classpath.DefaultClassPath                                  : loaded 2 times (x 90B)
Class kotlin.sequences.FilteringSequence                                              : loaded 2 times (x 75B)
Class kotlin.text.StringsKt__StringsKt                                                : loaded 2 times (x 71B)
Class com.google.common.base.AbstractIterator                                         : loaded 2 times (x 80B)
Class org.jetbrains.kotlin.gradle.plugin.DefaultKotlinBasePlugin$addKotlinCompilerConfiguration$2$1$1: loaded 2 times (x 75B)
Class org.jetbrains.kotlin.gradle.plugin.mpp.KotlinSoftwareComponentKt                : loaded 2 times (x 71B)
Class org.jetbrains.kotlin.gradle.plugin.mpp.compilationImpl.KotlinCompilationSourceSetInclusion$AddSourcesToCompileTask: loaded 2 times (x 70B)
Class org.jetbrains.kotlin.konan.target.Architecture                                  : loaded 2 times (x 79B)
Class [Lorg.jetbrains.kotlin.gradle.plugin.HasProject;                                : loaded 2 times (x 69B)
Class org.jetbrains.kotlin.gradle.utils.MutableObservableSetImpl                      : loaded 2 times (x 163B)
Class org.jetbrains.kotlin.gradle.tasks.KotlinTasksProvider                           : loaded 2 times (x 72B)
Class org.jetbrains.kotlin.gradle.dsl.DefaultToolchainSupport$wireToolchainToTasks$1  : loaded 2 times (x 75B)
Class org.jetbrains.kotlin.gradle.dsl.KotlinCommonCompilerOptions                     : loaded 2 times (x 70B)
Class org.jetbrains.kotlin.gradle.plugin.KotlinJsCompilerTypeHolder                   : loaded 2 times (x 70B)
Class org.jetbrains.kotlin.gradle.internal.properties.PropertiesBuildService$MemoizedCallable: loaded 2 times (x 75B)
Class org.objectweb.asm.Symbol                                                        : loaded 2 times (x 73B)
Class com.google.common.io.Closer                                                     : loaded 2 times (x 78B)
Class org.jetbrains.kotlin.gradle.tasks.AbstractKotlinCompile$friendPathsSet$1        : loaded 2 times (x 75B)
Class org.jetbrains.kotlin.build.report.metrics.BuildAttributes                       : loaded 2 times (x 72B)
Class org.jetbrains.kotlin.gradle.plugin.cocoapods.KotlinCocoapodsPlugin$Companion    : loaded 2 times (x 71B)
Class org.jetbrains.kotlin.gradle.plugin.mpp.compilationImpl.KotlinCompilationImpl    : loaded 2 times (x 140B)
Class [Lorg.jetbrains.kotlin.gradle.plugin.mpp.compilationImpl.factory.KotlinCompilationImplFactory$PostConfigure;: loaded 2 times (x 69B)
Class org.jetbrains.kotlin.konan.target.KonanTarget$MACOS_X64                         : loaded 2 times (x 78B)
Class org.jetbrains.kotlin.gradle.plugin.KotlinSourceSet$Companion                    : loaded 2 times (x 71B)
Class org.jetbrains.kotlin.konan.util.Named                                           : loaded 2 times (x 70B)
Class [Lorg.jetbrains.kotlin.gradle.report.BuildReportMode;                           : loaded 2 times (x 69B)
Class org.jetbrains.kotlin.statistics.metrics.BooleanOverridePolicy                   : loaded 2 times (x 85B)
Class com.google.common.base.CharMatcher$Ascii                                        : loaded 2 times (x 112B)
Class com.google.common.base.CharMatcher$BitSetMatcher                                : loaded 2 times (x 112B)
Class com.google.common.collect.ImmutableSet                                          : loaded 2 times (x 145B)
Class com.google.common.collect.RegularImmutableMap$Values                            : loaded 2 times (x 207B)
Class org.jetbrains.kotlin.gradle.plugin.AbstractKotlinAndroidPluginWrapper           : loaded 2 times (x 86B)
Class org.gradle.internal.classloader.ClassLoaderSpec                                 : loaded 2 times (x 71B)
Class kotlin.collections.CollectionsKt___CollectionsJvmKt                             : loaded 2 times (x 71B)
Class com.google.common.io.ByteSource$EmptyByteSource                                 : loaded 2 times (x 85B)
Class org.jetbrains.kotlin.gradle.tasks.DefaultKotlinJavaToolchain$DefaultJavaToolchainSetter: loaded 2 times (x 75B)
Class org.jetbrains.kotlin.build.report.metrics.BuildAttributeKind                    : loaded 2 times (x 79B)
Class org.jetbrains.kotlin.gradle.plugin.mpp.KotlinCompilationsKt$moduleNameForCompilation$1: loaded 2 times (x 75B)
Class org.jetbrains.kotlin.gradle.plugin.sources.KotlinDependencyScopeKt              : loaded 2 times (x 71B)
Class org.jetbrains.kotlin.gradle.plugin.diagnostics.TransformActionUsingKotlinToolingDiagnostics$Parameters: loaded 2 times (x 70B)
Class org.jetbrains.kotlin.compilerRunner.CompilerSystemPropertiesService$Companion$registerIfAbsent$2$1: loaded 2 times (x 79B)
Class org.jetbrains.kotlin.gradle.plugin.mpp.KotlinCompilationsKt$addSourcesToKotlinCompileTask$1: loaded 2 times (x 75B)
Class org.jetbrains.kotlin.gradle.internal.KotlinDependenciesManagementKt$configureDefaultVersionsResolutionStrategy$1$1: loaded 2 times (x 75B)
Class org.jetbrains.kotlin.gradle.utils.KotlinExtensionUtilsKt$forAllTargets$1        : loaded 2 times (x 95B)
Class org.jetbrains.kotlin.gradle.plugin.diagnostics.CheckKotlinGradlePluginConfigurationErrorsKt$locateOrRegisterCheckKotlinGradlePluginErrorsTask$taskProvider$1: loaded 2 times (x 75B)
Class org.jetbrains.kotlin.gradle.plugin.diagnostics.checkers.OverriddenKotlinNativeHomeChecker$StdlibExistenceCheckerValueSource$Params: loaded 2 times (x 70B)
Class org.jetbrains.kotlin.gradle.dsl.PlatformSourceSetConventionsChecker$nativeTargetPresets$1$1: loaded 2 times (x 79B)
Class org.jetbrains.kotlin.gradle.tooling.BuildKotlinToolingMetadataTaskKt$buildKotlinToolingMetadataTask$1: loaded 2 times (x 78B)
Class org.jetbrains.kotlin.gradle.internal.Kapt3GradleSubplugin$Companion             : loaded 2 times (x 71B)
Class org.jetbrains.kotlin.gradle.plugin.mpp.compilationImpl.KotlinCreateCompilationArchiveTaskKt$KotlinRegisterCompilationArchiveTasksExtension$1: loaded 2 times (x 74B)
Class [Lorg.jetbrains.kotlin.statistics.metrics.NumberOverridePolicy;                 : loaded 2 times (x 69B)
Class org.jetbrains.kotlin.gradle.internal.properties.PropertiesBuildService$GradleProperty: loaded 2 times (x 70B)
Class org.jetbrains.kotlin.gradle.utils.StoredPropertyKt$projectStoredProperty$1      : loaded 2 times (x 78B)
Class org.objectweb.asm.AnnotationWriter                                              : loaded 2 times (x 79B)
Class com.google.common.cache.CacheStats                                              : loaded 2 times (x 71B)
Class kotlin.Unit                                                                     : loaded 2 times (x 71B)
Class kotlin.sequences.SequencesKt___SequencesJvmKt                                   : loaded 2 times (x 71B)
Class build_7o9so31mtscurj96r6jplslyh$_run_closure1$_closure3                         : loaded 2 times (x 139B)
Class build_5pyuhngwcd28wvusawymz9d50$_run_closure1                                   : loaded 2 times (x 139B)
Class com.google.common.io.Closer$Suppressor                                          : loaded 2 times (x 70B)
Class [Lcom.google.common.base.Predicate;                                             : loaded 2 times (x 69B)
Class com.google.common.io.LineProcessor                                              : loaded 2 times (x 70B)
Class org.jetbrains.kotlin.gradle.tasks.K2MultiplatformStructure$RefinesEdge          : loaded 2 times (x 72B)
Class org.jetbrains.kotlin.gradle.plugin.mpp.SyncLanguageSettingsWithKotlinExtensionSetupActionKt$SyncLanguageSettingsWithKotlinExtensionSetupAction$1$1: loaded 2 times (x 75B)
Class org.jetbrains.kotlin.gradle.tasks.configuration.TaskConfigAction$configureTask$1: loaded 2 times (x 79B)
Class com.google.common.collect.AbstractMapBasedMultimap$2                            : loaded 2 times (x 85B)
Class org.jetbrains.kotlin.gradle.plugin.diagnostics.checkers.DuplicateSourceSetChecker$runChecks$1: loaded 2 times (x 88B)
Class org.jetbrains.kotlin.gradle.plugin.diagnostics.ToolingDiagnostic$Severity       : loaded 2 times (x 79B)
Class org.jetbrains.kotlin.gradle.dsl.JvmTarget                                       : loaded 2 times (x 79B)
Class org.jetbrains.kotlin.gradle.internal.ClassLoadersCachingBuildService            : loaded 2 times (x 76B)
Class org.jetbrains.kotlin.gradle.plugin.VariantImplementationFactories$Inject        : loaded 2 times (x 106B)
Class org.jetbrains.kotlin.gradle.plugin.VariantImplementationFactoriesConfigurator$Companion: loaded 2 times (x 71B)
Class org.objectweb.asm.RecordComponentWriter                                         : loaded 2 times (x 78B)
Class com.google.common.util.concurrent.AbstractFuture$Listener                       : loaded 2 times (x 72B)
Class com.google.common.base.CharMatcher$Or                                           : loaded 2 times (x 112B)
Class Settings_gradle$1$1                                                             : loaded 2 times (x 74B)
Class com.google.common.collect.ForwardingSet                                         : loaded 2 times (x 151B)
Class [Lorg.jetbrains.kotlin.compilerRunner.KotlinCompilerArgumentsLogLevel;          : loaded 2 times (x 69B)
Class org.jetbrains.kotlin.gradle.tasks.KotlinCompile_Decorated                       : loaded 2 times (x 610B)
Class org.jetbrains.kotlin.gradle.plugin.mpp.SyncLanguageSettingsWithKotlinExtensionSetupActionKt$SyncLanguageSettingsWithKotlinExtensionSetupAction$1$2: loaded 2 times (x 75B)
Class org.jetbrains.kotlin.gradle.plugin.internal.BuildIdService$Companion            : loaded 2 times (x 71B)
Class org.jetbrains.kotlin.gradle.plugin.diagnostics.checkers.OverriddenKotlinNativeHomeChecker$StdlibExistenceCheckerValueSource$Companion: loaded 2 times (x 71B)
Class org.jetbrains.kotlin.gradle.targets.js.dsl.KotlinWasmSubTargetContainerDsl      : loaded 2 times (x 70B)
Class org.jetbrains.kotlin.gradle.plugin.diagnostics.checkers.WasmWasiEnvironmentChecker$1: loaded 2 times (x 78B)
Class org.jetbrains.kotlin.gradle.plugin.diagnostics.checkers.DisabledCinteropCommonizationInHmppProjectChecker: loaded 2 times (x 74B)
Class org.jetbrains.kotlin.gradle.plugin.diagnostics.checkers.NoKotlinTargetsDeclaredChecker: loaded 2 times (x 74B)
Class org.jetbrains.kotlin.gradle.utils.StoredPropertyStorage                         : loaded 2 times (x 72B)
Class org.jetbrains.kotlin.gradle.plugin.KotlinSourceSetContainer                     : loaded 2 times (x 70B)
Class org.objectweb.asm.Attribute                                                     : loaded 2 times (x 77B)
Class com.google.common.base.Supplier                                                 : loaded 2 times (x 70B)
Class org.gradle.internal.classloader.VisitableURLClassLoader                         : loaded 2 times (x 117B)
Class kotlin.collections.ArraysUtilJVM                                                : loaded 2 times (x 71B)
Class kotlin.jvm.functions.Function0                                                  : loaded 2 times (x 70B)
Class kotlin.collections.SetsKt                                                       : loaded 2 times (x 71B)
Class com.google.common.io.CharSource$AsByteSource                                    : loaded 2 times (x 85B)
Class org.jetbrains.kotlin.gradle.plugin.statistics.plugins.ObservablePlugins         : loaded 2 times (x 79B)
Class org.jetbrains.kotlin.gradle.plugin.sources.InternalKotlinSourceSetKt$awaitPlatformCompilations$1: loaded 2 times (x 88B)
Class [Lorg.jetbrains.kotlin.gradle.plugin.sources.KotlinDependencyScope;             : loaded 2 times (x 69B)
Class org.jetbrains.kotlin.gradle.tasks.configuration.BaseKotlinCompileConfig$configureCommonParameters$1: loaded 2 times (x 74B)
Class org.jetbrains.kotlin.gradle.plugin.mpp.compilationImpl.factory.ConfigurationNaming: loaded 2 times (x 70B)
Class org.jetbrains.kotlin.gradle.plugin.mpp.compilationImpl.DefaultKotlinCompilationPostConfigureKt: loaded 2 times (x 71B)
Class org.jetbrains.kotlin.konan.target.KonanTarget$WATCHOS_X64                       : loaded 2 times (x 78B)
Class org.jetbrains.kotlin.gradle.plugin.diagnostics.KotlinGradleProjectCheckersRunnerKt: loaded 2 times (x 71B)
Class [Lorg.jetbrains.kotlin.tooling.core.HasExtras;                                  : loaded 2 times (x 69B)
Class org.jetbrains.kotlin.gradle.plugin.diagnostics.checkers.IncorrectCompileOnlyDependenciesChecker: loaded 2 times (x 74B)
Class org.jetbrains.kotlin.gradle.plugin.diagnostics.checkers.WasmWasiEnvironmentChecker$2: loaded 2 times (x 78B)
Class org.jetbrains.kotlin.gradle.dsl.DefaultToolchainSupport$wireToolchainToTasks$1$1: loaded 2 times (x 75B)
Class org.jetbrains.kotlin.gradle.utils.SingleActionPerProject                        : loaded 2 times (x 73B)
Class com.google.common.util.concurrent.AbstractFuture$Waiter                         : loaded 2 times (x 72B)
Class org.jetbrains.kotlin.gradle.plugin.DefaultKotlinBasePlugin                      : loaded 2 times (x 82B)
Class org.gradle.internal.Cast                                                        : loaded 2 times (x 71B)
Class org.gradle.api.Action                                                           : loaded 2 times (x 70B)
Class kotlin.jvm.functions.Function1                                                  : loaded 2 times (x 70B)
Class [Lorg.jetbrains.kotlin.gradle.plugin.mpp.KotlinUsageContext$MavenScope;         : loaded 2 times (x 69B)
Class org.jetbrains.kotlin.gradle.tasks.configuration.BaseKotlinCompileConfig$configureCommonParameters$2: loaded 2 times (x 75B)
Class org.jetbrains.kotlin.gradle.plugin.mpp.compilationImpl.KotlinCompilationCompilerOptionsFromTargetConfigurator: loaded 2 times (x 74B)
Class com.google.common.base.Strings                                                  : loaded 2 times (x 71B)
Class org.jetbrains.kotlin.gradle.utils.FailuresKt$ideaSyncClasspathModeUtil$1        : loaded 2 times (x 72B)
Class org.jetbrains.kotlin.gradle.plugin.diagnostics.KotlinToolingDiagnosticsCollector$Inject: loaded 2 times (x 96B)
Class org.jetbrains.kotlin.gradle.artifacts.KotlinJsKlibArtifactKt                    : loaded 2 times (x 71B)
Class org.jetbrains.kotlin.gradle.dsl.KotlinTargetContainerWithWasmPresetFunctions    : loaded 2 times (x 70B)
Class org.jetbrains.kotlin.gradle.plugin.GradleUtilsKt                                : loaded 2 times (x 71B)
Class org.jetbrains.kotlin.gradle.internal.properties.PropertiesBuildService          : loaded 2 times (x 76B)
Class com.google.common.collect.Sets                                                  : loaded 2 times (x 71B)
Class org.objectweb.asm.Handler                                                       : loaded 2 times (x 72B)
Class com.google.common.base.CharMatcher$FastMatcher                                  : loaded 2 times (x 111B)
Class com.google.common.base.Ticker                                                   : loaded 2 times (x 72B)
Class kotlin.jvm.functions.Function2                                                  : loaded 2 times (x 70B)
Class org.jetbrains.kotlin.gradle.tasks.KotlinCompile$javaSources$1                   : loaded 2 times (x 75B)
Class org.jetbrains.kotlin.incremental.IncrementalCompilationFeatures                 : loaded 2 times (x 71B)
Class org.jetbrains.kotlin.gradle.plugin.KotlinTarget$DefaultImpls                    : loaded 2 times (x 71B)
Class org.jetbrains.kotlin.gradle.plugin.diagnostics.KotlinToolingDiagnosticsCollector: loaded 2 times (x 76B)
Class org.jetbrains.kotlin.gradle.plugin.mpp.compilationImpl.KotlinCreateCompilationArchiveTaskKt: loaded 2 times (x 71B)
Class org.jetbrains.kotlin.tooling.core.MutableExtrasImpl                             : loaded 2 times (x 165B)
Class org.jetbrains.kotlin.gradle.plugin.statistics.KotlinBuildStatsMXBean            : loaded 2 times (x 70B)
Class org.jetbrains.kotlin.gradle.utils.FileUtilsKt                                   : loaded 2 times (x 71B)
Class [Lcom.google.common.cache.LocalCache$Segment;                                   : loaded 2 times (x 69B)
Class com.google.common.base.Predicate                                                : loaded 2 times (x 70B)
Class [Lcom.google.common.cache.LocalCache$Strength;                                  : loaded 2 times (x 69B)
Class com.google.common.cache.CacheBuilder$1                                          : loaded 2 times (x 85B)
Class com.google.common.collect.ImmutableMap                                          : loaded 2 times (x 120B)
Class org.gradle.internal.classpath.DefaultClassPath$ImmutableUniqueList$Builder      : loaded 2 times (x 75B)
Class kotlin.collections.MapsKt___MapsJvmKt                                           : loaded 2 times (x 71B)
Class build_87sog6seokg0zu77joe510hdo                                                 : loaded 2 times (x 180B)
Class org.jetbrains.kotlin.gradle.plugin.mpp.KotlinCompilationFactory$DefaultImpls    : loaded 2 times (x 71B)
Class com.google.common.collect.AbstractRangeSet                                      : loaded 2 times (x 114B)
Class org.jetbrains.kotlin.gradle.plugin.diagnostics.checkers.InternalGradlePropertiesUsageChecker: loaded 2 times (x 74B)
Class org.jetbrains.kotlin.gradle.plugin.mpp.compilationImpl.CreateCInteropTasksSideEffectKt: loaded 2 times (x 71B)
Class org.jetbrains.kotlin.gradle.testing.internal.KotlinTestsRegistry$Companion      : loaded 2 times (x 71B)
Class org.jetbrains.kotlin.gradle.dsl.KotlinCommonCompilerToolOptions                 : loaded 2 times (x 70B)
Class org.jetbrains.kotlin.gradle.internal.properties.PropertiesBuildService$Companion$registerIfAbsent$1: loaded 2 times (x 75B)
Class org.jetbrains.kotlin.gradle.plugin.internal.DefaultConfigurationCacheStartParameterAccessorVariantFactory: loaded 2 times (x 76B)
Class com.google.common.base.CharMatcher$NegatedFastMatcher                           : loaded 2 times (x 113B)
Class com.google.common.cache.LocalCache                                              : loaded 2 times (x 187B)
Class com.google.common.cache.CacheBuilder$2                                          : loaded 2 times (x 79B)
Class kotlin.collections.CollectionsKt___CollectionsKt                                : loaded 2 times (x 71B)
Class Build_gradle$inlined$sam$i$org_gradle_api_Action$0                              : loaded 2 times (x 75B)
Class org.jetbrains.kotlin.build.report.metrics.BuildPerformanceMetrics$Companion     : loaded 2 times (x 71B)
Class org.jetbrains.kotlin.cli.common.arguments.K2JVMCompilerArguments                : loaded 2 times (x 76B)
Class org.jetbrains.kotlin.gradle.plugin.mpp.compilationImpl.DefaultKotlinCompilationSourceSetsContainer$source$1: loaded 2 times (x 79B)
Class org.jetbrains.kotlin.gradle.internal.KotlinTestDependencyManagementKt           : loaded 2 times (x 71B)
Class org.jetbrains.kotlin.konan.target.KonanTarget$ANDROID_X64                       : loaded 2 times (x 78B)
Class [Lorg.jetbrains.kotlin.gradle.plugin.sources.ConsistencyCheck;                  : loaded 2 times (x 69B)
Class org.jetbrains.kotlin.gradle.report.ReportingSettings                            : loaded 2 times (x 72B)
Class org.jetbrains.kotlin.statistics.metrics.StringAnonymizationPolicy$ComponentVersionAnonymizer: loaded 2 times (x 78B)
Class com.google.common.collect.ArrayListMultimap                                     : loaded 2 times (x 172B)
Class com.google.common.cache.CacheBuilder$3                                          : loaded 2 times (x 72B)
Class [Lcom.google.common.collect.AbstractMapEntry;                                   : loaded 2 times (x 69B)
Class com.google.common.collect.ImmutableEntry                                        : loaded 2 times (x 82B)
Class org.jetbrains.kotlin.gradle.plugin.KotlinBasePluginWrapper                      : loaded 2 times (x 86B)
Class org.gradle.api.GradleException                                                  : loaded 2 times (x 82B)
Class kotlin.text.StringsKt___StringsJvmKt                                            : loaded 2 times (x 71B)
Class com.google.common.io.CharSource$EmptyCharSource                                 : loaded 2 times (x 86B)
Class org.jetbrains.kotlin.gradle.plugin.diagnostics.KotlinToolingDiagnostics$JsEnvironmentNotChosenExplicitly: loaded 2 times (x 73B)
Class org.jetbrains.kotlin.gradle.plugin.ProjectLocalConfigurations$ProjectLocalCompatibility: loaded 2 times (x 76B)
Class org.jetbrains.kotlin.gradle.dsl.KotlinJvmCompilerOptions                        : loaded 2 times (x 70B)
Class org.jetbrains.kotlin.gradle.plugin.internal.DefaultProjectIsolationStartParameterAccessor$Factory: loaded 2 times (x 76B)
Class com.google.common.collect.CollectPreconditions                                  : loaded 2 times (x 71B)
Class kotlin.collections.MapsKt___MapsKt                                              : loaded 2 times (x 71B)
Class kotlin.collections.ArraysKt___ArraysKt                                          : loaded 2 times (x 71B)
Class [Lcom.google.common.io.FileWriteMode;                                           : loaded 2 times (x 69B)
Class org.jetbrains.kotlin.buildtools.api.SourcesChanges                              : loaded 2 times (x 70B)
Class org.jetbrains.kotlin.gradle.plugin.KotlinPluginLifecycleImpl$launch$1           : loaded 2 times (x 79B)
Class org.jetbrains.kotlin.konan.target.HostManager$Companion$targetAliases$2         : loaded 2 times (x 78B)
Class org.jetbrains.kotlin.gradle.utils.Completable                                   : loaded 2 times (x 72B)
Class org.jetbrains.kotlin.gradle.plugin.DefaultKotlinBasePlugin$addKotlinCompilerConfiguration$2$1: loaded 2 times (x 75B)
Class org.jetbrains.kotlin.gradle.plugin.statistics.KotlinBuildStatsServicesRegistry$Companion: loaded 2 times (x 71B)
Class org.jetbrains.kotlin.gradle.plugin.internal.DefaultCompatibilityConventionRegistrar$Factory: loaded 2 times (x 76B)
Class com.google.common.collect.SortedMapDifference                                   : loaded 2 times (x 70B)
Class kotlin.collections.MapsKt__MapWithDefaultKt                                     : loaded 2 times (x 71B)
Class build_1xsxxhhy4tj3ig0p77qy09u8b$_run_closure1                                   : loaded 2 times (x 139B)
Class build_3cu9vpt1b624ve5r5s4r8c3ea$_run_closure1$_closure3                         : loaded 2 times (x 139B)
Class Build_gradle$1$1                                                                : loaded 2 times (x 78B)
Class com.google.common.collect.Iterables$4                                           : loaded 2 times (x 81B)
Class com.google.common.io.Files                                                      : loaded 2 times (x 71B)
Class com.google.common.cache.LocalCache$WriteThroughEntry                            : loaded 2 times (x 79B)
Class com.google.common.cache.LocalCache$HashIterator                                 : loaded 2 times (x 86B)
Class org.jetbrains.kotlin.gradle.tasks.DefaultKotlinJavaToolchain$DefaultJdkSetter   : loaded 2 times (x 76B)
Class org.jetbrains.kotlin.cli.common.arguments.CommonCompilerArguments               : loaded 2 times (x 75B)
Class org.jetbrains.kotlin.gradle.plugin.diagnostics.checkers.IncorrectCompileOnlyDependenciesChecker$runChecks$1: loaded 2 times (x 88B)
Class org.jetbrains.kotlin.gradle.plugin.mpp.KotlinOnlyTarget                         : loaded 2 times (x 153B)
Class org.jetbrains.kotlin.gradle.targets.js.npm.BaseNpmDependencyExtension           : loaded 2 times (x 70B)
Class org.jetbrains.kotlin.gradle.dsl.KotlinVersion$Companion                         : loaded 2 times (x 71B)
Class org.jetbrains.kotlin.gradle.InternalKotlinGradlePluginApi                       : loaded 2 times (x 70B)
Class org.jetbrains.kotlin.gradle.dsl.DefaultToolchainSupport                         : loaded 2 times (x 76B)
Class org.jetbrains.kotlin.gradle.plugin.internal.CustomPropertiesFileValueSource     : loaded 2 times (x 82B)
Class com.google.common.cache.LocalCache$EntryFactory                                 : loaded 2 times (x 83B)
Class kotlin.collections.CollectionsKt__MutableCollectionsJVMKt                       : loaded 2 times (x 71B)
Class kotlin.enums.EnumEntriesKt                                                      : loaded 2 times (x 71B)
Class kotlin.text.StringsKt___StringsKt                                               : loaded 2 times (x 71B)
Class com.google.common.base.Splitter$1$1                                             : loaded 2 times (x 86B)
Class com.google.common.collect.NullsLastOrdering                                     : loaded 2 times (x 115B)
Class org.jetbrains.kotlin.gradle.tasks.TaskOutputsBackup                             : loaded 2 times (x 72B)
Class org.jetbrains.kotlin.gradle.plugin.cocoapods.KotlinCocoapodsPlugin              : loaded 2 times (x 76B)
Class org.jetbrains.kotlin.gradle.internal.CompilerOptionsDslHelpersKt                : loaded 2 times (x 71B)
Class org.jetbrains.kotlin.gradle.internal.StdlibDependencyManagementKt$configureStdlibVersionAlignment$1$1: loaded 2 times (x 75B)
Class org.jetbrains.kotlin.gradle.dsl.KotlinProjectExtension$awaitSourceSets$1        : loaded 2 times (x 88B)
Class org.jetbrains.kotlin.gradle.plugin.KotlinPluginLifecycle$CoroutineStart         : loaded 2 times (x 79B)
Class org.jetbrains.kotlin.konan.target.Family                                        : loaded 2 times (x 79B)
Class org.jetbrains.kotlin.gradle.tasks.TasksProviderKt$sam$org_gradle_api_Action$0   : loaded 2 times (x 75B)
Class org.jetbrains.kotlin.gradle.tooling.BuildKotlinToolingMetadataTask$FromKotlinExtension: loaded 2 times (x 317B)
Class org.jetbrains.kotlin.gradle.utils.FailuresKt                                    : loaded 2 times (x 71B)
Class org.jetbrains.kotlin.gradle.targets.native.internal.CInteropConfigurationsKt$special$$inlined$KotlinTargetSideEffect$1: loaded 2 times (x 74B)
Class org.jetbrains.kotlin.gradle.internal.properties.NativePropertiesLoader$konanDataDirProperty$1: loaded 2 times (x 75B)
Class org.jetbrains.kotlin.gradle.plugin.statistics.BuildFusService$Parameters_Decorated: loaded 2 times (x 143B)
Class org.jetbrains.kotlin.gradle.internal.properties.PropertiesBuildService$Params$Inject: loaded 2 times (x 106B)
Class org.jetbrains.kotlin.tooling.core.HasMutableExtras                              : loaded 2 times (x 70B)
Class com.google.common.cache.LocalCache$AbstractReferenceEntry                       : loaded 2 times (x 107B)
Class org.gradle.internal.IoActions                                                   : loaded 2 times (x 71B)
Class org.jetbrains.kotlin.gradle.internal.Kapt3KotlinGradleSubpluginKt               : loaded 2 times (x 71B)
Class org.jetbrains.kotlin.gradle.dsl.KotlinJvmCompile                                : loaded 2 times (x 70B)
Class com.google.common.collect.ImmutableRangeSet$ComplementRanges                    : loaded 2 times (x 207B)
Class org.jetbrains.kotlin.konan.target.KonanTarget$LINUX_ARM32_HFP                   : loaded 2 times (x 78B)
Class org.jetbrains.kotlin.gradle.internal.Kapt3GradleSubplugin                       : loaded 2 times (x 83B)
Class org.jetbrains.kotlin.gradle.plugin.diagnostics.checkers.CInteropInputChecker    : loaded 2 times (x 74B)
Class org.jetbrains.kotlin.gradle.plugin.statistics.FinalizeConfigurationFusMetricActionKt$FinalizeConfigurationFusMetricAction$1: loaded 2 times (x 95B)
Class org.jetbrains.kotlin.gradle.internal.KotlinDependenciesManagementKt$CustomizeKotlinDependenciesSetupAction$1: loaded 2 times (x 74B)
Class org.jetbrains.kotlin.gradle.plugin.KotlinGradlePluginExtensionPointInternal$registeredExtensions$2: loaded 2 times (x 78B)
Class org.jetbrains.kotlin.statistics.metrics.BooleanOverridePolicy$OR                : loaded 2 times (x 85B)
Class org.jetbrains.kotlin.gradle.plugin.UsesVariantImplementationFactories           : loaded 2 times (x 70B)
Class org.objectweb.asm.SymbolTable                                                   : loaded 2 times (x 72B)
Class com.google.common.cache.CacheLoader$InvalidCacheLoadException                   : loaded 2 times (x 82B)
Class com.google.common.collect.ImmutableSet$RegularSetBuilderImpl                    : loaded 2 times (x 77B)
Class org.gradle.internal.classloader.SystemClassLoaderSpec                           : loaded 2 times (x 71B)
Class kotlin.jvm.internal.Intrinsics                                                  : loaded 2 times (x 71B)
Class com.google.common.collect.FluentIterable                                        : loaded 2 times (x 81B)
Class org.jetbrains.kotlin.gradle.tasks.CacheableTasksKt$cacheOnlyIfEnabledForKotlin$1$1: loaded 2 times (x 74B)
Class org.jetbrains.kotlin.gradle.tasks.configuration.BaseKotlinCompileConfig$1$1     : loaded 2 times (x 75B)
Class org.jetbrains.kotlin.gradle.plugin.mpp.compilationImpl.factory.KotlinCompilationImplFactory$PostConfigure: loaded 2 times (x 70B)
Class org.jetbrains.kotlin.gradle.utils.KotlinExtensionUtilsKt                        : loaded 2 times (x 71B)
Class [Lorg.jetbrains.kotlin.konan.util.Named;                                        : loaded 2 times (x 69B)
Class org.jetbrains.kotlin.gradle.plugin.diagnostics.checkers.NoKotlinTargetsDeclaredChecker$runChecks$1: loaded 2 times (x 88B)
Class org.jetbrains.kotlin.gradle.plugin.mpp.AbstractKotlinTarget$kotlinComponents$2  : loaded 2 times (x 79B)
Class org.jetbrains.kotlin.gradle.plugin.KotlinPlatformType$CompatibilityRule         : loaded 2 times (x 76B)
Class org.jetbrains.kotlin.gradle.internal.properties.NativePropertiesLoader$actualNativeHomeDirectory$1: loaded 2 times (x 75B)
Class org.jetbrains.kotlin.gradle.internal.properties.NativePropertiesKt              : loaded 2 times (x 71B)
Class org.jetbrains.kotlin.gradle.plugin.BuildEventsListenerRegistryHolder            : loaded 2 times (x 72B)
Class [Lorg.jetbrains.kotlin.statistics.metrics.BooleanOverridePolicy;                : loaded 2 times (x 69B)
Class org.jetbrains.kotlin.gradle.plugin.internal.CustomPropertiesFileValueSource$Parameters$Inject: loaded 2 times (x 106B)
Class com.google.common.cache.LocalCache$StrongEntry                                  : loaded 2 times (x 108B)
Class com.google.common.util.concurrent.AbstractFuture$TrustedFuture                  : loaded 2 times (x 114B)
Class com.google.common.cache.LoadingCache                                            : loaded 2 times (x 70B)
Class kotlin.collections.MapsKt                                                       : loaded 2 times (x 71B)
Class kotlin.collections.CollectionsKt__IterablesKt                                   : loaded 2 times (x 71B)
Class com.google.common.io.ByteStreams$LimitedInputStream                             : loaded 2 times (x 92B)
Class org.jetbrains.kotlin.gradle.tasks.GradleCompileTaskProvider                     : loaded 2 times (x 72B)
Class org.jetbrains.kotlin.gradle.plugin.mpp.KotlinTargetSoftwareComponentImplKt$KotlinTargetSoftwareComponent$1: loaded 2 times (x 95B)
Class org.jetbrains.kotlin.gradle.tasks.configuration.BaseKotlinCompileConfig$registerBuildToolsApiTransformations$1: loaded 2 times (x 75B)
Class org.jetbrains.kotlin.gradle.plugin.internal.BuildIdService                      : loaded 2 times (x 76B)
Class org.jetbrains.kotlin.gradle.plugin.mpp.compilationImpl.factory.KotlinCompilationDependencyConfigurationsFactoriesKt: loaded 2 times (x 71B)
Class org.jetbrains.kotlin.gradle.plugin.mpp.compilationImpl.DefaultKotlinCompilationFriendPathsResolver: loaded 2 times (x 75B)
Class org.jetbrains.kotlin.gradle.plugin.diagnostics.checkers.WasmSourceSetsNotFoundChecker$runChecks$1: loaded 2 times (x 88B)
Class org.jetbrains.kotlin.konan.target.KonanTarget$IOS_SIMULATOR_ARM64               : loaded 2 times (x 78B)
Class org.jetbrains.kotlin.gradle.plugin.mpp.compilationImpl.KotlinCreateCompilationArchiveTaskKt$KotlinCreateCompilationArchivesTask$1: loaded 2 times (x 74B)
Class org.jetbrains.kotlin.gradle.dsl.KotlinVersion                                   : loaded 2 times (x 79B)
Class org.jetbrains.kotlin.gradle.internal.properties.NativePropertiesLoader$actualNativeHomeDirectory$2: loaded 2 times (x 74B)
Class org.jetbrains.kotlin.gradle.utils.StoredPropertyKt                              : loaded 2 times (x 71B)
Class org.objectweb.asm.MethodWriter                                                  : loaded 2 times (x 106B)
Class [Lcom.google.common.cache.Weigher;                                              : loaded 2 times (x 69B)
Class com.google.common.collect.RegularImmutableMap$BucketOverflowException           : loaded 2 times (x 82B)
Class kotlin.KotlinNullPointerException                                               : loaded 2 times (x 83B)
Class build_6hw4k8r52q5ylblwhgvixf86r$_run_closure1$_closure2                         : loaded 2 times (x 139B)
Class com.google.common.collect.AbstractMapBasedMultimap$RandomAccessWrappedList      : loaded 2 times (x 205B)
Class org.jetbrains.kotlin.gradle.plugin.sources.KotlinDependencyScope$Companion      : loaded 2 times (x 71B)
Class org.jetbrains.kotlin.gradle.tasks.configuration.BaseKotlinCompileConfig$registerBuildToolsApiTransformations$2: loaded 2 times (x 75B)
Class org.jetbrains.kotlin.gradle.tasks.KotlinJvmCompile                              : loaded 2 times (x 70B)
Class org.jetbrains.kotlin.gradle.plugin.mpp.compilationImpl.KotlinCompilationSourceSetsContainerKt: loaded 2 times (x 71B)
Class org.jetbrains.kotlin.gradle.plugin.KotlinPluginLifecycleKt$launchInStage$1      : loaded 2 times (x 95B)
Class org.jetbrains.kotlin.gradle.targets.NativeForwardImplementationToApiElementsSideEffectKt: loaded 2 times (x 71B)
Class org.jetbrains.kotlin.gradle.internal.properties.NativePropertiesLoader$actualNativeHomeDirectory$3: loaded 2 times (x 75B)
Class org.jetbrains.kotlin.gradle.report.BuildReportMode                              : loaded 2 times (x 79B)
Class org.jetbrains.kotlin.statistics.metrics.StringAnonymizationPolicy$RegexControlled: loaded 2 times (x 79B)
Class org.jetbrains.kotlin.statistics.ValueAnonymizer                                 : loaded 2 times (x 70B)
Class org.jetbrains.kotlin.gradle.plugin.VariantImplementationFactories$Companion$getProvider$2$1$1: loaded 2 times (x 75B)
Class org.jetbrains.kotlin.gradle.plugin.internal.ProjectIsolationStartParameterAccessor$Factory: loaded 2 times (x 70B)
Class build_11rtarm5z7ru1x0wbquzgnh6w$_run_closure1$_closure3                         : loaded 2 times (x 139B)
Class com.google.common.collect.AbstractIterator$State                                : loaded 2 times (x 79B)
Class org.jetbrains.kotlin.gradle.tasks.KotlinCompile$disableMultiModuleIC$2$1        : loaded 2 times (x 75B)
Class org.jetbrains.kotlin.gradle.tasks.DefaultKotlinJavaToolchain$javaExecutable$1   : loaded 2 times (x 75B)
Class org.jetbrains.kotlin.build.report.metrics.BuildAttribute                        : loaded 2 times (x 79B)
Class org.jetbrains.kotlin.gradle.internal.transforms.BuildToolsApiClasspathEntrySnapshotTransform$Inject1: loaded 2 times (x 113B)
Class org.jetbrains.kotlin.gradle.plugin.mpp.compilationImpl.KotlinCompilationRegisterInSourceSetsConfigurator: loaded 2 times (x 74B)
Class org.jetbrains.kotlin.gradle.plugin.mpp.compilationImpl.factory.DefaultKotlinCompilationTaskNamesContainerFactory: loaded 2 times (x 74B)
Class org.jetbrains.kotlin.gradle.targets.native.internal.CommonizerTasksKt           : loaded 2 times (x 71B)
Class [Lorg.jetbrains.kotlin.gradle.targets.js.npm.NpmDependency$Scope;               : loaded 2 times (x 69B)
Class org.jetbrains.kotlin.gradle.plugin.KotlinCompilerPluginSupportPlugin            : loaded 2 times (x 70B)
Class org.jetbrains.kotlin.gradle.plugin.mpp.AbstractKotlinTarget$components$2        : loaded 2 times (x 79B)
Class org.jetbrains.kotlin.gradle.plugin.mpp.KotlinUsages$setupAttributesMatchingStrategy$1: loaded 2 times (x 74B)
Class org.jetbrains.kotlin.gradle.utils.AndroidPluginIdsKt                            : loaded 2 times (x 71B)
Class com.google.common.collect.RegularImmutableBiMap                                 : loaded 2 times (x 149B)
Class com.google.common.base.CharMatcher$Negated                                      : loaded 2 times (x 113B)
Class com.google.common.base.CharMatcher$Is                                           : loaded 2 times (x 111B)
Class com.google.common.cache.LocalCache$ValueReference                               : loaded 2 times (x 70B)
Class org.jetbrains.kotlin.gradle.plugin.KotlinBasePlugin                             : loaded 2 times (x 70B)
Class kotlin.collections.ArraysKt                                                     : loaded 2 times (x 71B)
Class build_38yheojcljja3dfxq1fyhdhni$_run_closure1                                   : loaded 2 times (x 139B)
Class com.google.common.hash.PrimitiveSink                                            : loaded 2 times (x 70B)
Class org.jetbrains.kotlin.gradle.tasks.internal.KotlinJvmOptionsCompat               : loaded 2 times (x 101B)
Class org.jetbrains.kotlin.cli.common.arguments.CommonToolArguments                   : loaded 2 times (x 73B)
Class com.google.common.base.PatternCompiler                                          : loaded 2 times (x 70B)
Class org.jetbrains.kotlin.gradle.utils.FutureKt                                      : loaded 2 times (x 71B)
Class org.jetbrains.kotlin.gradle.logging.GradleLoggingUtilsKt                        : loaded 2 times (x 71B)
Class com.google.common.util.concurrent.AbstractFuture$Failure                        : loaded 2 times (x 72B)
Class com.google.common.base.Equivalence$Equals                                       : loaded 2 times (x 82B)
Class com.google.common.collect.Hashing                                               : loaded 2 times (x 71B)
Class com.google.common.base.Preconditions                                            : loaded 2 times (x 71B)
Class org.jetbrains.kotlin.gradle.plugin.KotlinAndroidPluginWrapper                   : loaded 2 times (x 86B)
Class kotlin.collections.SetsKt__SetsKt                                               : loaded 2 times (x 71B)
Class kotlin.LazyKt                                                                   : loaded 2 times (x 71B)
Class build_7o9so31mtscurj96r6jplslyh$_run_closure1                                   : loaded 2 times (x 139B)
Class com.google.common.io.CharSink                                                   : loaded 2 times (x 79B)
Class com.google.common.collect.ByFunctionOrdering                                    : loaded 2 times (x 115B)
Class org.jetbrains.kotlin.compilerRunner.GradleCompilerRunner$Companion              : loaded 2 times (x 71B)
Class [Lorg.jetbrains.kotlin.gradle.dsl.PlatformSourceSetConventionsChecker$CheckedPlatformInfo;: loaded 2 times (x 69B)
Class org.jetbrains.kotlin.gradle.plugin.diagnostics.KotlinGradleProjectCheckerContext: loaded 2 times (x 72B)
Class org.jetbrains.kotlin.gradle.plugin.diagnostics.checkers.DuplicateSourceSetChecker: loaded 2 times (x 74B)
Class org.jetbrains.kotlin.gradle.plugin.diagnostics.ToolingDiagnosticFactory         : loaded 2 times (x 73B)
Class org.jetbrains.kotlin.gradle.targets.KotlinTargetSideEffect                      : loaded 2 times (x 70B)
Class org.jetbrains.kotlin.gradle.plugin.DefaultKotlinBasePlugin$setupAttributeMatchingStrategy$1$1: loaded 2 times (x 79B)
Class org.jetbrains.kotlin.statistics.metrics.NumericalMetrics$Companion              : loaded 2 times (x 71B)
Class [Lorg.jetbrains.kotlin.statistics.metrics.NumberAnonymizationPolicy;            : loaded 2 times (x 69B)
Class org.jetbrains.kotlin.statistics.metrics.NumberOverridePolicy$OVERRIDE           : loaded 2 times (x 85B)
Class org.jetbrains.kotlin.gradle.internal.properties.PropertiesBuildService$property$1: loaded 2 times (x 79B)
Class com.google.common.base.Joiner$1                                                 : loaded 2 times (x 80B)
Class org.objectweb.asm.Label                                                         : loaded 2 times (x 73B)
Class org.objectweb.asm.CurrentFrame                                                  : loaded 2 times (x 73B)
Class org.objectweb.asm.ClassTooLargeException                                        : loaded 2 times (x 83B)
Class com.google.common.base.CharMatcher                                              : loaded 2 times (x 111B)
Class com.google.common.collect.PeekingIterator                                       : loaded 2 times (x 70B)
Class kotlin.collections.ArraysKt__ArraysJVMKt                                        : loaded 2 times (x 71B)
Class com.google.common.io.ByteSource$AsCharSource                                    : loaded 2 times (x 86B)
Class com.google.common.collect.Maps$IteratorBasedAbstractMap                         : loaded 2 times (x 125B)
Class org.jetbrains.kotlin.gradle.tasks.configuration.AbstractKotlinCompileConfig$2$2$1: loaded 2 times (x 75B)
Class org.jetbrains.kotlin.build.report.metrics.BuildAttributes$Companion             : loaded 2 times (x 71B)
Class org.jetbrains.kotlin.gradle.tasks.KotlinCompilationTask                         : loaded 2 times (x 70B)
Class org.jetbrains.kotlin.gradle.plugin.mpp.compilationImpl.factory.KotlinCompilationImplFactory$ProcessResourcesTaskNameFactory: loaded 2 times (x 70B)
Class com.google.common.collect.RangeGwtSerializationDependencies                     : loaded 2 times (x 71B)
Class org.jetbrains.kotlin.gradle.internal.properties.PropertiesBuildService$property$2: loaded 2 times (x 79B)
Class org.jetbrains.kotlin.gradle.internal.KotlinDependenciesManagementKt             : loaded 2 times (x 71B)
Class org.jetbrains.kotlin.gradle.plugin.DefaultKotlinBasePlugin$setupAttributeMatchingStrategy$1$2: loaded 2 times (x 79B)
Class org.jetbrains.kotlin.gradle.plugin.statistics.KotlinBuildStatsLoggerService     : loaded 2 times (x 72B)
Class org.jetbrains.kotlin.gradle.plugin.internal.CustomPropertiesFileValueSource$Inject: loaded 2 times (x 113B)
Class com.google.common.base.Joiner$2                                                 : loaded 2 times (x 79B)
Class org.objectweb.asm.Frame                                                         : loaded 2 times (x 73B)
Class org.objectweb.asm.MethodVisitor                                                 : loaded 2 times (x 105B)
Class com.google.common.base.CharMatcher$NamedFastMatcher                             : loaded 2 times (x 112B)
Class com.google.common.base.CharMatcher$1                                            : loaded 2 times (x 113B)
Class com.google.common.cache.LocalCache$EntryFactory$1                               : loaded 2 times (x 83B)
Class [Lcom.google.common.cache.RemovalListener;                                      : loaded 2 times (x 69B)
Class kotlin.text.StringsKt__StringBuilderKt                                          : loaded 2 times (x 71B)
Class org.jetbrains.kotlin.gradle.plugin.mpp.InternalKotlinTargetKt$special$$inlined$extrasStoredFuture$1: loaded 2 times (x 79B)
Class org.jetbrains.kotlin.tooling.core.ExtrasProperty                                : loaded 2 times (x 70B)
Class org.jetbrains.kotlin.compilerRunner.UsesCompilerSystemPropertiesService         : loaded 2 times (x 70B)
Class org.jetbrains.kotlin.gradle.plugin.mpp.compilationImpl.KotlinCompilationSourceSetInclusion$Companion: loaded 2 times (x 71B)
Class com.google.common.collect.RangeSet                                              : loaded 2 times (x 70B)
Class org.jetbrains.kotlin.konan.target.KonanTarget$WATCHOS_DEVICE_ARM64              : loaded 2 times (x 78B)
Class org.jetbrains.kotlin.gradle.plugin.diagnostics.checkers.MissingNativeStdlibChecker$runChecks$1: loaded 2 times (x 88B)
Class [Lorg.jetbrains.kotlin.gradle.plugin.sources.android.AndroidVariantType;        : loaded 2 times (x 69B)
Class org.jetbrains.kotlin.gradle.plugin.sources.android.AndroidVariantType           : loaded 2 times (x 79B)
Class org.jetbrains.kotlin.gradle.plugin.mpp.KotlinTargetSoftwareComponent            : loaded 2 times (x 89B)
Class org.jetbrains.kotlin.gradle.plugin.mpp.KotlinVariant                            : loaded 2 times (x 101B)
Class org.jetbrains.kotlin.gradle.targets.native.ConfigureFrameworkExportSideEffectKt : loaded 2 times (x 71B)
Class org.jetbrains.kotlin.gradle.utils.WhenPluginEnabledKt                           : loaded 2 times (x 71B)
Class org.jetbrains.kotlin.gradle.plugin.VariantImplementationFactories               : loaded 2 times (x 75B)
Class com.google.common.cache.LocalCache$EntryFactory$2                               : loaded 2 times (x 83B)
Class org.gradle.api.internal.classpath.GlobalCacheRootsProvider                      : loaded 2 times (x 70B)
Class kotlin.Lazy                                                                     : loaded 2 times (x 70B)
Class kotlin.NoWhenBranchMatchedException                                             : loaded 2 times (x 82B)
Class org.jetbrains.kotlin.tooling.core.Extras$Entry$Companion                        : loaded 2 times (x 71B)
Class com.google.common.collect.CollectCollectors                                     : loaded 2 times (x 71B)
Class org.jetbrains.kotlin.gradle.targets.js.dsl.KotlinWasmWasiTargetDsl              : loaded 2 times (x 70B)
Class org.jetbrains.kotlin.gradle.plugin.diagnostics.checkers.DisabledNativeTargetsChecker: loaded 2 times (x 74B)
Class org.jetbrains.kotlin.gradle.plugin.mpp.compilationImpl.KotlinCreateSourcesJarTaskSideEffectKt$KotlinCreateSourcesJarTaskSideEffect$1: loaded 2 times (x 74B)
Class org.jetbrains.kotlin.gradle.internal.CompilerArgumentAware                      : loaded 2 times (x 70B)
Class org.jetbrains.kotlin.gradle.utils.ReportUtilsKt                                 : loaded 2 times (x 71B)
Class org.jetbrains.kotlin.gradle.utils.StoredLazyProperty                            : loaded 2 times (x 75B)
Class org.objectweb.asm.ModuleWriter                                                  : loaded 2 times (x 82B)
Class com.google.common.cache.LocalCache$EntryFactory$3                               : loaded 2 times (x 83B)
Class com.google.common.base.Ticker$1                                                 : loaded 2 times (x 72B)
Class com.google.common.collect.Maps$BiMapConverter                                   : loaded 2 times (x 90B)
Class com.google.common.collect.ImmutableMapEntrySet$RegularEntrySet                  : loaded 2 times (x 152B)
Class Native_plugin_loader_gradle$NativePluginLoader                                  : loaded 2 times (x 72B)
Class org.jetbrains.kotlin.gradle.tasks.K2MultiplatformStructure_Decorated            : loaded 2 times (x 135B)
Class org.jetbrains.kotlin.compilerRunner.GradleCompilerRunner                        : loaded 2 times (x 73B)
Class com.google.common.collect.SetMultimap                                           : loaded 2 times (x 70B)
Class org.jetbrains.kotlin.gradle.dsl.AndroidMainSourceSetConventionsChecker$runChecks$1: loaded 2 times (x 88B)
Class org.jetbrains.kotlin.gradle.plugin.sources.FragmentConsistencyChecks            : loaded 2 times (x 72B)
Class org.jetbrains.kotlin.gradle.plugin.mpp.InternalKotlinTargetComponent            : loaded 2 times (x 93B)
Class org.jetbrains.kotlin.gradle.targets.CreateDefaultTestRunSideEffectKt$special$$inlined$KotlinTargetSideEffect$1: loaded 2 times (x 74B)
Class org.jetbrains.kotlin.gradle.utils.ProviderApiUtilsKt                            : loaded 2 times (x 71B)
Class org.jetbrains.kotlin.gradle.internal.properties.NativePropertiesLoader$forceDisableRunningInProcess$1: loaded 2 times (x 75B)
Class org.jetbrains.kotlin.gradle.utils.PersistentCachesKt                            : loaded 2 times (x 71B)
Class org.jetbrains.kotlin.gradle.internal.tasks.TaskWithLocalState                   : loaded 2 times (x 70B)
Class org.jetbrains.kotlin.gradle.plugin.statistics.KotlinBuildStatisticsUtilsKt      : loaded 2 times (x 71B)
Class org.jetbrains.kotlin.statistics.metrics.BooleanMetrics                          : loaded 2 times (x 80B)
Class org.jetbrains.kotlin.gradle.internal.properties.PropertiesBuildService$Params   : loaded 2 times (x 70B)
Class com.google.common.base.CharMatcher$InRange                                      : loaded 2 times (x 111B)
Class com.google.common.cache.LocalCache$EntryFactory$4                               : loaded 2 times (x 83B)
Class com.google.common.collect.ImmutableSet$Builder                                  : loaded 2 times (x 85B)
Class kotlin.sequences.ConstrainedOnceSequence                                        : loaded 2 times (x 75B)
Class com.google.common.io.ByteStreams$1                                              : loaded 2 times (x 85B)
Class com.google.common.collect.ReverseOrdering                                       : loaded 2 times (x 115B)
Class org.jetbrains.kotlin.gradle.plugin.sources.KotlinDependencyScopeKt$WhenMappings : loaded 2 times (x 71B)
Class org.jetbrains.kotlin.gradle.tasks.K2MultiplatformCompilationTask                : loaded 2 times (x 70B)
Class org.jetbrains.kotlin.gradle.plugin.diagnostics.checkers.OverriddenKotlinNativeHomeChecker$StdlibExistenceCheckerValueSource$Inject: loaded 2 times (x 109B)
Class org.jetbrains.kotlin.gradle.utils.ConfigurationsKt$maybeCreateDependencyScope$1 : loaded 2 times (x 78B)
Class org.jetbrains.kotlin.gradle.plugin.sources.FragmentConsistencyChecks$languageVersionCheck$1: loaded 2 times (x 79B)
Class org.jetbrains.kotlin.gradle.plugin.mpp.DecoratedKotlinCompilation               : loaded 2 times (x 191B)
Class org.jetbrains.kotlin.gradle.plugin.diagnostics.checkers.ExperimentalTryNextUsageChecker: loaded 2 times (x 74B)
Class [Lorg.jetbrains.kotlin.gradle.plugin.diagnostics.ToolingDiagnostic$Severity;    : loaded 2 times (x 69B)
Class [Lorg.jetbrains.kotlin.gradle.plugin.KotlinPlatformType;                        : loaded 2 times (x 69B)
Class org.jetbrains.kotlin.gradle.plugin.statistics.UsesBuildFusService               : loaded 2 times (x 70B)
Class org.jetbrains.kotlin.gradle.plugin.statistics.old.Pre232IdeaKotlinBuildStatsBeanService: loaded 2 times (x 95B)
Class org.jetbrains.kotlin.statistics.metrics.NumberOverridePolicy$AVERAGE            : loaded 2 times (x 85B)
Class org.jetbrains.kotlin.gradle.plugin.VariantImplementationFactories$Parameters$Inject: loaded 2 times (x 106B)
Class com.google.common.cache.LocalCache$EntryFactory$5                               : loaded 2 times (x 83B)
Class kotlin.jvm.internal.markers.KMappedMarker                                       : loaded 2 times (x 70B)
Class kotlin.NotImplementedError                                                      : loaded 2 times (x 82B)
Class com.google.common.collect.HashMultimap                                          : loaded 2 times (x 174B)
Class org.jetbrains.kotlin.gradle.plugin.mpp.MppSourcesJarKt$sourcesJarTaskNamed$result$1: loaded 2 times (x 79B)
Class org.jetbrains.kotlin.gradle.tasks.configuration.BaseKotlinCompileConfig$1       : loaded 2 times (x 79B)
Class org.jetbrains.kotlin.gradle.plugin.mpp.compilationImpl.factory.ConfigurationNaming$Default: loaded 2 times (x 75B)
Class org.jetbrains.kotlin.gradle.plugin.mpp.compilationImpl.KotlinCompilationSourceSetInclusion: loaded 2 times (x 72B)
Class org.jetbrains.kotlin.gradle.plugin.KotlinBaseApiPlugin                          : loaded 2 times (x 118B)
Class org.jetbrains.kotlin.gradle.targets.jvm.KotlinJvmTarget                         : loaded 2 times (x 166B)
Class org.jetbrains.kotlin.gradle.targets.js.dsl.KotlinWasmJsTargetDsl                : loaded 2 times (x 70B)
Class org.jetbrains.kotlin.gradle.plugin.diagnostics.checkers.DisabledNativeTargetsChecker$runChecks$1: loaded 2 times (x 88B)
Class org.jetbrains.kotlin.gradle.plugin.KotlinPluginLifecycleImpl$await$2$1          : loaded 2 times (x 79B)
Class org.jetbrains.kotlin.gradle.plugin.sources.DefaultLanguageSettingsBuilder       : loaded 2 times (x 100B)
Class org.jetbrains.kotlin.gradle.plugin.sources.FragmentConsistencyChecks$languageVersionCheck$2: loaded 2 times (x 78B)
Class org.jetbrains.kotlin.gradle.targets.CreateTargetConfigurationsSideEffectKt$CreateTargetConfigurationsSideEffect$1: loaded 2 times (x 74B)
Class org.jetbrains.kotlin.gradle.dsl.KotlinTargetContainerWithPresetFunctions        : loaded 2 times (x 70B)
Class org.jetbrains.kotlin.gradle.utils.GradleConfigurationUtilsKt                    : loaded 2 times (x 71B)
Class org.jetbrains.kotlin.gradle.plugin.internal.CustomPropertiesFileValueSource$Parameters: loaded 2 times (x 70B)
Class org.jetbrains.kotlin.gradle.plugin.UsesBuildFinishedListenerService             : loaded 2 times (x 70B)
Class com.google.common.cache.LocalCache$EntryFactory$6                               : loaded 2 times (x 83B)
Class org.gradle.internal.installation.CurrentGradleInstallationLocator               : loaded 2 times (x 71B)
Class com.google.common.io.ByteSource$SlicedByteSource                                : loaded 2 times (x 85B)
Class org.jetbrains.kotlin.gradle.tasks.DefaultKotlinJavaToolchain$getToolsJarFromJvm$1: loaded 2 times (x 75B)
Class org.jetbrains.kotlin.build.report.metrics.GcMetrics                             : loaded 2 times (x 72B)
Class org.jetbrains.kotlin.gradle.plugin.diagnostics.UsesKotlinToolingDiagnosticsKt   : loaded 2 times (x 71B)
Class org.jetbrains.kotlin.gradle.tasks.configuration.BaseKotlinCompileConfig$2       : loaded 2 times (x 79B)
Class com.google.common.collect.Maps$KeySet                                           : loaded 2 times (x 137B)
Class org.jetbrains.kotlin.gradle.plugin.KotlinJvmFactory                             : loaded 2 times (x 70B)
Class org.jetbrains.kotlin.konan.target.KonanTarget$IOS_X64                           : loaded 2 times (x 78B)
Class org.jetbrains.kotlin.gradle.plugin.mpp.InternalKotlinCompilation                : loaded 2 times (x 70B)
Class org.jetbrains.kotlin.gradle.utils.WhenEvaluatedKt                               : loaded 2 times (x 71B)
Class org.jetbrains.kotlin.gradle.targets.native.internal.AddKotlinPlatformIntegersSupportLibraryKt: loaded 2 times (x 71B)
Class org.jetbrains.kotlin.gradle.plugin.AbstractKotlinJsPluginWrapper                : loaded 2 times (x 86B)
Class org.jetbrains.kotlin.gradle.plugin.KotlinPluginWrapperKt                        : loaded 2 times (x 71B)
Class com.google.common.cache.LocalCache$EntryFactory$7                               : loaded 2 times (x 83B)
Class com.google.common.collect.ImmutableSet$EmptySetBuilderImpl                      : loaded 2 times (x 76B)
Class com.google.common.collect.ImmutableList                                         : loaded 2 times (x 206B)
Class org.gradle.internal.service.DefaultServiceLocator                               : loaded 2 times (x 83B)
Class com.google.common.collect.Maps$EntrySet                                         : loaded 2 times (x 136B)
Class org.jetbrains.kotlin.gradle.tasks.KotlinCompile$scriptExtensions$1              : loaded 2 times (x 79B)
Class org.jetbrains.kotlin.gradle.tasks.K2MultiplatformStructure$Fragment             : loaded 2 times (x 72B)
Class org.jetbrains.kotlin.compilerRunner.CompilerSystemPropertiesService$Companion$registerIfAbsent$1: loaded 2 times (x 75B)
Class org.jetbrains.kotlin.util.capitalizeDecapitalize.CapitalizeDecapitalizeKt       : loaded 2 times (x 71B)
Class org.jetbrains.kotlin.gradle.plugin.diagnostics.checkers.WasmJsEnvironmentChecker: loaded 2 times (x 76B)
Class org.jetbrains.kotlin.gradle.plugin.diagnostics.checkers.AndroidPluginWithoutAndroidTargetChecker: loaded 2 times (x 74B)
Class org.jetbrains.kotlin.statistics.metrics.NumberOverridePolicy                    : loaded 2 times (x 85B)
Class org.jetbrains.kotlin.statistics.metrics.StringAnonymizationPolicy$AllowedListAnonymizer$Companion: loaded 2 times (x 71B)
Class org.jetbrains.kotlin.gradle.plugin.internal.DefaultProjectIsolationStartParameterAccessor_Decorated: loaded 2 times (x 125B)
Class org.jetbrains.kotlin.gradle.plugin.internal.ProjectIsolationStartParameterAccessorKt: loaded 2 times (x 71B)
Class org.jetbrains.kotlin.gradle.testing.internal.KotlinTestsRegistry                : loaded 2 times (x 72B)
Class com.google.common.cache.LocalCache$EntryFactory$8                               : loaded 2 times (x 83B)
Class com.google.common.collect.ImmutableSet$SetBuilderImpl                           : loaded 2 times (x 76B)
Class org.gradle.internal.installation.CurrentGradleInstallation                      : loaded 2 times (x 73B)
Class com.google.common.collect.ForwardingObject                                      : loaded 2 times (x 72B)
Class org.jetbrains.kotlin.gradle.tasks.KotlinCompilerExecutionStrategy               : loaded 2 times (x 79B)
Class org.jetbrains.kotlin.gradle.plugin.mpp.InternalKotlinCompilationKt$awaitAllKotlinSourceSets$1: loaded 2 times (x 88B)
Class org.jetbrains.kotlin.gradle.plugin.statistics.FusMetrics                        : loaded 2 times (x 70B)
Class org.jetbrains.kotlin.gradle.plugin.sources.DefaultKotlinSourceSet$special$$inlined$Iterable$1: loaded 2 times (x 79B)
Class org.jetbrains.kotlin.gradle.plugin.mpp.compilationImpl.factory.KotlinCompilationImplFactory$KotlinCompilerOptionsFactory$Options: loaded 2 times (x 72B)
Class org.jetbrains.kotlin.gradle.plugin.KotlinCompilation                            : loaded 2 times (x 70B)
Class org.jetbrains.kotlin.gradle.plugin.KotlinTargetConfiguratorKt                   : loaded 2 times (x 71B)
Class org.jetbrains.kotlin.tooling.core.Extras$Type$Companion                         : loaded 2 times (x 71B)
Class com.google.common.cache.CacheLoader$1                                           : loaded 2 times (x 75B)
Class com.google.common.collect.ImmutableList$SubList                                 : loaded 2 times (x 209B)
Class org.gradle.util.internal.GUtil                                                  : loaded 2 times (x 71B)
Class kotlin.collections.CollectionsKt                                                : loaded 2 times (x 71B)
Class com.google.common.io.ByteSource                                                 : loaded 2 times (x 84B)
Class org.jetbrains.kotlin.gradle.plugin.mpp.InternalKotlinTargetKt$isSourcesPublishableFuture$2: loaded 2 times (x 95B)
Class org.jetbrains.kotlin.gradle.plugin.mpp.KotlinCompilationFactory                 : loaded 2 times (x 70B)
Class org.jetbrains.kotlin.gradle.dsl.IosSourceSetConventionChecker$runChecks$1       : loaded 2 times (x 88B)
Class org.jetbrains.kotlin.gradle.plugin.mpp.AbstractKotlinCompilation                : loaded 2 times (x 191B)
Class org.jetbrains.kotlin.gradle.plugin.diagnostics.checkers.UnusedSourceSetsChecker : loaded 2 times (x 74B)
Class org.jetbrains.kotlin.gradle.utils.Future                                        : loaded 2 times (x 70B)
Class org.jetbrains.kotlin.gradle.plugin.statistics.KotlinBuildStatsConfiguration$Companion: loaded 2 times (x 71B)
Class com.google.common.util.concurrent.AbstractFuture$SetFuture                      : loaded 2 times (x 75B)
Class com.google.common.cache.AbstractCache$StatsCounter                              : loaded 2 times (x 70B)
Class build_6hw4k8r52q5ylblwhgvixf86r$_run_closure1                                   : loaded 2 times (x 139B)
Class build_d9cqv2e58ldo8iw9cqoee367i$_run_closure1                                   : loaded 2 times (x 139B)
Class org.jetbrains.kotlin.gradle.plugin.mpp.KotlinTargetSoftwareComponentImplKt      : loaded 2 times (x 71B)
Class org.jetbrains.kotlin.gradle.targets.js.dsl.KotlinJsSubTargetContainerDsl        : loaded 2 times (x 70B)
Class org.jetbrains.kotlin.tooling.core.MutableExtrasImpl$Companion                   : loaded 2 times (x 71B)
Class org.jetbrains.kotlin.gradle.plugin.KotlinGradleBuildServices$Companion$registerIfAbsent$1: loaded 2 times (x 75B)
Class org.jetbrains.kotlin.statistics.fileloggers.MetricsContainer                    : loaded 2 times (x 77B)
Class org.jetbrains.kotlin.gradle.plugin.internal.ProjectIsolationStartParameterAccessor: loaded 2 times (x 70B)
Class org.jetbrains.kotlin.gradle.utils.StoredProperty                                : loaded 2 times (x 70B)
Class com.google.common.collect.Iterators$MergingIterator                             : loaded 2 times (x 81B)
Class com.google.common.collect.RegularImmutableSet                                   : loaded 2 times (x 149B)
Class org.gradle.internal.installation.GradleInstallation                             : loaded 2 times (x 75B)
Class com.google.common.base.Splitter$Strategy                                        : loaded 2 times (x 70B)
Class com.google.common.collect.ForwardingCollection                                  : loaded 2 times (x 130B)
Class com.google.common.collect.LexicographicalOrdering                               : loaded 2 times (x 115B)
Class org.jetbrains.kotlin.gradle.dsl.KotlinJvmCompile$DefaultImpls                   : loaded 2 times (x 71B)
Class com.google.common.collect.ElementTypesAreNonnullByDefault                       : loaded 2 times (x 70B)
Class org.jetbrains.kotlin.gradle.plugin.mpp.compilationImpl.factory.KotlinCompilationImplFactory$create$1: loaded 2 times (x 75B)
Class org.jetbrains.kotlin.gradle.tasks.KotlinJavaToolchain                           : loaded 2 times (x 70B)
Class org.jetbrains.kotlin.statistics.metrics.BooleanMetrics$Companion                : loaded 2 times (x 71B)
Class org.jetbrains.kotlin.gradle.plugin.internal.CompatibilityConventionRegistrar    : loaded 2 times (x 70B)
Class com.google.common.collect.Iterables                                             : loaded 2 times (x 71B)
Class build_9ge2bxi931lxm0dfdyyx09fjl$_run_closure1                                   : loaded 2 times (x 139B)
Class org.jetbrains.kotlin.gradle.plugin.mpp.KotlinJvmCompilation                     : loaded 2 times (x 200B)
Class org.jetbrains.kotlin.gradle.plugin.KotlinCompilation$Companion                  : loaded 2 times (x 71B)
Class org.jetbrains.kotlin.konan.target.KonanTarget$WATCHOS_ARM64                     : loaded 2 times (x 78B)
Class org.jetbrains.kotlin.konan.target.KonanTarget$MACOS_ARM64                       : loaded 2 times (x 78B)
Class org.jetbrains.kotlin.gradle.plugin.diagnostics.checkers.OverriddenKotlinNativeHomeChecker: loaded 2 times (x 74B)
Class org.jetbrains.kotlin.gradle.artifacts.KotlinJvmJarArtifactKt$KotlinJvmJarArtifact$1: loaded 2 times (x 74B)
Class org.jetbrains.kotlin.gradle.targets.native.SetupEmbedAndSignAppleFrameworkTaskSideEffectKt: loaded 2 times (x 71B)
Class org.jetbrains.kotlin.gradle.plugin.KotlinProjectSetupActionKt$KotlinProjectSetupCoroutine$1: loaded 2 times (x 75B)
Class org.jetbrains.kotlin.gradle.dsl.ToolchainSupport$Companion                      : loaded 2 times (x 71B)
Class org.jetbrains.kotlin.gradle.plugin.KotlinSourceSet                              : loaded 2 times (x 70B)

---------------  S Y S T E M  ---------------

OS:
 Windows 11 , 64 bit Build 26100 (10.0.26100.7920)
OS uptime: 2 days 21:21 hours
Hyper-V role detected

CPU: total 8 (initial active 8) (8 cores per cpu, 1 threads per core) family 6 model 189 stepping 1 microcode 0x125, cx8, cmov, fxsr, mmx, 3dnowpref, sse, sse2, sse3, ssse3, sse4.1, sse4.2, popcnt, lzcnt, tsc, tscinvbit, avx, avx2, aes, erms, clmul, bmi1, bmi2, adx, sha, fma, vzeroupper, clflush, clflushopt, clwb, hv, serialize, rdtscp, rdpid, fsrm, f16c, cet_ibt, cet_ss
Processor Information for processor 0
  Max Mhz: 2200, Current Mhz: 2200, Mhz Limit: 2200
Processor Information for processor 1
  Max Mhz: 2200, Current Mhz: 2200, Mhz Limit: 2200
Processor Information for processor 2
  Max Mhz: 2200, Current Mhz: 2200, Mhz Limit: 2200
Processor Information for processor 3
  Max Mhz: 2200, Current Mhz: 2200, Mhz Limit: 2200
Processor Information for processor 4
  Max Mhz: 2200, Current Mhz: 2200, Mhz Limit: 2200
Processor Information for processor 5
  Max Mhz: 2200, Current Mhz: 2000, Mhz Limit: 2200
Processor Information for processor 6
  Max Mhz: 2200, Current Mhz: 2200, Mhz Limit: 2200
Processor Information for processor 7
  Max Mhz: 2200, Current Mhz: 2000, Mhz Limit: 2200

Memory: 4k page, system-wide physical 32266M (2827M free)
TotalPageFile size 48363M (AvailPageFile size 848M)
current process WorkingSet (physical memory assigned to process): 970M, peak: 976M
current process commit charge ("private bytes"): 1007M, peak: 1012M

vm_info: OpenJDK 64-Bit Server VM (21.0.9+-14649483-b1163.86) for windows-amd64 JRE (21.0.9+-14649483-b1163.86), built on 2025-12-30T22:08:35Z by "builder" with MS VC++ 16.10 / 16.11 (VS2019)

END.
