#
# There is insufficient memory for the Java Runtime Environment to continue.
# Native memory allocation (mmap) failed to map 65536 bytes. Error detail: Failed to commit metaspace.
# Possible reasons:
#   The system is out of physical RAM or swap space
#   This process is running with CompressedOops enabled, and the Java Heap may be blocking the growth of the native heap
# Possible solutions:
#   Reduce memory load on the system
#   Increase physical memory or swap space
#   Check if swap backing store is full
#   Decrease Java heap size (-Xmx/-Xms)
#   Decrease number of Java threads
#   Decrease Java thread stack sizes (-Xss)
#   Set larger code cache with -XX:ReservedCodeCacheSize=
#   JVM is running with Zero Based Compressed Oops mode in which the Java heap is
#     placed in the first 32GB address space. The Java Heap base address is the
#     maximum limit for the native heap growth. Please use -XX:HeapBaseMinAddress
#     to set the Java Heap base and to place the Java Heap above 32GB virtual address.
# This output file may be truncated or incomplete.
#
#  Out of Memory Error (virtualSpaceNode.cpp:113), pid=28812, tid=26816
#
# JRE version: OpenJDK Runtime Environment (21.0.9) (build 21.0.9+-14649483-b1163.86)
# Java VM: OpenJDK 64-Bit Server VM (21.0.9+-14649483-b1163.86, mixed mode, tiered, compressed oops, compressed class ptrs, g1 gc, windows-amd64)
# No core dump will be written. Minidumps are not enabled by default on client versions of Windows
#

---------------  S U M M A R Y ------------

Command Line: -Dorg.gradle.appname=gradlew org.gradle.wrapper.GradleWrapperMain -q -Ptarget-platform=android-arm,android-arm64,android-x64 -Ptarget=lib\main.dart -Pbase-application-name=android.app.Application -Pdart-defines=RkxVVFRFUl9WRVJTSU9OPTMuMzguOA==,RkxVVFRFUl9DSEFOTkVMPXN0YWJsZQ==,RkxVVFRFUl9HSVRfVVJMPWh0dHBzOi8vZ2l0aHViLmNvbS9mbHV0dGVyL2ZsdXR0ZXIuZ2l0,RkxVVFRFUl9GUkFNRVdPUktfUkVWSVNJT049YmQ3YTRhNmI1NQ==,RkxVVFRFUl9FTkdJTkVfUkVWSVNJT049ZGIzNzNlYjg1YQ==,RkxVVFRFUl9EQVJUX1ZFUlNJT049My4xMC43 -Pdart-obfuscation=false -Ptrack-widget-creation=true -Ptree-shake-icons=true assembleRelease

Host: Intel(R) Core(TM) Ultra 7 258V, 8 cores, 31G,  Windows 11 , 64 bit Build 26100 (10.0.26100.7920)
Time: Sun May  3 00:53:34 2026 India Standard Time elapsed time: 30.887989 seconds (0d 0h 0m 30s)

---------------  T H R E A D  ---------------

Current thread (0x00000230312df790):  JavaThread "main"             [_thread_in_vm, id=26816, stack(0x000000b5a9a00000,0x000000b5a9b00000) (1024K)]

Stack: [0x000000b5a9a00000,0x000000b5a9b00000]
Native frames: (J=compiled Java code, j=interpreted, Vv=VM code, C=native code)
V  [jvm.dll+0x6d6c99]
V  [jvm.dll+0x866b83]
V  [jvm.dll+0x86919e]
V  [jvm.dll+0x869883]
V  [jvm.dll+0x280776]
V  [jvm.dll+0x861a3e]
V  [jvm.dll+0x67a1b5]
V  [jvm.dll+0x67a21a]
V  [jvm.dll+0x67ca76]
V  [jvm.dll+0x67c942]
V  [jvm.dll+0x67abae]
V  [jvm.dll+0x26b30f]
V  [jvm.dll+0x684d25]
V  [jvm.dll+0x2164dc]
V  [jvm.dll+0x216a25]
V  [jvm.dll+0x217406]
V  [jvm.dll+0x20c3ba]
V  [jvm.dll+0x5b7535]
V  [jvm.dll+0x21dedc]
V  [jvm.dll+0x7de31c]
V  [jvm.dll+0x7df3b2]
V  [jvm.dll+0x7df974]
V  [jvm.dll+0x47916b]
C  [java.dll+0x1a2d]

Java frames: (J=compiled Java code, j=interpreted, Vv=VM code)
J 349  java.lang.ClassLoader.findBootstrapClass(Ljava/lang/String;)Ljava/lang/Class; java.base@21.0.9 (0 bytes) @ 0x000002303bf2af2a [0x000002303bf2aec0+0x000000000000006a]
J 1104 c1 jdk.internal.loader.ClassLoaders$BootClassLoader.loadClassOrNull(Ljava/lang/String;Z)Ljava/lang/Class; java.base@21.0.9 (10 bytes) @ 0x00000230346418dc [0x0000023034641760+0x000000000000017c]
J 1074 c1 jdk.internal.loader.BuiltinClassLoader.loadClassOrNull(Ljava/lang/String;Z)Ljava/lang/Class; java.base@21.0.9 (143 bytes) @ 0x000002303463791c [0x00000230346373c0+0x000000000000055c]
J 1038 c1 jdk.internal.loader.BuiltinClassLoader.loadClass(Ljava/lang/String;Z)Ljava/lang/Class; java.base@21.0.9 (22 bytes) @ 0x000002303461c3f4 [0x000002303461c2e0+0x0000000000000114]
J 1052 c1 java.lang.ClassLoader.loadClass(Ljava/lang/String;Z)Ljava/lang/Class; java.base@21.0.9 (121 bytes) @ 0x0000023034622cf4 [0x0000023034622960+0x0000000000000394]
J 1052 c1 java.lang.ClassLoader.loadClass(Ljava/lang/String;Z)Ljava/lang/Class; java.base@21.0.9 (121 bytes) @ 0x0000023034622cf4 [0x0000023034622960+0x0000000000000394]
J 1037 c1 java.lang.ClassLoader.loadClass(Ljava/lang/String;)Ljava/lang/Class; java.base@21.0.9 (7 bytes) @ 0x000002303461bfd4 [0x000002303461bec0+0x0000000000000114]
v  ~StubRoutines::call_stub 0x000002303b97100d
j  org.gradle.internal.serialize.BaseSerializerFactory$ThrowableSerializer.read(Lorg/gradle/internal/serialize/Decoder;)Ljava/lang/Throwable;+13
j  org.gradle.internal.serialize.BaseSerializerFactory$ThrowableSerializer.read(Lorg/gradle/internal/serialize/Decoder;)Ljava/lang/Object;+2
j  org.gradle.internal.logging.serializer.LogEventSerializer.read(Lorg/gradle/internal/serialize/Decoder;)Lorg/gradle/internal/logging/events/LogEvent;+43
j  org.gradle.internal.logging.serializer.LogEventSerializer.read(Lorg/gradle/internal/serialize/Decoder;)Ljava/lang/Object;+2
J 1903 c1 org.gradle.internal.serialize.DefaultSerializerRegistry$TaggedTypeSerializer.read(Lorg/gradle/internal/serialize/Decoder;)Ljava/lang/Object; (69 bytes) @ 0x00000230347b4f3c [0x00000230347b4400+0x0000000000000b3c]
j  org.gradle.launcher.daemon.protocol.DaemonMessageSerializer$OutputMessageSerializer.read(Lorg/gradle/internal/serialize/Decoder;)Lorg/gradle/launcher/daemon/protocol/OutputMessage;+9
j  org.gradle.launcher.daemon.protocol.DaemonMessageSerializer$OutputMessageSerializer.read(Lorg/gradle/internal/serialize/Decoder;)Ljava/lang/Object;+2
J 1903 c1 org.gradle.internal.serialize.DefaultSerializerRegistry$TaggedTypeSerializer.read(Lorg/gradle/internal/serialize/Decoder;)Ljava/lang/Object; (69 bytes) @ 0x00000230347b4f3c [0x00000230347b4400+0x0000000000000b3c]
j  org.gradle.internal.serialize.Serializers$StatefulSerializerAdapter$1.read()Ljava/lang/Object;+11
j  org.gradle.internal.remote.internal.inet.SocketConnection.receive()Ljava/lang/Object;+4
j  org.gradle.launcher.daemon.client.DaemonClientConnection.receive()Lorg/gradle/launcher/daemon/protocol/Message;+4
j  org.gradle.launcher.daemon.client.DaemonClient.monitorBuild(Lorg/gradle/launcher/daemon/protocol/Build;Lorg/gradle/launcher/daemon/diagnostics/DaemonDiagnostics;Lorg/gradle/launcher/daemon/client/DaemonClientConnection;Lorg/gradle/initialization/BuildCancellationToken;Lorg/gradle/initialization/BuildEventConsumer;)Ljava/lang/Object;+39
j  org.gradle.launcher.daemon.client.DaemonClient.executeBuild(Lorg/gradle/launcher/daemon/protocol/Build;Lorg/gradle/launcher/daemon/client/DaemonClientConnection;Lorg/gradle/initialization/BuildCancellationToken;Lorg/gradle/initialization/BuildEventConsumer;)Lorg/gradle/launcher/exec/BuildActionResult;+128
j  org.gradle.launcher.daemon.client.DaemonClient.execute(Lorg/gradle/internal/invocation/BuildAction;Lorg/gradle/launcher/exec/BuildActionParameters;Lorg/gradle/internal/daemon/client/execution/ClientBuildRequestContext;)Lorg/gradle/launcher/exec/BuildActionResult;+129
j  org.gradle.launcher.daemon.client.DaemonClient.execute(Lorg/gradle/internal/invocation/BuildAction;Ljava/lang/Object;Ljava/lang/Object;)Lorg/gradle/launcher/exec/BuildActionResult;+10
j  org.gradle.launcher.cli.RunBuildAction.run()V+67
j  org.gradle.internal.Actions$RunnableActionAdapter.execute(Ljava/lang/Object;)V+4
j  org.gradle.launcher.cli.DefaultCommandLineActionFactory$ParseAndBuildAction.execute(Lorg/gradle/launcher/bootstrap/ExecutionListener;)V+129
j  org.gradle.launcher.cli.DefaultCommandLineActionFactory$ParseAndBuildAction.execute(Ljava/lang/Object;)V+5
j  org.gradle.launcher.cli.DebugLoggerWarningAction.execute(Lorg/gradle/launcher/bootstrap/ExecutionListener;)V+9
j  org.gradle.launcher.cli.DebugLoggerWarningAction.execute(Ljava/lang/Object;)V+5
j  org.gradle.launcher.cli.WelcomeMessageAction.execute(Lorg/gradle/launcher/bootstrap/ExecutionListener;)V+218
j  org.gradle.launcher.cli.WelcomeMessageAction.execute(Ljava/lang/Object;)V+5
j  org.gradle.launcher.cli.NativeServicesInitializingAction.execute(Lorg/gradle/launcher/bootstrap/ExecutionListener;)V+38
j  org.gradle.launcher.cli.NativeServicesInitializingAction.execute(Ljava/lang/Object;)V+5
j  org.gradle.launcher.cli.ExceptionReportingAction.execute(Lorg/gradle/launcher/bootstrap/ExecutionListener;)V+5
j  org.gradle.launcher.cli.ExceptionReportingAction.execute(Ljava/lang/Object;)V+5
j  org.gradle.launcher.cli.DefaultCommandLineActionFactory$WithLogging.execute(Lorg/gradle/launcher/bootstrap/ExecutionListener;)V+309
j  org.gradle.launcher.Main.doAction([Ljava/lang/String;Lorg/gradle/launcher/bootstrap/ExecutionListener;)V+14
j  org.gradle.launcher.bootstrap.EntryPoint.run([Ljava/lang/String;)V+12
j  java.lang.invoke.DirectMethodHandle$Holder.invokeVirtual(Ljava/lang/Object;Ljava/lang/Object;Ljava/lang/Object;)V+11 java.base@21.0.9
j  java.lang.invoke.LambdaForm$MH+0x00000008000d2800.invoke(Ljava/lang/Object;Ljava/lang/Object;Ljava/lang/Object;)Ljava/lang/Object;+52 java.base@21.0.9
j  java.lang.invoke.Invokers$Holder.invokeExact_MT(Ljava/lang/Object;Ljava/lang/Object;Ljava/lang/Object;Ljava/lang/Object;)Ljava/lang/Object;+20 java.base@21.0.9
j  jdk.internal.reflect.DirectMethodHandleAccessor.invokeImpl(Ljava/lang/Object;[Ljava/lang/Object;)Ljava/lang/Object;+55 java.base@21.0.9
j  jdk.internal.reflect.DirectMethodHandleAccessor.invoke(Ljava/lang/Object;[Ljava/lang/Object;)Ljava/lang/Object;+23 java.base@21.0.9
j  java.lang.reflect.Method.invoke(Ljava/lang/Object;[Ljava/lang/Object;)Ljava/lang/Object;+102 java.base@21.0.9
j  org.gradle.launcher.bootstrap.ProcessBootstrap.runNoExit(Ljava/lang/String;Ljava/lang/String;Ljava/lang/String;[Ljava/lang/String;)V+205
j  org.gradle.launcher.bootstrap.ProcessBootstrap.run(Ljava/lang/String;Ljava/lang/String;Ljava/lang/String;[Ljava/lang/String;)V+4
j  org.gradle.launcher.GradleMain.main([Ljava/lang/String;)V+68
j  java.lang.invoke.DirectMethodHandle$Holder.invokeStatic(Ljava/lang/Object;Ljava/lang/Object;)V+10 java.base@21.0.9
j  java.lang.invoke.LambdaForm$MH+0x00000008000c3c00.invoke(Ljava/lang/Object;Ljava/lang/Object;Ljava/lang/Object;)Ljava/lang/Object;+33 java.base@21.0.9
j  java.lang.invoke.Invokers$Holder.invokeExact_MT(Ljava/lang/Object;Ljava/lang/Object;Ljava/lang/Object;Ljava/lang/Object;)Ljava/lang/Object;+20 java.base@21.0.9
j  jdk.internal.reflect.DirectMethodHandleAccessor.invokeImpl(Ljava/lang/Object;[Ljava/lang/Object;)Ljava/lang/Object;+55 java.base@21.0.9
j  jdk.internal.reflect.DirectMethodHandleAccessor.invoke(Ljava/lang/Object;[Ljava/lang/Object;)Ljava/lang/Object;+23 java.base@21.0.9
j  java.lang.reflect.Method.invoke(Ljava/lang/Object;[Ljava/lang/Object;)Ljava/lang/Object;+102 java.base@21.0.9
j  org.gradle.wrapper.BootstrapMainStarter.start([Ljava/lang/String;Ljava/io/File;)V+82
j  org.gradle.wrapper.WrapperExecutor.execute([Ljava/lang/String;Lorg/gradle/wrapper/Install;Lorg/gradle/wrapper/BootstrapMainStarter;)V+14
j  org.gradle.wrapper.GradleWrapperMain.main([Ljava/lang/String;)V+190
v  ~StubRoutines::call_stub 0x000002303b97100d

Compiled method (n/a) 30927  349     n 0       java.lang.ClassLoader::findBootstrapClass (native)
 total in heap  [0x000002303bf2ad10,0x000002303bf2b238] = 1320
 relocation     [0x000002303bf2ae70,0x000002303bf2aea8] = 56
 main code      [0x000002303bf2aec0,0x000002303bf2b236] = 886
 stub code      [0x000002303bf2b236,0x000002303bf2b238] = 2

[Constant Pool (empty)]

[MachCode]
[Entry Point]
  # {method} {0x00000230510258c8} 'findBootstrapClass' '(Ljava/lang/String;)Ljava/lang/Class;' in 'java/lang/ClassLoader'
  # parm0:    rdx:rdx   = 'java/lang/String'
  #           [sp+0x70]  (sp of caller)
  0x000002303bf2aec0: 448b 5208 | 49bb 0000 | 0000 0800 | 0000 4d03 | d349 3bc2 | 0f84 0600 

  0x000002303bf2aed8: ;   {runtime_call ic_miss_stub}
  0x000002303bf2aed8: 0000 e9a1 | 38a9 ff90 
[Verified Entry Point]
  0x000002303bf2aee0: 8984 2400 | 80ff ff55 | 488b ec48 | 83ec 6090 | 4181 7f20 | 0100 0000 

  0x000002303bf2aef8: ;   {runtime_call StubRoutines (final stubs)}
  0x000002303bf2aef8: 7405 e8e1 | 03a8 ff48 | 8954 2420 | 4883 fa00 | 4c8d 4424 | 204c 0f44 

  0x000002303bf2af10: ;   {oop(a 'java/lang/Class'{0x00000006248c9088} = 'java/lang/ClassLoader')}
  0x000002303bf2af10: 4424 2049 | be88 908c | 2406 0000 | 004c 8974 | 2450 4c8d | 7424 5049 | 8bd6 c5f8 

  0x000002303bf2af2c: ;   {internal_word}
  0x000002303bf2af2c: 7749 ba2a | aff2 3b30 | 0200 004d | 8997 a003 | 0000 4989 | a798 0300 

  0x000002303bf2af44: ;   {external_word}
  0x000002303bf2af44: 0049 ba78 | fade 6dfb | 7f00 0041 | 803a 000f | 844a 0000 | 0052 4150 

  0x000002303bf2af5c: ;   {metadata({method} {0x00000230510258c8} 'findBootstrapClass' '(Ljava/lang/String;)Ljava/lang/Class;' in 'java/lang/ClassLoader')}
  0x000002303bf2af5c: 48ba c058 | 0251 3002 | 0000 498b | cf48 83ec | 2040 f6c4 | 0f0f 8419 | 0000 0048 

  0x000002303bf2af78: ;   {runtime_call}
  0x000002303bf2af78: 83ec 0848 | b820 dd98 | 6dfb 7f00 | 00ff d048 | 83c4 08e9 | 0c00 0000 

  0x000002303bf2af90: ;   {runtime_call}
  0x000002303bf2af90: 48b8 20dd | 986d fb7f | 0000 ffd0 | 4883 c420 | 4158 5a49 | 8d8f b803 | 0000 41c7 | 8744 0400 
  0x000002303bf2afb0: 0004 0000 

  0x000002303bf2afb4: ;   {runtime_call}
  0x000002303bf2afb4: 0048 b8c0 | 19f2 fcfb | 7f00 00ff | d0c5 f877 | 41c7 8744 | 0400 0005 | 0000 00f0 | 8344 24c0 
  0x000002303bf2afd4: 0049 3baf | 4804 0000 | 0f87 0e00 | 0000 4183 | bf40 0400 | 0000 0f84 | 2b00 0000 | c5f8 7748 
  0x000002303bf2aff4: 8945 f849 | 8bcf 4c8b | e448 83ec | 2048 83e4 

  0x000002303bf2b004: ;   {runtime_call}
  0x000002303bf2b004: f048 b830 | 1664 6dfb | 7f00 00ff | d049 8be4 | 4d33 e448 | 8b45 f841 | c787 4404 | 0000 0800 
  0x000002303bf2b024: 0000 4183 | bfc0 0400 | 0002 0f84 | d501 0000 

  0x000002303bf2b034: ;   {external_word}
  0x000002303bf2b034: 49ba 78fa | de6d fb7f | 0000 4180 | 3a00 0f84 | 4c00 0000 | 4889 45f8 

  0x000002303bf2b04c: ;   {metadata({method} {0x00000230510258c8} 'findBootstrapClass' '(Ljava/lang/String;)Ljava/lang/Class;' in 'java/lang/ClassLoader')}
  0x000002303bf2b04c: 48ba c058 | 0251 3002 | 0000 498b | cf48 83ec | 2040 f6c4 | 0f0f 8419 | 0000 0048 

  0x000002303bf2b068: ;   {runtime_call}
  0x000002303bf2b068: 83ec 0848 | b820 dd98 | 6dfb 7f00 | 00ff d048 | 83c4 08e9 | 0c00 0000 

  0x000002303bf2b080: ;   {runtime_call}
  0x000002303bf2b080: 48b8 20dd | 986d fb7f | 0000 ffd0 | 4883 c420 | 488b 45f8 | 49c7 8798 | 0300 0000 | 0000 0049 
  0x000002303bf2b0a0: c787 a003 | 0000 0000 | 0000 c5f8 | 7748 85c0 | 0f84 3001 | 0000 a803 | 0f85 0800 | 0000 488b 
  0x000002303bf2b0c0: 00e9 2001 | 0000 a801 | 0f85 0900 | 0000 488b | 40fe e90f | 0100 0048 | 8b40 ff41 | 807f 4000 
  0x000002303bf2b0e0: 0f84 0001 | 0000 4883 | f800 0f84 | f600 0000 | 498b 4f28 | 4883 f900 | 0f84 1400 | 0000 4883 
  0x000002303bf2b100: e908 4989 | 4f28 4903 | 4f38 4889 | 01e9 d400 | 0000 4883 | ec70 4889 | 0424 4889 | 4c24 0848 
  0x000002303bf2b120: 8954 2410 | 4c89 4424 | 184c 894c | 2420 4c89 | 5424 284c | 895c 2430 | c5fb 1144 | 2440 c5fb 
  0x000002303bf2b140: 114c 2448 | c5fb 1154 | 2450 c5fb | 115c 2458 | c5fb 1164 | 2460 c5fb | 116c 2468 | 498b d748 
  0x000002303bf2b160: 8bc8 4883 | ec20 40f6 | c40f 0f84 | 1900 0000 | 4883 ec08 

  0x000002303bf2b174: ;   {runtime_call}
  0x000002303bf2b174: 48b8 b022 | 576d fb7f | 0000 ffd0 | 4883 c408 | e90c 0000 

  0x000002303bf2b188: ;   {runtime_call}
  0x000002303bf2b188: 0048 b8b0 | 2257 6dfb | 7f00 00ff | d048 83c4 | 20c5 fb10 | 6c24 68c5 | fb10 6424 | 60c5 fb10 
  0x000002303bf2b1a8: 5c24 58c5 | fb10 5424 | 50c5 fb10 | 4c24 48c5 | fb10 4424 | 404c 8b5c | 2430 4c8b | 5424 284c 
  0x000002303bf2b1c8: 8b4c 2420 | 4c8b 4424 | 1848 8b54 | 2410 488b | 4c24 0848 | 8b04 2448 | 83c4 70c5 | f877 498b 
  0x000002303bf2b1e8: 8f28 0400 | 00c7 8100 | 0100 0000 | 0000 00c9 | 4983 7f08 | 000f 8501 | 0000 00c3 

  0x000002303bf2b204: ;   {runtime_call StubRoutines (initial stubs)}
  0x000002303bf2b204: e9f7 5ca4 | ffc5 f877 | 4889 45f8 | 4c8b e448 | 83ec 2048 

  0x000002303bf2b218: ;   {runtime_call}
  0x000002303bf2b218: 83e4 f048 | b870 1499 | 6dfb 7f00 | 00ff d049 | 8be4 4d33 | e448 8b45 | f8e9 fefd | ffff f4f4 
[/MachCode]


Compiled method (c1) 30940 1104       3       jdk.internal.loader.ClassLoaders$BootClassLoader::loadClassOrNull (10 bytes)
 total in heap  [0x0000023034641590,0x0000023034641ae8] = 1368
 relocation     [0x00000230346416f0,0x0000023034641758] = 104
 main code      [0x0000023034641760,0x00000230346419a0] = 576
 stub code      [0x00000230346419a0,0x00000230346419f0] = 80
 metadata       [0x00000230346419f0,0x0000023034641a10] = 32
 scopes data    [0x0000023034641a10,0x0000023034641a68] = 88
 scopes pcs     [0x0000023034641a68,0x0000023034641ad8] = 112
 dependencies   [0x0000023034641ad8,0x0000023034641ae8] = 16

[Constant Pool (empty)]

[MachCode]
[Entry Point]
  # {method} {0x00000230513544e8} 'loadClassOrNull' '(Ljava/lang/String;Z)Ljava/lang/Class;' in 'jdk/internal/loader/ClassLoaders$BootClassLoader'
  # this:     rdx:rdx   = 'jdk/internal/loader/ClassLoaders$BootClassLoader'
  # parm0:    r8:r8     = 'java/lang/String'
  # parm1:    r9        = boolean
  #           [sp+0x60]  (sp of caller)
  0x0000023034641760: 448b 5208 | 49bb 0000 | 0000 0800 | 0000 4d03 | d34c 3bd0 

  0x0000023034641774: ;   {runtime_call ic_miss_stub}
  0x0000023034641774: 0f85 06d0 | 3707 660f | 1f44 0000 
[Verified Entry Point]
  0x0000023034641780: 8984 2400 | 80ff ff55 | 4883 ec50 | 4181 7f20 | 0100 0000 

  0x0000023034641794: ;   {runtime_call StubRoutines (final stubs)}
  0x0000023034641794: 7405 e845 

  0x0000023034641798: ;   {metadata(method data for {method} {0x00000230513544e8} 'loadClassOrNull' '(Ljava/lang/String;Z)Ljava/lang/Class;' in 'jdk/internal/loader/ClassLoaders$BootClassLoader')}
  0x0000023034641798: 9b36 0748 | bea0 ce97 | 5130 0200 | 008b becc | 0000 0083 | c702 89be | cc00 0000 | 81e7 fe07 
  0x00000230346417b8: 0000 85ff | 0f84 3b01 

  0x00000230346417c0: ;   {oop(a 'java/lang/System$2'{0x0000000624811650})}
  0x00000230346417c0: 0000 48ba | 5016 8124 | 0600 0000 

  0x00000230346417cc: ;   {metadata(method data for {method} {0x00000230513544e8} 'loadClassOrNull' '(Ljava/lang/String;Z)Ljava/lang/Class;' in 'jdk/internal/loader/ClassLoaders$BootClassLoader')}
  0x00000230346417cc: 48be a0ce | 9751 3002 

  0x00000230346417d4: ;   {metadata('java/lang/System$2')}
  0x00000230346417d4: 0000 49ba | b85c 0600 | 0800 0000 | 4c89 9620 | 0100 0048 | 8386 2801 

  0x00000230346417ec: ;   {metadata(method data for {method} {0x00000230511ac2b8} 'findBootstrapClassOrNull' '(Ljava/lang/String;)Ljava/lang/Class;' in 'java/lang/System$2')}
  0x00000230346417ec: 0000 0148 | ba60 2c92 | 5130 0200 | 008b b2cc | 0000 0083 | c602 89b2 | cc00 0000 | 81e6 feff 
  0x000002303464180c: 1f00 85f6 | 0f84 0801 

  0x0000023034641814: ;   {metadata(method data for {method} {0x00000230511ac2b8} 'findBootstrapClassOrNull' '(Ljava/lang/String;)Ljava/lang/Class;' in 'java/lang/System$2')}
  0x0000023034641814: 0000 48ba | 602c 9251 | 3002 0000 | 4883 8210 | 0100 0001 

  0x0000023034641828: ;   {metadata(method data for {method} {0x0000023051025808} 'findBootstrapClassOrNull' '(Ljava/lang/String;)Ljava/lang/Class;' in 'java/lang/ClassLoader')}
  0x0000023034641828: 48ba 282e | 9251 3002 | 0000 8bb2 | cc00 0000 | 83c6 0289 | b2cc 0000 | 0081 e6fe | ff1f 0085 
  0x0000023034641848: f60f 84f0 

  0x000002303464184c: ;   {metadata(method data for {method} {0x0000023051025808} 'findBootstrapClassOrNull' '(Ljava/lang/String;)Ljava/lang/Class;' in 'java/lang/ClassLoader')}
  0x000002303464184c: 0000 0048 | ba28 2e92 | 5130 0200 | 0048 8382 | 1001 0000 | 0149 8bd0 | 4c89 4424 | 3866 0f1f 
  0x000002303464186c: ;   {static_call}
  0x000002303464186c: 4400 00e8 

  0x0000023034641870: ; ImmutableOopMap {[56]=Oop }
                      ;*invokestatic checkName {reexecute=0 rethrow=0 return_oop=0}
                      ; - java.lang.ClassLoader::findBootstrapClassOrNull@1
                      ; - java.lang.System$2::findBootstrapClassOrNull@1
                      ; - jdk.internal.loader.ClassLoaders$BootClassLoader::loadClassOrNull@4
  0x0000023034641870: 4c89 9807 

  0x0000023034641874: ;   {other}
  0x0000023034641874: 0f1f 8400 | e402 0000 

  0x000002303464187c: ;   {metadata(method data for {method} {0x0000023051025808} 'findBootstrapClassOrNull' '(Ljava/lang/String;)Ljava/lang/Class;' in 'java/lang/ClassLoader')}
  0x000002303464187c: 85c0 48ba | 282e 9251 | 3002 0000 | 48c7 c620 | 0100 0075 | 0748 c7c6 | 3001 0000 | 488b 3c32 
  0x000002303464189c: 488d 7f01 | 4889 3c32 | 0f85 0f00 

  0x00000230346418a8: ;   {oop(nullptr)}
  0x00000230346418a8: 0000 48be | 0000 0000 | 0000 0000 | e92e 0000 | 004c 8b44 

  0x00000230346418bc: ;   {metadata(method data for {method} {0x0000023051025808} 'findBootstrapClassOrNull' '(Ljava/lang/String;)Ljava/lang/Class;' in 'java/lang/ClassLoader')}
  0x00000230346418bc: 2438 48ba | 282e 9251 | 3002 0000 | 4883 8240 | 0100 0001 | 498b d00f 

  0x00000230346418d4: ;   {static_call}
  0x00000230346418d4: 1f40 00e8 

  0x00000230346418d8: ; ImmutableOopMap {}
                      ;*invokestatic findBootstrapClass {reexecute=0 rethrow=0 return_oop=0}
                      ; - java.lang.ClassLoader::findBootstrapClassOrNull@10
                      ; - java.lang.System$2::findBootstrapClassOrNull@1
                      ; - jdk.internal.loader.ClassLoaders$BootClassLoader::loadClassOrNull@4
  0x00000230346418d8: 0496 8e07 

  0x00000230346418dc: ;   {other}
  0x00000230346418dc: 0f1f 8400 | 4c03 0001 | 488b f048 | 8bc6 4883 

  0x00000230346418ec: ;   {poll_return}
  0x00000230346418ec: c450 5d49 | 3ba7 4804 | 0000 0f87 | 6400 0000 

  0x00000230346418fc: ;   {metadata({method} {0x00000230513544e8} 'loadClassOrNull' '(Ljava/lang/String;Z)Ljava/lang/Class;' in 'jdk/internal/loader/ClassLoaders$BootClassLoader')}
  0x00000230346418fc: c349 bae0 | 4435 5130 | 0200 004c | 8954 2408 | 48c7 0424 | ffff ffff 

  0x0000023034641914: ;   {runtime_call counter_overflow Runtime1 stub}
  0x0000023034641914: e867 8943 

  0x0000023034641918: ; ImmutableOopMap {rdx=Oop r8=Oop }
                      ;*synchronization entry
                      ; - jdk.internal.loader.ClassLoaders$BootClassLoader::loadClassOrNull@-1
  0x0000023034641918: 07e9 a4fe 

  0x000002303464191c: ;   {metadata({method} {0x00000230511ac2b8} 'findBootstrapClassOrNull' '(Ljava/lang/String;)Ljava/lang/Class;' in 'java/lang/System$2')}
  0x000002303464191c: ffff 49ba | b0c2 1a51 | 3002 0000 | 4c89 5424 | 0848 c704 | 24ff ffff 

  0x0000023034641934: ;   {runtime_call counter_overflow Runtime1 stub}
  0x0000023034641934: ffe8 4689 

  0x0000023034641938: ; ImmutableOopMap {r8=Oop }
                      ;*synchronization entry
                      ; - java.lang.System$2::findBootstrapClassOrNull@-1
                      ; - jdk.internal.loader.ClassLoaders$BootClassLoader::loadClassOrNull@4
  0x0000023034641938: 4307 e9d7 

  0x000002303464193c: ;   {metadata({method} {0x0000023051025808} 'findBootstrapClassOrNull' '(Ljava/lang/String;)Ljava/lang/Class;' in 'java/lang/ClassLoader')}
  0x000002303464193c: feff ff49 | ba00 5802 | 5130 0200 | 004c 8954 | 2408 48c7 | 0424 ffff 

  0x0000023034641954: ;   {runtime_call counter_overflow Runtime1 stub}
  0x0000023034641954: ffff e825 

  0x0000023034641958: ; ImmutableOopMap {r8=Oop }
                      ;*synchronization entry
                      ; - java.lang.ClassLoader::findBootstrapClassOrNull@-1
                      ; - java.lang.System$2::findBootstrapClassOrNull@1
                      ; - jdk.internal.loader.ClassLoaders$BootClassLoader::loadClassOrNull@4
  0x0000023034641958: 8943 07e9 | effe ffff 

  0x0000023034641960: ;   {internal_word}
  0x0000023034641960: 49ba ef18 | 6434 3002 | 0000 4d89 | 9760 0400 

  0x0000023034641970: ;   {runtime_call SafepointBlob}
  0x0000023034641970: 00e9 0a3b | 3807 498b | 87f8 0400 | 0049 c787 | f804 0000 | 0000 0000 | 49c7 8700 | 0500 0000 
  0x0000023034641990: 0000 0048 | 83c4 505d 

  0x0000023034641998: ;   {runtime_call unwind_exception Runtime1 stub}
  0x0000023034641998: e9e3 2843 | 07f4 f4f4 
[Stub Code]
  0x00000230346419a0: ;   {no_reloc}
  0x00000230346419a0: 48bb 0000 | 0000 0000 

  0x00000230346419a8: ;   {runtime_call nmethod}
  0x00000230346419a8: 0000 e9fb 

  0x00000230346419ac: ;   {static_stub}
  0x00000230346419ac: ffff ff48 | bb00 0000 | 0000 0000 

  0x00000230346419b8: ;   {runtime_call nmethod}
  0x00000230346419b8: 00e9 fbff 

  0x00000230346419bc: ;   {runtime_call handle_exception_from_callee Runtime1 stub}
  0x00000230346419bc: ffff e8bd 

  0x00000230346419c0: ;   {external_word}
  0x00000230346419c0: 5543 0748 | b9b0 61b9 | 6dfb 7f00 | 0048 83e4 

  0x00000230346419d0: ;   {runtime_call}
  0x00000230346419d0: f048 b870 | cf87 6dfb | 7f00 00ff 

  0x00000230346419dc: ;   {section_word}
  0x00000230346419dc: d0f4 49ba | de19 6434 | 3002 0000 

  0x00000230346419e8: ;   {runtime_call DeoptimizationBlob}
  0x00000230346419e8: 4152 e931 | 2d38 07f4 
[/MachCode]


Compiled method (c1) 30952 1074   !   3       jdk.internal.loader.BuiltinClassLoader::loadClassOrNull (143 bytes)
 total in heap  [0x0000023034637110,0x00000230346386f0] = 5600
 relocation     [0x0000023034637270,0x00000230346373b8] = 328
 main code      [0x00000230346373c0,0x00000230346380c8] = 3336
 stub code      [0x00000230346380c8,0x0000023034638188] = 192
 metadata       [0x0000023034638188,0x00000230346381d8] = 80
 scopes data    [0x00000230346381d8,0x00000230346383a8] = 464
 scopes pcs     [0x00000230346383a8,0x0000023034638558] = 432
 dependencies   [0x0000023034638558,0x0000023034638578] = 32
 handler table  [0x0000023034638578,0x00000230346386c8] = 336
 nul chk table  [0x00000230346386c8,0x00000230346386f0] = 40

[Constant Pool (empty)]

[MachCode]
[Entry Point]
  # {method} {0x00000230511015d8} 'loadClassOrNull' '(Ljava/lang/String;Z)Ljava/lang/Class;' in 'jdk/internal/loader/BuiltinClassLoader'
  # this:     rdx:rdx   = 'jdk/internal/loader/BuiltinClassLoader'
  # parm0:    r8:r8     = 'java/lang/String'
  # parm1:    r9        = boolean
  #           [sp+0xa0]  (sp of caller)
  0x00000230346373c0: 448b 5208 | 49bb 0000 | 0000 0800 | 0000 4d03 | d34c 3bd0 

  0x00000230346373d4: ;   {runtime_call ic_miss_stub}
  0x00000230346373d4: 0f85 a673 | 3807 660f | 1f44 0000 
[Verified Entry Point]
  0x00000230346373e0: 8984 2400 | 80ff ff55 | 4881 ec90 | 0000 0090 | 4181 7f20 | 0100 0000 

  0x00000230346373f8: ;   {runtime_call StubRoutines (final stubs)}
  0x00000230346373f8: 7405 e8e1 | 3e37 0748 | 8954 2440 

  0x0000023034637404: ;   {metadata(method data for {method} {0x00000230511015d8} 'loadClassOrNull' '(Ljava/lang/String;Z)Ljava/lang/Class;' in 'jdk/internal/loader/BuiltinClassLoader')}
  0x0000023034637404: 48be d897 | 9551 3002 | 0000 8bbe | cc00 0000 | 83c7 0289 | becc 0000 | 0081 e7fe | 0700 0085 
  0x0000023034637424: ff0f 84db | 0a00 0044 | 894c 2450 

  0x0000023034637430: ;   {metadata(method data for {method} {0x00000230511015d8} 'loadClassOrNull' '(Ljava/lang/String;Z)Ljava/lang/Class;' in 'jdk/internal/loader/BuiltinClassLoader')}
  0x0000023034637430: 488b f248 | bfd8 9795 | 5130 0200 | 008b 7608 | 49ba 0000 | 0000 0800 | 0000 4903 | f248 3bb7 
  0x0000023034637450: 2001 0000 | 750d 4883 | 8728 0100 | 0001 e960 | 0000 0048 | 3bb7 3001 | 0000 750d | 4883 8738 
  0x0000023034637470: 0100 0001 | e94a 0000 | 0048 83bf | 2001 0000 | 0075 1748 | 89b7 2001 | 0000 48c7 | 8728 0100 
  0x0000023034637490: 0001 0000 | 00e9 2900 | 0000 4883 | bf30 0100 | 0000 7517 | 4889 b730 | 0100 0048 | c787 3801 
  0x00000230346374b0: 0000 0100 | 0000 e908 | 0000 0048 | 8387 1001 | 0000 0149 | 8bf0 4c8b | c648 8bfa | 488b d748 
  0x00000230346374d0: 8974 2448 

  0x00000230346374d4: ;   {optimized virtual_call}
  0x00000230346374d4: 6666 90e8 

  0x00000230346374d8: ; ImmutableOopMap {[64]=Oop [72]=Oop }
                      ;*invokevirtual getClassLoadingLock {reexecute=0 rethrow=0 return_oop=0}
                      ; - jdk.internal.loader.BuiltinClassLoader::loadClassOrNull@2
  0x00000230346374d8: a480 eaff 

  0x00000230346374dc: ;   {other}
  0x00000230346374dc: 0f1f 8400 | cc03 0000 | 4889 4424 | 5848 8d54 | 2478 488b | f048 8972 | 0848 8b06 | 4883 c801 
  0x00000230346374fc: 4889 02f0 | 480f b116 | 0f84 1200 | 0000 482b | c448 2507 | f0ff ff48 | 8902 0f85 | 100a 0000 
  0x000002303463751c: 49ff 8748 | 0500 0048 | 8b54 2440 

  0x0000023034637528: ;   {metadata(method data for {method} {0x00000230511015d8} 'loadClassOrNull' '(Ljava/lang/String;Z)Ljava/lang/Class;' in 'jdk/internal/loader/BuiltinClassLoader')}
  0x0000023034637528: 48be d897 | 9551 3002 | 0000 4883 | 8648 0100 

  0x0000023034637538: ;   {metadata(method data for {method} {0x0000023051025998} 'findLoadedClass' '(Ljava/lang/String;)Ljava/lang/Class;' in 'java/lang/ClassLoader')}
  0x0000023034637538: 0001 48ba | e898 7e51 | 3002 0000 | 8bb2 cc00 | 0000 83c6 | 0289 b2cc | 0000 0081 | e6fe ff1f 
  0x0000023034637558: 0085 f60f | 84de 0900 

  0x0000023034637560: ;   {metadata(method data for {method} {0x0000023051025998} 'findLoadedClass' '(Ljava/lang/String;)Ljava/lang/Class;' in 'java/lang/ClassLoader')}
  0x0000023034637560: 0048 bae8 | 987e 5130 | 0200 0048 | 8382 1001 | 0000 0148 | 8b54 2448 | 0f1f 8000 

  0x000002303463757c: ;   {static_call}
  0x000002303463757c: 0000 00e8 

  0x0000023034637580: ; ImmutableOopMap {[64]=Oop [72]=Oop [88]=Oop [128]=Oop }
                      ;*invokestatic checkName {reexecute=0 rethrow=0 return_oop=0}
                      ; - java.lang.ClassLoader::findLoadedClass@1
                      ; - jdk.internal.loader.BuiltinClassLoader::loadClassOrNull@10
  0x0000023034637580: 3c2c 9907 

  0x0000023034637584: ;   {other}
  0x0000023034637584: 0f1f 8400 | 7404 0001 

  0x000002303463758c: ;   {metadata(method data for {method} {0x0000023051025998} 'findLoadedClass' '(Ljava/lang/String;)Ljava/lang/Class;' in 'java/lang/ClassLoader')}
  0x000002303463758c: 85c0 49b8 | e898 7e51 | 3002 0000 | 48c7 c220 | 0100 0075 | 0748 c7c2 | 3001 0000 | 498b 3410 
  0x00000230346375ac: 488d 7601 | 4989 3410 | 0f85 0f00 

  0x00000230346375b8: ;   {oop(nullptr)}
  0x00000230346375b8: 0000 48be | 0000 0000 | 0000 0000 | e936 0000 | 0048 8b54 

  0x00000230346375cc: ;   {metadata(method data for {method} {0x0000023051025998} 'findLoadedClass' '(Ljava/lang/String;)Ljava/lang/Class;' in 'java/lang/ClassLoader')}
  0x00000230346375cc: 2440 49b8 | e898 7e51 | 3002 0000 | 4983 8040 | 0100 0001 | 4c8b 4424 | 4848 8b54 | 2440 0f1f 
  0x00000230346375ec: ;   {optimized virtual_call}
  0x00000230346375ec: 4400 00e8 

  0x00000230346375f0: ; ImmutableOopMap {[64]=Oop [72]=Oop [88]=Oop [128]=Oop }
                      ;*invokevirtual findLoadedClass0 {reexecute=0 rethrow=0 return_oop=0}
                      ; - java.lang.ClassLoader::findLoadedClass@11
                      ; - jdk.internal.loader.BuiltinClassLoader::loadClassOrNull@10
  0x00000230346375f0: ece4 8e07 

  0x00000230346375f4: ;   {other}
  0x00000230346375f4: 0f1f 8400 | e404 0002 | 488b f048 

  0x0000023034637600: ;   {metadata(method data for {method} {0x00000230511015d8} 'loadClassOrNull' '(Ljava/lang/String;Z)Ljava/lang/Class;' in 'jdk/internal/loader/BuiltinClassLoader')}
  0x0000023034637600: 85f6 49b8 | d897 9551 | 3002 0000 | 48c7 c280 | 0100 0075 | 0748 c7c2 | 9001 0000 | 498b 3c10 
  0x0000023034637620: 488d 7f01 | 4989 3c10 | 0f85 d106 | 0000 4889 | 7424 6048 | 8b54 2440 

  0x0000023034637638: ;   {metadata(method data for {method} {0x00000230511015d8} 'loadClassOrNull' '(Ljava/lang/String;Z)Ljava/lang/Class;' in 'jdk/internal/loader/BuiltinClassLoader')}
  0x0000023034637638: 49b8 d897 | 9551 3002 | 0000 4983 | 80a0 0100 | 0001 4c8b | 4424 4848 | 8b54 2440 

  0x0000023034637654: ;   {optimized virtual_call}
  0x0000023034637654: 6666 90e8 

  0x0000023034637658: ; ImmutableOopMap {[64]=Oop [72]=Oop [88]=Oop [96]=Oop [128]=Oop }
                      ;*invokevirtual findLoadedModule {reexecute=0 rethrow=0 return_oop=0}
                      ; - jdk.internal.loader.BuiltinClassLoader::loadClassOrNull@22
  0x0000023034637658: 0413 0000 

  0x000002303463765c: ;   {other}
  0x000002303463765c: 0f1f 8400 | 4c05 0003 

  0x0000023034637664: ;   {metadata(method data for {method} {0x00000230511015d8} 'loadClassOrNull' '(Ljava/lang/String;Z)Ljava/lang/Class;' in 'jdk/internal/loader/BuiltinClassLoader')}
  0x0000023034637664: 4885 c049 | b8d8 9795 | 5130 0200 | 0049 c7c1 | d801 0000 | 7407 49c7 | c1e8 0100 | 004b 8b14 
  0x0000023034637684: 0848 8d52 | 014b 8914 | 0848 8b54 | 2440 0f84 | a502 0000 

  0x0000023034637698: ; implicit exception: dispatches to 0x0000023034637f60
  0x0000023034637698: 483b 004c 

  0x000002303463769c: ;   {metadata(method data for {method} {0x00000230511015d8} 'loadClassOrNull' '(Ljava/lang/String;Z)Ljava/lang/Class;' in 'jdk/internal/loader/BuiltinClassLoader')}
  0x000002303463769c: 8bc0 49b9 | d897 9551 | 3002 0000 

  0x00000230346376a8: ;   {metadata('jdk/internal/loader/BuiltinClassLoader$LoadedModule')}
  0x00000230346376a8: 49ba 285b | 0300 0800 | 0000 4d89 | 9108 0200 | 0049 8381 | 1002 0000 | 018b 700c | 48c1 e603 
  0x00000230346376c8: ;   {metadata(method data for {method} {0x00000230511015d8} 'loadClassOrNull' '(Ljava/lang/String;Z)Ljava/lang/Class;' in 'jdk/internal/loader/BuiltinClassLoader')}
  0x00000230346376c8: 483b f249 | b8d8 9795 | 5130 0200 | 0049 c7c1 | 3002 0000 | 7507 49c7 | c140 0200 | 004b 8b3c 
  0x00000230346376e8: 0848 8d7f | 014b 893c | 080f 852e 

  0x00000230346376f4: ;   {metadata(method data for {method} {0x00000230511015d8} 'loadClassOrNull' '(Ljava/lang/String;Z)Ljava/lang/Class;' in 'jdk/internal/loader/BuiltinClassLoader')}
  0x00000230346376f4: 0100 0049 | b8d8 9795 | 5130 0200 | 0049 8380 | 5002 0000 

  0x0000023034637708: ;   {metadata(method data for {method} {0x0000023051167860} 'isModuleSystemInited' '()Z' in 'jdk/internal/misc/VM')}
  0x0000023034637708: 0149 b880 | 7e7d 5130 | 0200 0045 | 8b88 cc00 | 0000 4183 | c102 4589 | 88cc 0000 | 0041 81e1 
  0x0000023034637728: feff 1f00 | 4585 c90f | 8430 0800 

  0x0000023034637734: ;   {oop(a 'java/lang/Class'{0x00000006248ace38} = 'jdk/internal/misc/VM')}
  0x0000023034637734: 0049 b838 | ce8a 2406 | 0000 0045 | 8b80 9400 | 0000 4183 

  0x0000023034637748: ;   {metadata(method data for {method} {0x0000023051167860} 'isModuleSystemInited' '()Z' in 'jdk/internal/misc/VM')}
  0x0000023034637748: f802 49b8 | 807e 7d51 | 3002 0000 | 49c7 c110 | 0100 007c | 0749 c7c1 | 2001 0000 | 4b8b 3408 
  0x0000023034637768: 488d 7601 | 4b89 3408 | 0f8c 1c00 

  0x0000023034637774: ;   {metadata(method data for {method} {0x0000023051167860} 'isModuleSystemInited' '()Z' in 'jdk/internal/misc/VM')}
  0x0000023034637774: 0000 49b8 | 807e 7d51 | 3002 0000 | 41ff 8030 | 0100 0041 | b801 0000 | 00e9 0600 | 0000 41b8 
  0x0000023034637794: 0000 0000 | 4183 e001 

  0x000002303463779c: ;   {metadata(method data for {method} {0x00000230511015d8} 'loadClassOrNull' '(Ljava/lang/String;Z)Ljava/lang/Class;' in 'jdk/internal/loader/BuiltinClassLoader')}
  0x000002303463779c: 4585 c049 | b8d8 9795 | 5130 0200 | 0049 c7c1 | 7002 0000 | 7507 49c7 | c160 0200 | 004b 8b34 
  0x00000230346377bc: 0848 8d76 | 014b 8934 | 080f 850a | 0000 0048 | 8b74 2460 | e952 0100 | 004c 8bc2 

  0x00000230346377d8: ;   {metadata(method data for {method} {0x00000230511015d8} 'loadClassOrNull' '(Ljava/lang/String;Z)Ljava/lang/Class;' in 'jdk/internal/loader/BuiltinClassLoader')}
  0x00000230346377d8: 49b9 d897 | 9551 3002 | 0000 4983 | 8180 0200 | 0001 4c8b | c04c 8b4c | 2448 488b | f248 8bd6 
  0x00000230346377f8: 0f1f 8000 

  0x00000230346377fc: ;   {optimized virtual_call}
  0x00000230346377fc: 0000 00e8 

  0x0000023034637800: ; ImmutableOopMap {[64]=Oop [88]=Oop [128]=Oop }
                      ;*invokevirtual findClassInModuleOrNull {reexecute=0 rethrow=0 return_oop=0}
                      ; - jdk.internal.loader.BuiltinClassLoader::loadClassOrNull@55
  0x0000023034637800: 1609 0000 

  0x0000023034637804: ;   {other}
  0x0000023034637804: 0f1f 8400 | f406 0004 

  0x000002303463780c: ;   {metadata(method data for {method} {0x00000230511015d8} 'loadClassOrNull' '(Ljava/lang/String;Z)Ljava/lang/Class;' in 'jdk/internal/loader/BuiltinClassLoader')}
  0x000002303463780c: 49b8 d897 | 9551 3002 | 0000 41ff | 80b8 0200 | 0048 8bf0 | e902 0100 | 0048 3b06 

  0x0000023034637828: ;   {metadata(method data for {method} {0x00000230511015d8} 'loadClassOrNull' '(Ljava/lang/String;Z)Ljava/lang/Class;' in 'jdk/internal/loader/BuiltinClassLoader')}
  0x0000023034637828: 4c8b c649 | b9d8 9795 | 5130 0200 | 0049 8381 | d002 0000 

  0x000002303463783c: ;   {metadata(method data for {method} {0x00000230511016d0} 'loadClassOrNull' '(Ljava/lang/String;)Ljava/lang/Class;' in 'jdk/internal/loader/BuiltinClassLoader')}
  0x000002303463783c: 0149 b808 | a395 5130 | 0200 0045 | 8b88 cc00 | 0000 4183 | c102 4589 | 88cc 0000 | 0041 81e1 
  0x000002303463785c: feff 1f00 | 4585 c90f | 8422 0700 | 004c 8bc6 

  0x000002303463786c: ;   {metadata(method data for {method} {0x00000230511016d0} 'loadClassOrNull' '(Ljava/lang/String;)Ljava/lang/Class;' in 'jdk/internal/loader/BuiltinClassLoader')}
  0x000002303463786c: 49b9 08a3 | 9551 3002 | 0000 458b | 4008 49ba | 0000 0000 | 0800 0000 | 4d03 c24d | 3b81 2001 
  0x000002303463788c: 0000 750d | 4983 8128 | 0100 0001 | e960 0000 | 004d 3b81 | 3001 0000 | 750d 4983 | 8138 0100 
  0x00000230346378ac: 0001 e94a | 0000 0049 | 83b9 2001 | 0000 0075 | 174d 8981 | 2001 0000 | 49c7 8128 | 0100 0001 
  0x00000230346378cc: 0000 00e9 | 2900 0000 | 4983 b930 | 0100 0000 | 7517 4d89 | 8130 0100 | 0049 c781 | 3801 0000 
  0x00000230346378ec: 0100 0000 | e908 0000 | 0049 8381 | 1001 0000 | 014c 8b44 | 2448 41b9 | 0000 0000 | 488b d666 
  0x000002303463790c: 9048 b8a8 | 0703 0008 

  0x0000023034637914: ;   {virtual_call}
  0x0000023034637914: 0000 00e8 

  0x0000023034637918: ; ImmutableOopMap {[64]=Oop [88]=Oop [128]=Oop }
                      ;*invokevirtual loadClassOrNull {reexecute=0 rethrow=0 return_oop=0}
                      ; - jdk.internal.loader.BuiltinClassLoader::loadClassOrNull@3
                      ; - jdk.internal.loader.BuiltinClassLoader::loadClassOrNull@66
  0x0000023034637918: 449e 0000 

  0x000002303463791c: ;   {other}
  0x000002303463791c: 0f1f 8400 | 0c08 0005 

  0x0000023034637924: ;   {metadata(method data for {method} {0x00000230511015d8} 'loadClassOrNull' '(Ljava/lang/String;Z)Ljava/lang/Class;' in 'jdk/internal/loader/BuiltinClassLoader')}
  0x0000023034637924: 488b f049 | b8d8 9795 | 5130 0200 | 0041 ff80 | 0803 0000 | e9c2 0300 | 008b 7254 | 48c1 e603 
  0x0000023034637944: ;   {metadata(method data for {method} {0x00000230511015d8} 'loadClassOrNull' '(Ljava/lang/String;Z)Ljava/lang/Class;' in 'jdk/internal/loader/BuiltinClassLoader')}
  0x0000023034637944: 4885 f649 | b8d8 9795 | 5130 0200 | 0049 c7c1 | 3003 0000 | 7507 49c7 | c120 0300 | 004b 8b3c 
  0x0000023034637964: 0848 8d7f | 014b 893c | 080f 850a | 0000 0048 | 8b74 2460 | e902 0100 | 0048 3b06 

  0x0000023034637980: ;   {metadata(method data for {method} {0x00000230511015d8} 'loadClassOrNull' '(Ljava/lang/String;Z)Ljava/lang/Class;' in 'jdk/internal/loader/BuiltinClassLoader')}
  0x0000023034637980: 4c8b c649 | b9d8 9795 | 5130 0200 | 0049 8381 | 4003 0000 

  0x0000023034637994: ;   {metadata(method data for {method} {0x00000230511016d0} 'loadClassOrNull' '(Ljava/lang/String;)Ljava/lang/Class;' in 'jdk/internal/loader/BuiltinClassLoader')}
  0x0000023034637994: 0149 b808 | a395 5130 | 0200 0045 | 8b88 cc00 | 0000 4183 | c102 4589 | 88cc 0000 | 0041 81e1 
  0x00000230346379b4: feff 1f00 | 4585 c90f | 84f0 0500 | 004c 8bc6 

  0x00000230346379c4: ;   {metadata(method data for {method} {0x00000230511016d0} 'loadClassOrNull' '(Ljava/lang/String;)Ljava/lang/Class;' in 'jdk/internal/loader/BuiltinClassLoader')}
  0x00000230346379c4: 49b9 08a3 | 9551 3002 | 0000 458b | 4008 49ba | 0000 0000 | 0800 0000 | 4d03 c24d | 3b81 2001 
  0x00000230346379e4: 0000 750d | 4983 8128 | 0100 0001 | e960 0000 | 004d 3b81 | 3001 0000 | 750d 4983 | 8138 0100 
  0x0000023034637a04: 0001 e94a | 0000 0049 | 83b9 2001 | 0000 0075 | 174d 8981 | 2001 0000 | 49c7 8128 | 0100 0001 
  0x0000023034637a24: 0000 00e9 | 2900 0000 | 4983 b930 | 0100 0000 | 7517 4d89 | 8130 0100 | 0049 c781 | 3801 0000 
  0x0000023034637a44: 0100 0000 | e908 0000 | 0049 8381 | 1001 0000 | 014c 8b44 | 2448 41b9 | 0000 0000 | 488b d666 
  0x0000023034637a64: 9048 b8ff | ffff ffff 

  0x0000023034637a6c: ;   {virtual_call}
  0x0000023034637a6c: ffff ffe8 

  0x0000023034637a70: ; ImmutableOopMap {[64]=Oop [72]=Oop [88]=Oop [128]=Oop }
                      ;*invokevirtual loadClassOrNull {reexecute=0 rethrow=0 return_oop=0}
                      ; - jdk.internal.loader.BuiltinClassLoader::loadClassOrNull@3
                      ; - jdk.internal.loader.BuiltinClassLoader::loadClassOrNull@86
  0x0000023034637a70: 0cc9 4407 

  0x0000023034637a74: ;   {other}
  0x0000023034637a74: 0f1f 8400 | 6409 0006 | 488b f048 

  0x0000023034637a80: ;   {metadata(method data for {method} {0x00000230511015d8} 'loadClassOrNull' '(Ljava/lang/String;Z)Ljava/lang/Class;' in 'jdk/internal/loader/BuiltinClassLoader')}
  0x0000023034637a80: 85f6 49b8 | d897 9551 | 3002 0000 | 48c7 c278 | 0300 0075 | 0748 c7c2 | 8803 0000 | 498b 3c10 
  0x0000023034637aa0: 488d 7f01 | 4989 3c10 | 0f85 5102 | 0000 488b | 5424 404c 

  0x0000023034637ab4: ;   {metadata(method data for {method} {0x00000230511015d8} 'loadClassOrNull' '(Ljava/lang/String;Z)Ljava/lang/Class;' in 'jdk/internal/loader/BuiltinClassLoader')}
  0x0000023034637ab4: 8bc2 48bf | d897 9551 | 3002 0000 | 458b 4008 | 49ba 0000 | 0000 0800 | 0000 4d03 | c24c 3b87 
  0x0000023034637ad4: a803 0000 | 750d 4883 | 87b0 0300 | 0001 e960 | 0000 004c | 3b87 b803 | 0000 750d | 4883 87c0 
  0x0000023034637af4: 0300 0001 | e94a 0000 | 0048 83bf | a803 0000 | 0075 174c | 8987 a803 | 0000 48c7 | 87b0 0300 
  0x0000023034637b14: 0001 0000 | 00e9 2900 | 0000 4883 | bfb8 0300 | 0000 7517 | 4c89 87b8 | 0300 0048 | c787 c003 
  0x0000023034637b34: 0000 0100 | 0000 e908 | 0000 0048 | 8387 9803 

  0x0000023034637b44: ;   {metadata(method data for {method} {0x00000230511004f0} 'hasClassPath' '()Z' in 'jdk/internal/loader/BuiltinClassLoader')}
  0x0000023034637b44: 0000 0149 | b898 a495 | 5130 0200 | 0041 8bb8 | cc00 0000 | 83c7 0241 | 89b8 cc00 | 0000 81e7 
  0x0000023034637b64: feff 1f00 | 85ff 0f84 | 6204 0000 | 448b 4258 | 49c1 e003 

  0x0000023034637b78: ;   {metadata(method data for {method} {0x00000230511004f0} 'hasClassPath' '()Z' in 'jdk/internal/loader/BuiltinClassLoader')}
  0x0000023034637b78: 4d85 c049 | b898 a495 | 5130 0200 | 0048 c7c7 | 1001 0000 | 7407 48c7 | c720 0100 | 0049 8b1c 
  0x0000023034637b98: 3848 8d5b | 0149 891c | 380f 841c 

  0x0000023034637ba4: ;   {metadata(method data for {method} {0x00000230511004f0} 'hasClassPath' '()Z' in 'jdk/internal/loader/BuiltinClassLoader')}
  0x0000023034637ba4: 0000 0049 | b898 a495 | 5130 0200 | 0041 ff80 | 3001 0000 | 41b8 0100 | 0000 e906 | 0000 0041 
  0x0000023034637bc4: b800 0000 | 0041 83e0 | 0145 85c0 

  0x0000023034637bd0: ;   {metadata(method data for {method} {0x00000230511015d8} 'loadClassOrNull' '(Ljava/lang/String;Z)Ljava/lang/Class;' in 'jdk/internal/loader/BuiltinClassLoader')}
  0x0000023034637bd0: 49b8 d897 | 9551 3002 | 0000 48c7 | c7d0 0300 | 0074 0748 | c7c7 e003 | 0000 498b | 1c38 488d 
  0x0000023034637bf0: 5b01 4989 | 1c38 0f84 | 0301 0000 

  0x0000023034637bfc: ;   {metadata(method data for {method} {0x00000230511015d8} 'loadClassOrNull' '(Ljava/lang/String;Z)Ljava/lang/Class;' in 'jdk/internal/loader/BuiltinClassLoader')}
  0x0000023034637bfc: 49b8 d897 | 9551 3002 | 0000 4983 | 80f0 0300 

  0x0000023034637c0c: ;   {metadata(method data for {method} {0x0000023051167860} 'isModuleSystemInited' '()Z' in 'jdk/internal/misc/VM')}
  0x0000023034637c0c: 0001 49b8 | 807e 7d51 | 3002 0000 | 418b b8cc | 0000 0083 | c702 4189 | b8cc 0000 | 0081 e7fe 
  0x0000023034637c2c: ff1f 0085 | ff0f 84bc 

  0x0000023034637c34: ;   {oop(a 'java/lang/Class'{0x00000006248ace38} = 'jdk/internal/misc/VM')}
  0x0000023034637c34: 0300 0049 | b838 ce8a | 2406 0000 | 0045 8b80 | 9400 0000 | 4183 f802 

  0x0000023034637c4c: ;   {metadata(method data for {method} {0x0000023051167860} 'isModuleSystemInited' '()Z' in 'jdk/internal/misc/VM')}
  0x0000023034637c4c: 49b8 807e | 7d51 3002 | 0000 48c7 | c710 0100 | 007c 0748 | c7c7 2001 | 0000 498b | 1c38 488d 
  0x0000023034637c6c: 5b01 4989 | 1c38 0f8c | 1c00 0000 

  0x0000023034637c78: ;   {metadata(method data for {method} {0x0000023051167860} 'isModuleSystemInited' '()Z' in 'jdk/internal/misc/VM')}
  0x0000023034637c78: 49b8 807e | 7d51 3002 | 0000 41ff | 8030 0100 | 0041 b801 | 0000 00e9 | 0600 0000 | 41b8 0000 
  0x0000023034637c98: 0000 4183 | e001 4585 

  0x0000023034637ca0: ;   {metadata(method data for {method} {0x00000230511015d8} 'loadClassOrNull' '(Ljava/lang/String;Z)Ljava/lang/Class;' in 'jdk/internal/loader/BuiltinClassLoader')}
  0x0000023034637ca0: c049 b8d8 | 9795 5130 | 0200 0048 | c7c7 0004 | 0000 7407 | 48c7 c710 | 0400 0049 | 8b1c 3848 
  0x0000023034637cc0: 8d5b 0149 | 891c 380f | 8432 0000 | 004c 8b44 | 2448 488b 

  0x0000023034637cd4: ;   {metadata(method data for {method} {0x00000230511015d8} 'loadClassOrNull' '(Ljava/lang/String;Z)Ljava/lang/Class;' in 'jdk/internal/loader/BuiltinClassLoader')}
  0x0000023034637cd4: f248 bfd8 | 9795 5130 | 0200 0048 | 8387 2004 | 0000 0148 | 8bf2 488b 

  0x0000023034637cec: ;   {optimized virtual_call}
  0x0000023034637cec: d666 90e8 

  0x0000023034637cf0: ; ImmutableOopMap {[64]=Oop [88]=Oop [128]=Oop }
                      ;*invokevirtual findClassOnClassPathOrNull {reexecute=0 rethrow=0 return_oop=0}
                      ; - jdk.internal.loader.BuiltinClassLoader::loadClassOrNull@111
  0x0000023034637cf0: 3504 0000 

  0x0000023034637cf4: ;   {other}
  0x0000023034637cf4: 0f1f 8400 | e40b 0007 | 488b f044 | 8b4c 2450 

  0x0000023034637d04: ;   {metadata(method data for {method} {0x00000230511015d8} 'loadClassOrNull' '(Ljava/lang/String;Z)Ljava/lang/Class;' in 'jdk/internal/loader/BuiltinClassLoader')}
  0x0000023034637d04: 4585 c948 | b8d8 9795 | 5130 0200 | 0048 c7c2 | 5804 0000 | 7407 48c7 | c268 0400 | 0048 8b3c 
  0x0000023034637d24: 1048 8d7f | 0148 893c | 100f 849c | 0000 0048 

  0x0000023034637d34: ;   {metadata(method data for {method} {0x00000230511015d8} 'loadClassOrNull' '(Ljava/lang/String;Z)Ljava/lang/Class;' in 'jdk/internal/loader/BuiltinClassLoader')}
  0x0000023034637d34: 85f6 48b8 | d897 9551 | 3002 0000 | 48c7 c278 | 0400 0074 | 0748 c7c2 | 8804 0000 | 488b 3c10 
  0x0000023034637d54: 488d 7f01 | 4889 3c10 | 0f84 6d00 | 0000 488b 

  0x0000023034637d64: ;   {metadata(method data for {method} {0x00000230511015d8} 'loadClassOrNull' '(Ljava/lang/String;Z)Ljava/lang/Class;' in 'jdk/internal/loader/BuiltinClassLoader')}
  0x0000023034637d64: 5424 4048 | b8d8 9795 | 5130 0200 | 0048 8380 | 9804 0000 

  0x0000023034637d78: ;   {metadata(method data for {method} {0x0000023051025688} 'resolveClass' '(Ljava/lang/Class;)V' in 'java/lang/ClassLoader')}
  0x0000023034637d78: 0148 b800 | 8c92 5130 | 0200 008b | 90cc 0000 | 0083 c202 | 8990 cc00 | 0000 81e2 | feff 1f00 
  0x0000023034637d98: 85d2 0f84 | 7402 0000 

  0x0000023034637da0: ;   {metadata(method data for {method} {0x0000023051025688} 'resolveClass' '(Ljava/lang/Class;)V' in 'java/lang/ClassLoader')}
  0x0000023034637da0: 4885 f648 | b800 8c92 | 5130 0200 | 0048 c7c2 | 2001 0000 | 7407 48c7 | c210 0100 | 0048 8b3c 
  0x0000023034637dc0: 1048 8d7f | 0148 893c | 100f 8440 | 0000 0048 | 8d44 2478 | 488b 1048 | 85d2 0f84 | 0f00 0000 
  0x0000023034637de0: 488b 7808 | f048 0fb1 | 170f 8546 | 0200 0049 | ff8f 4805 | 0000 488b | c648 81c4 | 9000 0000 
  0x0000023034637e00: ;   {poll_return}
  0x0000023034637e00: 5d49 3ba7 | 4804 0000 | 0f87 3a02 | 0000 c348 | 8974 2470 | 0f1f 4000 

  0x0000023034637e18: ;   {no_reloc}
  0x0000023034637e18: e950 0200 | 0000 0000 | 0000 498b | 87b8 0100 | 0048 8d78 | 3049 3bbf | c801 0000 | 0f87 3d02 
  0x0000023034637e38: 0000 4989 | bfb8 0100 | 0048 c700 | 0100 0000 | 488b ca49 | ba00 0000 | 0008 0000 | 0049 2bca 
  0x0000023034637e58: 8948 0848 | 33c9 8948 | 0c48 33c9 | 4889 4810 | 4889 4818 | 4889 4820 | 4889 4828 

  0x0000023034637e74: ;   {metadata(method data for {method} {0x0000023051025688} 'resolveClass' '(Ljava/lang/Class;)V' in 'java/lang/ClassLoader')}
  0x0000023034637e74: 488b d048 | be00 8c92 | 5130 0200 | 0048 8386 | 3001 0000 | 0148 8bd0 | 4889 4424 | 6866 0f1f 
  0x0000023034637e94: ;   {optimized virtual_call}
  0x0000023034637e94: 4400 00e8 

  0x0000023034637e98: ; ImmutableOopMap {[88]=Oop [104]=Oop [112]=Oop [128]=Oop }
                      ;*invokespecial <init> {reexecute=0 rethrow=0 return_oop=0}
                      ; - java.lang.ClassLoader::resolveClass@8
                      ; - jdk.internal.loader.BuiltinClassLoader::loadClassOrNull@128
  0x0000023034637e98: e46b 3807 

  0x0000023034637e9c: ;   {other}
  0x0000023034637e9c: 0f1f 8400 | 8c0d 0008 | 488b 4424 

  0x0000023034637ea8: ; ImmutableOopMap {rax=Oop [88]=Oop [112]=Oop [128]=Oop }
                      ;*athrow {reexecute=1 rethrow=0 return_oop=0}
                      ; - (reexecute) java.lang.ClassLoader::resolveClass@11
                      ; - jdk.internal.loader.BuiltinClassLoader::loadClassOrNull@128
                      ;   {section_word}
  0x0000023034637ea8: 6848 baa9 | 7e63 3430 

  0x0000023034637eb0: ;   {runtime_call handle_exception_nofpu Runtime1 stub}
  0x0000023034637eb0: 0200 00e8 | c8ea 4307 | 9049 8b87 | f804 0000 | 4d33 d24d | 8997 f804 | 0000 4d33 | d24d 8997 
  0x0000023034637ed0: 0005 0000 | 488b f048 | 8d44 2478 | 488b 3848 | 85ff 0f84 | 0f00 0000 | 488b 5808 | f048 0fb1 
  0x0000023034637ef0: 3b0f 858d | 0100 0049 | ff8f 4805 | 0000 488b | c6e9 ae01 

  0x0000023034637f04: ;   {metadata({method} {0x00000230511015d8} 'loadClassOrNull' '(Ljava/lang/String;Z)Ljava/lang/Class;' in 'jdk/internal/loader/BuiltinClassLoader')}
  0x0000023034637f04: 0000 49ba | d015 1051 | 3002 0000 | 4c89 5424 | 0848 c704 | 24ff ffff 

  0x0000023034637f1c: ;   {runtime_call counter_overflow Runtime1 stub}
  0x0000023034637f1c: ffe8 5e23 

  0x0000023034637f20: ; ImmutableOopMap {rdx=Oop r8=Oop [64]=Oop }
                      ;*synchronization entry
                      ; - jdk.internal.loader.BuiltinClassLoader::loadClassOrNull@-1
  0x0000023034637f20: 4407 e904 

  0x0000023034637f24: ;   {runtime_call throw_null_pointer_exception Runtime1 stub}
  0x0000023034637f24: f5ff ffe8 

  0x0000023034637f28: ; ImmutableOopMap {rsi=Oop [64]=Oop [72]=Oop [88]=Oop }
                      ;*monitorenter {reexecute=0 rethrow=0 return_oop=0}
                      ; - jdk.internal.loader.BuiltinClassLoader::loadClassOrNull@7
  0x0000023034637f28: 54d2 4307 | 4889 7424 | 0848 8914 

  0x0000023034637f34: ;   {runtime_call monitorenter_nofpu Runtime1 stub}
  0x0000023034637f34: 24e8 4602 

  0x0000023034637f38: ; ImmutableOopMap {rsi=Oop [64]=Oop [72]=Oop [88]=Oop [128]=Oop }
                      ;*monitorenter {reexecute=0 rethrow=0 return_oop=0}
                      ; - jdk.internal.loader.BuiltinClassLoader::loadClassOrNull@7
  0x0000023034637f38: 4407 e9e4 

  0x0000023034637f3c: ;   {metadata({method} {0x0000023051025998} 'findLoadedClass' '(Ljava/lang/String;)Ljava/lang/Class;' in 'java/lang/ClassLoader')}
  0x0000023034637f3c: f5ff ff49 | ba90 5902 | 5130 0200 | 004c 8954 | 2408 48c7 | 0424 ffff 

  0x0000023034637f54: ;   {runtime_call counter_overflow Runtime1 stub}
  0x0000023034637f54: ffff e825 

  0x0000023034637f58: ; ImmutableOopMap {[64]=Oop [72]=Oop [88]=Oop [128]=Oop }
                      ;*synchronization entry
                      ; - java.lang.ClassLoader::findLoadedClass@-1
                      ; - jdk.internal.loader.BuiltinClassLoader::loadClassOrNull@10
  0x0000023034637f58: 2344 07e9 | 01f6 ffff 

  0x0000023034637f60: ;   {runtime_call throw_null_pointer_exception Runtime1 stub}
  0x0000023034637f60: e81b d243 

  0x0000023034637f64: ; ImmutableOopMap {rax=Oop rdx=Oop [64]=Oop [72]=Oop [88]=Oop [96]=Oop [128]=Oop }
                      ;*invokevirtual loader {reexecute=0 rethrow=0 return_oop=0}
                      ; - jdk.internal.loader.BuiltinClassLoader::loadClassOrNull@34
                      ;   {metadata({method} {0x0000023051167860} 'isModuleSystemInited' '()Z' in 'jdk/internal/misc/VM')}
  0x0000023034637f64: 0749 ba58 | 7816 5130 | 0200 004c | 8954 2408 | 48c7 0424 | ffff ffff 

  0x0000023034637f7c: ;   {runtime_call counter_overflow Runtime1 stub}
  0x0000023034637f7c: e8ff 2244 

  0x0000023034637f80: ; ImmutableOopMap {rax=Oop rdx=Oop [64]=Oop [72]=Oop [88]=Oop [96]=Oop [128]=Oop }
                      ;*synchronization entry
                      ; - jdk.internal.misc.VM::isModuleSystemInited@-1
                      ; - jdk.internal.loader.BuiltinClassLoader::loadClassOrNull@45
  0x0000023034637f80: 07e9 aff7 

  0x0000023034637f84: ;   {runtime_call throw_null_pointer_exception Runtime1 stub}
  0x0000023034637f84: ffff e8f5 

  0x0000023034637f88: ; ImmutableOopMap {rsi=Oop [64]=Oop [72]=Oop [88]=Oop [128]=Oop }
                      ;*invokevirtual loadClassOrNull {reexecute=0 rethrow=0 return_oop=0}
                      ; - jdk.internal.loader.BuiltinClassLoader::loadClassOrNull@66
                      ;   {metadata({method} {0x00000230511016d0} 'loadClassOrNull' '(Ljava/lang/String;)Ljava/lang/Class;' in 'jdk/internal/loader/BuiltinClassLoader')}
  0x0000023034637f88: d143 0749 | bac8 1610 | 5130 0200 | 004c 8954 | 2408 48c7 | 0424 ffff 

  0x0000023034637fa0: ;   {runtime_call counter_overflow Runtime1 stub}
  0x0000023034637fa0: ffff e8d9 

  0x0000023034637fa4: ; ImmutableOopMap {rsi=Oop [64]=Oop [72]=Oop [88]=Oop [128]=Oop }
                      ;*synchronization entry
                      ; - jdk.internal.loader.BuiltinClassLoader::loadClassOrNull@-1
                      ; - jdk.internal.loader.BuiltinClassLoader::loadClassOrNull@66
  0x0000023034637fa4: 2244 07e9 | bdf8 ffff 

  0x0000023034637fac: ;   {runtime_call throw_null_pointer_exception Runtime1 stub}
  0x0000023034637fac: e8cf d143 

  0x0000023034637fb0: ; ImmutableOopMap {rsi=Oop [64]=Oop [72]=Oop [88]=Oop [128]=Oop }
                      ;*invokevirtual loadClassOrNull {reexecute=0 rethrow=0 return_oop=0}
                      ; - jdk.internal.loader.BuiltinClassLoader::loadClassOrNull@86
                      ;   {metadata({method} {0x00000230511016d0} 'loadClassOrNull' '(Ljava/lang/String;)Ljava/lang/Class;' in 'jdk/internal/loader/BuiltinClassLoader')}
  0x0000023034637fb0: 0749 bac8 | 1610 5130 | 0200 004c | 8954 2408 | 48c7 0424 | ffff ffff 

  0x0000023034637fc8: ;   {runtime_call counter_overflow Runtime1 stub}
  0x0000023034637fc8: e8b3 2244 

  0x0000023034637fcc: ; ImmutableOopMap {rsi=Oop [64]=Oop [72]=Oop [88]=Oop [128]=Oop }
                      ;*synchronization entry
                      ; - jdk.internal.loader.BuiltinClassLoader::loadClassOrNull@-1
                      ; - jdk.internal.loader.BuiltinClassLoader::loadClassOrNull@86
  0x0000023034637fcc: 07e9 eff9 

  0x0000023034637fd0: ;   {metadata({method} {0x00000230511004f0} 'hasClassPath' '()Z' in 'jdk/internal/loader/BuiltinClassLoader')}
  0x0000023034637fd0: ffff 49ba | e804 1051 | 3002 0000 | 4c89 5424 | 0848 c704 | 24ff ffff 

  0x0000023034637fe8: ;   {runtime_call counter_overflow Runtime1 stub}
  0x0000023034637fe8: ffe8 9222 

  0x0000023034637fec: ; ImmutableOopMap {rdx=Oop rsi=Oop [64]=Oop [72]=Oop [88]=Oop [128]=Oop }
                      ;*synchronization entry
                      ; - jdk.internal.loader.BuiltinClassLoader::hasClassPath@-1
                      ; - jdk.internal.loader.BuiltinClassLoader::loadClassOrNull@97
  0x0000023034637fec: 4407 e97d 

  0x0000023034637ff0: ;   {metadata({method} {0x0000023051167860} 'isModuleSystemInited' '()Z' in 'jdk/internal/misc/VM')}
  0x0000023034637ff0: fbff ff49 | ba58 7816 | 5130 0200 | 004c 8954 | 2408 48c7 | 0424 ffff 

  0x0000023034638008: ;   {runtime_call counter_overflow Runtime1 stub}
  0x0000023034638008: ffff e871 

  0x000002303463800c: ; ImmutableOopMap {rdx=Oop rsi=Oop [64]=Oop [72]=Oop [88]=Oop [128]=Oop }
                      ;*synchronization entry
                      ; - jdk.internal.misc.VM::isModuleSystemInited@-1
                      ; - jdk.internal.loader.BuiltinClassLoader::loadClassOrNull@103
  0x000002303463800c: 2244 07e9 | 23fc ffff 

  0x0000023034638014: ;   {metadata({method} {0x0000023051025688} 'resolveClass' '(Ljava/lang/Class;)V' in 'java/lang/ClassLoader')}
  0x0000023034638014: 49ba 8056 | 0251 3002 | 0000 4c89 | 5424 0848 | c704 24ff 

  0x0000023034638028: ;   {runtime_call counter_overflow Runtime1 stub}
  0x0000023034638028: ffff ffe8 

  0x000002303463802c: ; ImmutableOopMap {rsi=Oop [88]=Oop [128]=Oop }
                      ;*synchronization entry
                      ; - java.lang.ClassLoader::resolveClass@-1
                      ; - jdk.internal.loader.BuiltinClassLoader::loadClassOrNull@128
  0x000002303463802c: 5022 4407 | e96b fdff | ff48 8d44 | 2478 4889 

  0x000002303463803c: ;   {runtime_call monitorexit_nofpu Runtime1 stub}
  0x000002303463803c: 0424 e83d | 0744 07e9 | aefd ffff 

  0x0000023034638048: ;   {internal_word}
  0x0000023034638048: 49ba 017e | 6334 3002 | 0000 4d89 | 9760 0400 

  0x0000023034638058: ;   {runtime_call SafepointBlob}
  0x0000023034638058: 00e9 22d4 

  0x000002303463805c: ;   {metadata(nullptr)}
  0x000002303463805c: 3807 48ba | 0000 0000 | 0000 0000 | b800 0f05 

  0x000002303463806c: ;   {runtime_call load_klass_patching Runtime1 stub}
  0x000002303463806c: 0ae8 8e11 

  0x0000023034638070: ; ImmutableOopMap {[88]=Oop [112]=Oop [128]=Oop }
                      ;*new {reexecute=1 rethrow=0 return_oop=0}
                      ; - (reexecute) java.lang.ClassLoader::resolveClass@4
                      ; - jdk.internal.loader.BuiltinClassLoader::loadClassOrNull@128
  0x0000023034638070: 4407 e9a1 | fdff ff48 

  0x0000023034638078: ;   {runtime_call fast_new_instance Runtime1 stub}
  0x0000023034638078: 8bd2 e801 

  0x000002303463807c: ; ImmutableOopMap {[88]=Oop [112]=Oop [128]=Oop }
                      ;*new {reexecute=0 rethrow=0 return_oop=0}
                      ; - java.lang.ClassLoader::resolveClass@4
                      ; - jdk.internal.loader.BuiltinClassLoader::loadClassOrNull@128
  0x000002303463807c: da43 07e9 | f0fd ffff | 488d 4424 | 7848 8904 

  0x000002303463808c: ;   {runtime_call monitorexit_nofpu Runtime1 stub}
  0x000002303463808c: 24e8 ee06 | 4407 e967 | feff ff49 | 8b87 f804 | 0000 49c7 | 87f8 0400 | 0000 0000 | 0049 c787 
  0x00000230346380ac: 0005 0000 | 0000 0000 | 4881 c490 | 0000 005d 

  0x00000230346380bc: ;   {runtime_call unwind_exception Runtime1 stub}
  0x00000230346380bc: e9bf c143 | 07f4 f4f4 | f4f4 f4f4 
[Stub Code]
  0x00000230346380c8: ;   {no_reloc}
  0x00000230346380c8: 0f1f 4400 

  0x00000230346380cc: ;   {static_stub}
  0x00000230346380cc: 0048 bb00 | 0000 0000 

  0x00000230346380d4: ;   {runtime_call nmethod}
  0x00000230346380d4: 0000 00e9 | fbff ffff 

  0x00000230346380dc: ;   {static_stub}
  0x00000230346380dc: 9048 bb00 | 0000 0000 

  0x00000230346380e4: ;   {runtime_call nmethod}
  0x00000230346380e4: 0000 00e9 | fbff ffff 

  0x00000230346380ec: ;   {static_stub}
  0x00000230346380ec: 9048 bb00 | 0000 0000 

  0x00000230346380f4: ;   {runtime_call nmethod}
  0x00000230346380f4: 0000 00e9 | fbff ffff 

  0x00000230346380fc: ;   {static_stub}
  0x00000230346380fc: 48bb 0000 | 0000 0000 

  0x0000023034638104: ;   {runtime_call nmethod}
  0x0000023034638104: 0000 e9fb 

  0x0000023034638108: ;   {static_stub}
  0x0000023034638108: ffff ff48 | bb98 1710 | 5130 0200 

  0x0000023034638114: ;   {runtime_call I2C/C2I adapters}
  0x0000023034638114: 00e9 cdbe 

  0x0000023034638118: ;   {static_stub}
  0x0000023034638118: 3807 48bb | a019 1051 | 3002 0000 

  0x0000023034638124: ;   {runtime_call I2C/C2I adapters}
  0x0000023034638124: e942 2d38 

  0x0000023034638128: ;   {static_stub}
  0x0000023034638128: 0748 bb50 | 1b10 5130 

  0x0000023034638130: ;   {runtime_call I2C/C2I adapters}
  0x0000023034638130: 0200 00e9 | afbe 3807 

  0x0000023034638138: ;   {static_stub}
  0x0000023034638138: 48bb 0000 | 0000 0000 

  0x0000023034638140: ;   {runtime_call nmethod}
  0x0000023034638140: 0000 e9fb 

  0x0000023034638144: ;   {static_stub}
  0x0000023034638144: ffff ff48 | bb00 0000 | 0000 0000 

  0x0000023034638150: ;   {runtime_call nmethod}
  0x0000023034638150: 00e9 fbff 

  0x0000023034638154: ;   {runtime_call handle_exception_from_callee Runtime1 stub}
  0x0000023034638154: ffff e825 

  0x0000023034638158: ;   {external_word}
  0x0000023034638158: ee43 0748 | b9b0 61b9 | 6dfb 7f00 | 0048 83e4 

  0x0000023034638168: ;   {runtime_call}
  0x0000023034638168: f048 b870 | cf87 6dfb | 7f00 00ff 

  0x0000023034638174: ;   {section_word}
  0x0000023034638174: d0f4 49ba | 7681 6334 | 3002 0000 

  0x0000023034638180: ;   {runtime_call DeoptimizationBlob}
  0x0000023034638180: 4152 e999 | c538 07f4 
[/MachCode]


---------------  P R O C E S S  ---------------

Threads class SMR info:
_java_thread_list=0x00000230504156b0, length=12, elements={
0x00000230312df790, 0x00000230501753d0, 0x000002305017ea70, 0x000002305017f9e0,
0x000002305019bd70, 0x000002305019c3e0, 0x000002305019ca50, 0x000002305019d0c0,
0x000002305019e200, 0x00000230501a1060, 0x0000023050353af0, 0x000002305565ae70
}

Java Threads: ( => current thread )
=>0x00000230312df790 JavaThread "main"                              [_thread_in_vm, id=26816, stack(0x000000b5a9a00000,0x000000b5a9b00000) (1024K)]
  0x00000230501753d0 JavaThread "Common-Cleaner"             daemon [_thread_blocked, id=32068, stack(0x000000b5aa200000,0x000000b5aa300000) (1024K)]
  0x000002305017ea70 JavaThread "Reference Handler"          daemon [_thread_blocked, id=17304, stack(0x000000b5aa300000,0x000000b5aa400000) (1024K)]
  0x000002305017f9e0 JavaThread "Finalizer"                  daemon [_thread_blocked, id=10896, stack(0x000000b5aa400000,0x000000b5aa500000) (1024K)]
  0x000002305019bd70 JavaThread "Signal Dispatcher"          daemon [_thread_blocked, id=10320, stack(0x000000b5aa500000,0x000000b5aa600000) (1024K)]
  0x000002305019c3e0 JavaThread "Attach Listener"            daemon [_thread_blocked, id=41852, stack(0x000000b5aa600000,0x000000b5aa700000) (1024K)]
  0x000002305019ca50 JavaThread "Service Thread"             daemon [_thread_blocked, id=18820, stack(0x000000b5aa700000,0x000000b5aa800000) (1024K)]
  0x000002305019d0c0 JavaThread "Monitor Deflation Thread"   daemon [_thread_blocked, id=46120, stack(0x000000b5aa800000,0x000000b5aa900000) (1024K)]
  0x000002305019e200 JavaThread "C2 CompilerThread0"         daemon [_thread_blocked, id=7664, stack(0x000000b5aa900000,0x000000b5aaa00000) (1024K)]
  0x00000230501a1060 JavaThread "C1 CompilerThread0"         daemon [_thread_blocked, id=30800, stack(0x000000b5aaa00000,0x000000b5aab00000) (1024K)]
  0x0000023050353af0 JavaThread "Notification Thread"        daemon [_thread_blocked, id=32712, stack(0x000000b5aab00000,0x000000b5aac00000) (1024K)]
  0x000002305565ae70 JavaThread "pool-1-thread-1"                   [_thread_blocked, id=39808, stack(0x000000b5ab400000,0x000000b5ab500000) (1024K)]
Total: 12

Other Threads:
  0x000002304f91c6a0 VMThread "VM Thread"                           [id=18356, stack(0x000000b5aa100000,0x000000b5aa200000) (1024K)]
  0x000002304f908790 WatcherThread "VM Periodic Task Thread"        [id=44296, stack(0x000000b5aa000000,0x000000b5aa100000) (1024K)]
  0x0000023031381310 WorkerThread "GC Thread#0"                     [id=17580, stack(0x000000b5a9b00000,0x000000b5a9c00000) (1024K)]
  0x000002304f91bbc0 WorkerThread "GC Thread#1"                     [id=40940, stack(0x000000b5aad00000,0x000000b5aae00000) (1024K)]
  0x000002304f91ca40 WorkerThread "GC Thread#2"                     [id=2756, stack(0x000000b5aae00000,0x000000b5aaf00000) (1024K)]
  0x000002304f91cde0 WorkerThread "GC Thread#3"                     [id=49948, stack(0x000000b5aaf00000,0x000000b5ab000000) (1024K)]
  0x000002304f91d180 WorkerThread "GC Thread#4"                     [id=12392, stack(0x000000b5ab000000,0x000000b5ab100000) (1024K)]
  0x000002304f91b820 WorkerThread "GC Thread#5"                     [id=43112, stack(0x000000b5ab100000,0x000000b5ab200000) (1024K)]
  0x000002304f91bf60 WorkerThread "GC Thread#6"                     [id=14164, stack(0x000000b5ab200000,0x000000b5ab300000) (1024K)]
  0x000002304f91c300 WorkerThread "GC Thread#7"                     [id=42124, stack(0x000000b5ab300000,0x000000b5ab400000) (1024K)]
  0x0000023031391f00 ConcurrentGCThread "G1 Main Marker"            [id=11412, stack(0x000000b5a9c00000,0x000000b5a9d00000) (1024K)]
  0x0000023031396270 WorkerThread "G1 Conc#0"                       [id=6608, stack(0x000000b5a9d00000,0x000000b5a9e00000) (1024K)]
  0x000002304f7d5b70 ConcurrentGCThread "G1 Refine#0"               [id=6496, stack(0x000000b5a9e00000,0x000000b5a9f00000) (1024K)]
  0x000002304f7d6490 ConcurrentGCThread "G1 Service"                [id=17072, stack(0x000000b5a9f00000,0x000000b5aa000000) (1024K)]
Total: 14

Threads with active compile tasks:
Total: 0

VM state: not at safepoint (normal execution)

VM Mutex/Monitor currently owned by a thread:  ([mutex/lock_event])
[0x00007ffb6de06490] Metaspace_lock - owner thread: 0x00000230312df790

Heap address: 0x0000000607c00000, size: 8068 MB, Compressed Oops mode: Zero based, Oop shift amount: 3

CDS archive(s) not mapped
Compressed class space mapped at: 0x0000000800000000-0x0000000840000000, reserved size: 1073741824
Narrow klass base: 0x0000000800000000, Narrow klass shift: 0, Narrow klass range: 0x40000000

GC Precious Log:
 CardTable entry size: 512
 Card Set container configuration: InlinePtr #cards 4 size 8 Array Of Cards #cards 32 size 80 Howl #buckets 8 coarsen threshold 7372 Howl Bitmap #cards 1024 size 144 coarsen threshold 921 Card regions per heap region 1 cards per card region 8192
 CPUs: 8 total, 8 available
 Memory: 32266M
 Large Page Support: Disabled
 NUMA Support: Disabled
 Compressed Oops: Enabled (Zero based)
 Heap Region Size: 4M
 Heap Min Capacity: 8M
 Heap Initial Capacity: 508M
 Heap Max Capacity: 8068M
 Pre-touch: Disabled
 Parallel Workers: 8
 Concurrent Workers: 2
 Concurrent Refinement Workers: 8
 Periodic GC: Disabled

Heap:
 garbage-first heap   total 520192K, used 20386K [0x0000000607c00000, 0x0000000800000000)
  region size 4096K, 5 young (20480K), 2 survivors (8192K)
 Metaspace       used 18030K, committed 18304K, reserved 1114112K
  class space    used 2163K, committed 2304K, reserved 1048576K

Heap Regions: E=young(eden), S=young(survivor), O=old, HS=humongous(starts), HC=humongous(continues), CS=collection set, F=free, TAMS=top-at-mark-start, PB=parsable bottom
|   0|0x0000000607c00000, 0x0000000608000000, 0x0000000608000000|100%|HS|  |TAMS 0x0000000607c00000| PB 0x0000000607c00000| Complete 
|   1|0x0000000608000000, 0x0000000608000000, 0x0000000608400000|  0%| F|  |TAMS 0x0000000608000000| PB 0x0000000608000000| Untracked 
|   2|0x0000000608400000, 0x0000000608400000, 0x0000000608800000|  0%| F|  |TAMS 0x0000000608400000| PB 0x0000000608400000| Untracked 
|   3|0x0000000608800000, 0x0000000608800000, 0x0000000608c00000|  0%| F|  |TAMS 0x0000000608800000| PB 0x0000000608800000| Untracked 
|   4|0x0000000608c00000, 0x0000000608c00000, 0x0000000609000000|  0%| F|  |TAMS 0x0000000608c00000| PB 0x0000000608c00000| Untracked 
|   5|0x0000000609000000, 0x0000000609000000, 0x0000000609400000|  0%| F|  |TAMS 0x0000000609000000| PB 0x0000000609000000| Untracked 
|   6|0x0000000609400000, 0x0000000609400000, 0x0000000609800000|  0%| F|  |TAMS 0x0000000609400000| PB 0x0000000609400000| Untracked 
|   7|0x0000000609800000, 0x0000000609800000, 0x0000000609c00000|  0%| F|  |TAMS 0x0000000609800000| PB 0x0000000609800000| Untracked 
|   8|0x0000000609c00000, 0x0000000609c00000, 0x000000060a000000|  0%| F|  |TAMS 0x0000000609c00000| PB 0x0000000609c00000| Untracked 
|   9|0x000000060a000000, 0x000000060a000000, 0x000000060a400000|  0%| F|  |TAMS 0x000000060a000000| PB 0x000000060a000000| Untracked 
|  10|0x000000060a400000, 0x000000060a400000, 0x000000060a800000|  0%| F|  |TAMS 0x000000060a400000| PB 0x000000060a400000| Untracked 
|  11|0x000000060a800000, 0x000000060a800000, 0x000000060ac00000|  0%| F|  |TAMS 0x000000060a800000| PB 0x000000060a800000| Untracked 
|  12|0x000000060ac00000, 0x000000060ac00000, 0x000000060b000000|  0%| F|  |TAMS 0x000000060ac00000| PB 0x000000060ac00000| Untracked 
|  13|0x000000060b000000, 0x000000060b000000, 0x000000060b400000|  0%| F|  |TAMS 0x000000060b000000| PB 0x000000060b000000| Untracked 
|  14|0x000000060b400000, 0x000000060b400000, 0x000000060b800000|  0%| F|  |TAMS 0x000000060b400000| PB 0x000000060b400000| Untracked 
|  15|0x000000060b800000, 0x000000060b800000, 0x000000060bc00000|  0%| F|  |TAMS 0x000000060b800000| PB 0x000000060b800000| Untracked 
|  16|0x000000060bc00000, 0x000000060bc00000, 0x000000060c000000|  0%| F|  |TAMS 0x000000060bc00000| PB 0x000000060bc00000| Untracked 
|  17|0x000000060c000000, 0x000000060c000000, 0x000000060c400000|  0%| F|  |TAMS 0x000000060c000000| PB 0x000000060c000000| Untracked 
|  18|0x000000060c400000, 0x000000060c400000, 0x000000060c800000|  0%| F|  |TAMS 0x000000060c400000| PB 0x000000060c400000| Untracked 
|  19|0x000000060c800000, 0x000000060c800000, 0x000000060cc00000|  0%| F|  |TAMS 0x000000060c800000| PB 0x000000060c800000| Untracked 
|  20|0x000000060cc00000, 0x000000060cc00000, 0x000000060d000000|  0%| F|  |TAMS 0x000000060cc00000| PB 0x000000060cc00000| Untracked 
|  21|0x000000060d000000, 0x000000060d000000, 0x000000060d400000|  0%| F|  |TAMS 0x000000060d000000| PB 0x000000060d000000| Untracked 
|  22|0x000000060d400000, 0x000000060d400000, 0x000000060d800000|  0%| F|  |TAMS 0x000000060d400000| PB 0x000000060d400000| Untracked 
|  23|0x000000060d800000, 0x000000060d800000, 0x000000060dc00000|  0%| F|  |TAMS 0x000000060d800000| PB 0x000000060d800000| Untracked 
|  24|0x000000060dc00000, 0x000000060dc00000, 0x000000060e000000|  0%| F|  |TAMS 0x000000060dc00000| PB 0x000000060dc00000| Untracked 
|  25|0x000000060e000000, 0x000000060e000000, 0x000000060e400000|  0%| F|  |TAMS 0x000000060e000000| PB 0x000000060e000000| Untracked 
|  26|0x000000060e400000, 0x000000060e400000, 0x000000060e800000|  0%| F|  |TAMS 0x000000060e400000| PB 0x000000060e400000| Untracked 
|  27|0x000000060e800000, 0x000000060e800000, 0x000000060ec00000|  0%| F|  |TAMS 0x000000060e800000| PB 0x000000060e800000| Untracked 
|  28|0x000000060ec00000, 0x000000060ec00000, 0x000000060f000000|  0%| F|  |TAMS 0x000000060ec00000| PB 0x000000060ec00000| Untracked 
|  29|0x000000060f000000, 0x000000060f000000, 0x000000060f400000|  0%| F|  |TAMS 0x000000060f000000| PB 0x000000060f000000| Untracked 
|  30|0x000000060f400000, 0x000000060f400000, 0x000000060f800000|  0%| F|  |TAMS 0x000000060f400000| PB 0x000000060f400000| Untracked 
|  31|0x000000060f800000, 0x000000060f800000, 0x000000060fc00000|  0%| F|  |TAMS 0x000000060f800000| PB 0x000000060f800000| Untracked 
|  32|0x000000060fc00000, 0x000000060fc00000, 0x0000000610000000|  0%| F|  |TAMS 0x000000060fc00000| PB 0x000000060fc00000| Untracked 
|  33|0x0000000610000000, 0x0000000610000000, 0x0000000610400000|  0%| F|  |TAMS 0x0000000610000000| PB 0x0000000610000000| Untracked 
|  34|0x0000000610400000, 0x0000000610400000, 0x0000000610800000|  0%| F|  |TAMS 0x0000000610400000| PB 0x0000000610400000| Untracked 
|  35|0x0000000610800000, 0x0000000610800000, 0x0000000610c00000|  0%| F|  |TAMS 0x0000000610800000| PB 0x0000000610800000| Untracked 
|  36|0x0000000610c00000, 0x0000000610c00000, 0x0000000611000000|  0%| F|  |TAMS 0x0000000610c00000| PB 0x0000000610c00000| Untracked 
|  37|0x0000000611000000, 0x0000000611000000, 0x0000000611400000|  0%| F|  |TAMS 0x0000000611000000| PB 0x0000000611000000| Untracked 
|  38|0x0000000611400000, 0x0000000611400000, 0x0000000611800000|  0%| F|  |TAMS 0x0000000611400000| PB 0x0000000611400000| Untracked 
|  39|0x0000000611800000, 0x0000000611800000, 0x0000000611c00000|  0%| F|  |TAMS 0x0000000611800000| PB 0x0000000611800000| Untracked 
|  40|0x0000000611c00000, 0x0000000611c00000, 0x0000000612000000|  0%| F|  |TAMS 0x0000000611c00000| PB 0x0000000611c00000| Untracked 
|  41|0x0000000612000000, 0x0000000612000000, 0x0000000612400000|  0%| F|  |TAMS 0x0000000612000000| PB 0x0000000612000000| Untracked 
|  42|0x0000000612400000, 0x0000000612400000, 0x0000000612800000|  0%| F|  |TAMS 0x0000000612400000| PB 0x0000000612400000| Untracked 
|  43|0x0000000612800000, 0x0000000612800000, 0x0000000612c00000|  0%| F|  |TAMS 0x0000000612800000| PB 0x0000000612800000| Untracked 
|  44|0x0000000612c00000, 0x0000000612c00000, 0x0000000613000000|  0%| F|  |TAMS 0x0000000612c00000| PB 0x0000000612c00000| Untracked 
|  45|0x0000000613000000, 0x0000000613000000, 0x0000000613400000|  0%| F|  |TAMS 0x0000000613000000| PB 0x0000000613000000| Untracked 
|  46|0x0000000613400000, 0x0000000613400000, 0x0000000613800000|  0%| F|  |TAMS 0x0000000613400000| PB 0x0000000613400000| Untracked 
|  47|0x0000000613800000, 0x0000000613800000, 0x0000000613c00000|  0%| F|  |TAMS 0x0000000613800000| PB 0x0000000613800000| Untracked 
|  48|0x0000000613c00000, 0x0000000613c00000, 0x0000000614000000|  0%| F|  |TAMS 0x0000000613c00000| PB 0x0000000613c00000| Untracked 
|  49|0x0000000614000000, 0x0000000614000000, 0x0000000614400000|  0%| F|  |TAMS 0x0000000614000000| PB 0x0000000614000000| Untracked 
|  50|0x0000000614400000, 0x0000000614400000, 0x0000000614800000|  0%| F|  |TAMS 0x0000000614400000| PB 0x0000000614400000| Untracked 
|  51|0x0000000614800000, 0x0000000614800000, 0x0000000614c00000|  0%| F|  |TAMS 0x0000000614800000| PB 0x0000000614800000| Untracked 
|  52|0x0000000614c00000, 0x0000000614c00000, 0x0000000615000000|  0%| F|  |TAMS 0x0000000614c00000| PB 0x0000000614c00000| Untracked 
|  53|0x0000000615000000, 0x0000000615000000, 0x0000000615400000|  0%| F|  |TAMS 0x0000000615000000| PB 0x0000000615000000| Untracked 
|  54|0x0000000615400000, 0x0000000615400000, 0x0000000615800000|  0%| F|  |TAMS 0x0000000615400000| PB 0x0000000615400000| Untracked 
|  55|0x0000000615800000, 0x0000000615800000, 0x0000000615c00000|  0%| F|  |TAMS 0x0000000615800000| PB 0x0000000615800000| Untracked 
|  56|0x0000000615c00000, 0x0000000615c00000, 0x0000000616000000|  0%| F|  |TAMS 0x0000000615c00000| PB 0x0000000615c00000| Untracked 
|  57|0x0000000616000000, 0x0000000616000000, 0x0000000616400000|  0%| F|  |TAMS 0x0000000616000000| PB 0x0000000616000000| Untracked 
|  58|0x0000000616400000, 0x0000000616400000, 0x0000000616800000|  0%| F|  |TAMS 0x0000000616400000| PB 0x0000000616400000| Untracked 
|  59|0x0000000616800000, 0x0000000616800000, 0x0000000616c00000|  0%| F|  |TAMS 0x0000000616800000| PB 0x0000000616800000| Untracked 
|  60|0x0000000616c00000, 0x0000000616c00000, 0x0000000617000000|  0%| F|  |TAMS 0x0000000616c00000| PB 0x0000000616c00000| Untracked 
|  61|0x0000000617000000, 0x0000000617000000, 0x0000000617400000|  0%| F|  |TAMS 0x0000000617000000| PB 0x0000000617000000| Untracked 
|  62|0x0000000617400000, 0x0000000617400000, 0x0000000617800000|  0%| F|  |TAMS 0x0000000617400000| PB 0x0000000617400000| Untracked 
|  63|0x0000000617800000, 0x0000000617800000, 0x0000000617c00000|  0%| F|  |TAMS 0x0000000617800000| PB 0x0000000617800000| Untracked 
|  64|0x0000000617c00000, 0x0000000617c00000, 0x0000000618000000|  0%| F|  |TAMS 0x0000000617c00000| PB 0x0000000617c00000| Untracked 
|  65|0x0000000618000000, 0x0000000618000000, 0x0000000618400000|  0%| F|  |TAMS 0x0000000618000000| PB 0x0000000618000000| Untracked 
|  66|0x0000000618400000, 0x0000000618400000, 0x0000000618800000|  0%| F|  |TAMS 0x0000000618400000| PB 0x0000000618400000| Untracked 
|  67|0x0000000618800000, 0x0000000618800000, 0x0000000618c00000|  0%| F|  |TAMS 0x0000000618800000| PB 0x0000000618800000| Untracked 
|  68|0x0000000618c00000, 0x0000000618c00000, 0x0000000619000000|  0%| F|  |TAMS 0x0000000618c00000| PB 0x0000000618c00000| Untracked 
|  69|0x0000000619000000, 0x0000000619000000, 0x0000000619400000|  0%| F|  |TAMS 0x0000000619000000| PB 0x0000000619000000| Untracked 
|  70|0x0000000619400000, 0x0000000619400000, 0x0000000619800000|  0%| F|  |TAMS 0x0000000619400000| PB 0x0000000619400000| Untracked 
|  71|0x0000000619800000, 0x0000000619800000, 0x0000000619c00000|  0%| F|  |TAMS 0x0000000619800000| PB 0x0000000619800000| Untracked 
|  72|0x0000000619c00000, 0x0000000619c00000, 0x000000061a000000|  0%| F|  |TAMS 0x0000000619c00000| PB 0x0000000619c00000| Untracked 
|  73|0x000000061a000000, 0x000000061a000000, 0x000000061a400000|  0%| F|  |TAMS 0x000000061a000000| PB 0x000000061a000000| Untracked 
|  74|0x000000061a400000, 0x000000061a400000, 0x000000061a800000|  0%| F|  |TAMS 0x000000061a400000| PB 0x000000061a400000| Untracked 
|  75|0x000000061a800000, 0x000000061a800000, 0x000000061ac00000|  0%| F|  |TAMS 0x000000061a800000| PB 0x000000061a800000| Untracked 
|  76|0x000000061ac00000, 0x000000061ac00000, 0x000000061b000000|  0%| F|  |TAMS 0x000000061ac00000| PB 0x000000061ac00000| Untracked 
|  77|0x000000061b000000, 0x000000061b000000, 0x000000061b400000|  0%| F|  |TAMS 0x000000061b000000| PB 0x000000061b000000| Untracked 
|  78|0x000000061b400000, 0x000000061b400000, 0x000000061b800000|  0%| F|  |TAMS 0x000000061b400000| PB 0x000000061b400000| Untracked 
|  79|0x000000061b800000, 0x000000061b800000, 0x000000061bc00000|  0%| F|  |TAMS 0x000000061b800000| PB 0x000000061b800000| Untracked 
|  80|0x000000061bc00000, 0x000000061bc00000, 0x000000061c000000|  0%| F|  |TAMS 0x000000061bc00000| PB 0x000000061bc00000| Untracked 
|  81|0x000000061c000000, 0x000000061c000000, 0x000000061c400000|  0%| F|  |TAMS 0x000000061c000000| PB 0x000000061c000000| Untracked 
|  82|0x000000061c400000, 0x000000061c400000, 0x000000061c800000|  0%| F|  |TAMS 0x000000061c400000| PB 0x000000061c400000| Untracked 
|  83|0x000000061c800000, 0x000000061c800000, 0x000000061cc00000|  0%| F|  |TAMS 0x000000061c800000| PB 0x000000061c800000| Untracked 
|  84|0x000000061cc00000, 0x000000061cc00000, 0x000000061d000000|  0%| F|  |TAMS 0x000000061cc00000| PB 0x000000061cc00000| Untracked 
|  85|0x000000061d000000, 0x000000061d000000, 0x000000061d400000|  0%| F|  |TAMS 0x000000061d000000| PB 0x000000061d000000| Untracked 
|  86|0x000000061d400000, 0x000000061d400000, 0x000000061d800000|  0%| F|  |TAMS 0x000000061d400000| PB 0x000000061d400000| Untracked 
|  87|0x000000061d800000, 0x000000061d800000, 0x000000061dc00000|  0%| F|  |TAMS 0x000000061d800000| PB 0x000000061d800000| Untracked 
|  88|0x000000061dc00000, 0x000000061dc00000, 0x000000061e000000|  0%| F|  |TAMS 0x000000061dc00000| PB 0x000000061dc00000| Untracked 
|  89|0x000000061e000000, 0x000000061e000000, 0x000000061e400000|  0%| F|  |TAMS 0x000000061e000000| PB 0x000000061e000000| Untracked 
|  90|0x000000061e400000, 0x000000061e400000, 0x000000061e800000|  0%| F|  |TAMS 0x000000061e400000| PB 0x000000061e400000| Untracked 
|  91|0x000000061e800000, 0x000000061e800000, 0x000000061ec00000|  0%| F|  |TAMS 0x000000061e800000| PB 0x000000061e800000| Untracked 
|  92|0x000000061ec00000, 0x000000061ec00000, 0x000000061f000000|  0%| F|  |TAMS 0x000000061ec00000| PB 0x000000061ec00000| Untracked 
|  93|0x000000061f000000, 0x000000061f000000, 0x000000061f400000|  0%| F|  |TAMS 0x000000061f000000| PB 0x000000061f000000| Untracked 
|  94|0x000000061f400000, 0x000000061f400000, 0x000000061f800000|  0%| F|  |TAMS 0x000000061f400000| PB 0x000000061f400000| Untracked 
|  95|0x000000061f800000, 0x000000061f800000, 0x000000061fc00000|  0%| F|  |TAMS 0x000000061f800000| PB 0x000000061f800000| Untracked 
|  96|0x000000061fc00000, 0x000000061fc00000, 0x0000000620000000|  0%| F|  |TAMS 0x000000061fc00000| PB 0x000000061fc00000| Untracked 
|  97|0x0000000620000000, 0x0000000620000000, 0x0000000620400000|  0%| F|  |TAMS 0x0000000620000000| PB 0x0000000620000000| Untracked 
|  98|0x0000000620400000, 0x0000000620400000, 0x0000000620800000|  0%| F|  |TAMS 0x0000000620400000| PB 0x0000000620400000| Untracked 
|  99|0x0000000620800000, 0x0000000620800000, 0x0000000620c00000|  0%| F|  |TAMS 0x0000000620800000| PB 0x0000000620800000| Untracked 
| 100|0x0000000620c00000, 0x0000000620c00000, 0x0000000621000000|  0%| F|  |TAMS 0x0000000620c00000| PB 0x0000000620c00000| Untracked 
| 101|0x0000000621000000, 0x0000000621000000, 0x0000000621400000|  0%| F|  |TAMS 0x0000000621000000| PB 0x0000000621000000| Untracked 
| 102|0x0000000621400000, 0x0000000621400000, 0x0000000621800000|  0%| F|  |TAMS 0x0000000621400000| PB 0x0000000621400000| Untracked 
| 103|0x0000000621800000, 0x0000000621800000, 0x0000000621c00000|  0%| F|  |TAMS 0x0000000621800000| PB 0x0000000621800000| Untracked 
| 104|0x0000000621c00000, 0x0000000621c00000, 0x0000000622000000|  0%| F|  |TAMS 0x0000000621c00000| PB 0x0000000621c00000| Untracked 
| 105|0x0000000622000000, 0x0000000622000000, 0x0000000622400000|  0%| F|  |TAMS 0x0000000622000000| PB 0x0000000622000000| Untracked 
| 106|0x0000000622400000, 0x0000000622400000, 0x0000000622800000|  0%| F|  |TAMS 0x0000000622400000| PB 0x0000000622400000| Untracked 
| 107|0x0000000622800000, 0x0000000622800000, 0x0000000622c00000|  0%| F|  |TAMS 0x0000000622800000| PB 0x0000000622800000| Untracked 
| 108|0x0000000622c00000, 0x0000000622c00000, 0x0000000623000000|  0%| F|  |TAMS 0x0000000622c00000| PB 0x0000000622c00000| Untracked 
| 109|0x0000000623000000, 0x0000000623000000, 0x0000000623400000|  0%| F|  |TAMS 0x0000000623000000| PB 0x0000000623000000| Untracked 
| 110|0x0000000623400000, 0x0000000623400000, 0x0000000623800000|  0%| F|  |TAMS 0x0000000623400000| PB 0x0000000623400000| Untracked 
| 111|0x0000000623800000, 0x0000000623800000, 0x0000000623c00000|  0%| F|  |TAMS 0x0000000623800000| PB 0x0000000623800000| Untracked 
| 112|0x0000000623c00000, 0x0000000623c00000, 0x0000000624000000|  0%| F|  |TAMS 0x0000000623c00000| PB 0x0000000623c00000| Untracked 
| 113|0x0000000624000000, 0x0000000624000000, 0x0000000624400000|  0%| F|  |TAMS 0x0000000624000000| PB 0x0000000624000000| Untracked 
| 114|0x0000000624400000, 0x00000006247e8b78, 0x0000000624800000| 97%| S|CS|TAMS 0x0000000624400000| PB 0x0000000624400000| Complete 
| 115|0x0000000624800000, 0x0000000624c00000, 0x0000000624c00000|100%| S|CS|TAMS 0x0000000624800000| PB 0x0000000624800000| Complete 
| 116|0x0000000624c00000, 0x0000000624c00000, 0x0000000625000000|  0%| F|  |TAMS 0x0000000624c00000| PB 0x0000000624c00000| Untracked 
| 117|0x0000000625000000, 0x0000000625000000, 0x0000000625400000|  0%| F|  |TAMS 0x0000000625000000| PB 0x0000000625000000| Untracked 
| 118|0x0000000625400000, 0x0000000625400000, 0x0000000625800000|  0%| F|  |TAMS 0x0000000625400000| PB 0x0000000625400000| Untracked 
| 119|0x0000000625800000, 0x0000000625800000, 0x0000000625c00000|  0%| F|  |TAMS 0x0000000625800000| PB 0x0000000625800000| Untracked 
| 120|0x0000000625c00000, 0x0000000625c00000, 0x0000000626000000|  0%| F|  |TAMS 0x0000000625c00000| PB 0x0000000625c00000| Untracked 
| 121|0x0000000626000000, 0x0000000626000000, 0x0000000626400000|  0%| F|  |TAMS 0x0000000626000000| PB 0x0000000626000000| Untracked 
| 122|0x0000000626400000, 0x0000000626400000, 0x0000000626800000|  0%| F|  |TAMS 0x0000000626400000| PB 0x0000000626400000| Untracked 
| 123|0x0000000626800000, 0x0000000626800000, 0x0000000626c00000|  0%| F|  |TAMS 0x0000000626800000| PB 0x0000000626800000| Untracked 
| 124|0x0000000626c00000, 0x0000000626d68110, 0x0000000627000000| 35%| E|  |TAMS 0x0000000626c00000| PB 0x0000000626c00000| Complete 
| 125|0x0000000627000000, 0x0000000627400000, 0x0000000627400000|100%| E|CS|TAMS 0x0000000627000000| PB 0x0000000627000000| Complete 
| 126|0x0000000627400000, 0x0000000627800000, 0x0000000627800000|100%| E|CS|TAMS 0x0000000627400000| PB 0x0000000627400000| Complete 

Card table byte_map: [0x0000023044740000,0x0000023045710000] _byte_map_base: 0x0000023041702000

Marking Bits: (CMBitMap*) 0x0000023031381a10
 Bits: [0x0000023045710000, 0x000002304d520000)

Polling page: 0x000002302f290000

Metaspace:

Usage:
  Non-class:     15.50 MB used.
      Class:      2.11 MB used.
       Both:     17.61 MB used.

Virtual space:
  Non-class space:       64.00 MB reserved,      15.62 MB ( 24%) committed,  1 nodes.
      Class space:        1.00 GB reserved,       2.25 MB ( <1%) committed,  1 nodes.
             Both:        1.06 GB reserved,      17.88 MB (  2%) committed. 

Chunk freelists:
   Non-Class:  36.00 KB
       Class:  13.64 MB
        Both:  13.67 MB

MaxMetaspaceSize: unlimited
CompressedClassSpaceSize: 1.00 GB
Initial GC threshold: 21.00 MB
Current GC threshold: 21.00 MB
CDS: off
 - commit_granule_bytes: 65536.
 - commit_granule_words: 8192.
 - virtual_space_node_default_size: 8388608.
 - enlarge_chunks_in_place: 1.
 - use_allocation_guard: 0.


Internal statistics:

num_allocs_failed_limit: 0.
num_arena_births: 296.
num_arena_deaths: 0.
num_vsnodes_births: 2.
num_vsnodes_deaths: 0.
num_space_committed: 286.
num_space_uncommitted: 0.
num_chunks_returned_to_freelist: 0.
num_chunks_taken_from_freelist: 616.
num_chunk_merges: 0.
num_chunk_splits: 389.
num_chunks_enlarged: 259.
num_inconsistent_stats: 0.

CodeHeap 'non-profiled nmethods': size=120000Kb used=946Kb max_used=946Kb free=119053Kb
 bounds [0x000002303bf10000, 0x000002303c180000, 0x0000023043440000]
CodeHeap 'profiled nmethods': size=120000Kb used=3678Kb max_used=3678Kb free=116321Kb
 bounds [0x0000023034440000, 0x00000230347e0000, 0x000002303b970000]
CodeHeap 'non-nmethods': size=5760Kb used=1311Kb max_used=1326Kb free=4448Kb
 bounds [0x000002303b970000, 0x000002303bbe0000, 0x000002303bf10000]
CodeCache: size=245760Kb, used=5935Kb, max_used=5950Kb, free=239822Kb
 total_blobs=2465, nmethods=1973, adapters=397, full_count=0
Compilation: enabled, stopped_count=0, restarted_count=0

Compilation events (20 events):
Event: 26.897 Thread 0x00000230501a1060 1964       3       java.util.concurrent.ThreadPoolExecutor$Worker::tryAcquire (20 bytes)
Event: 26.897 Thread 0x00000230501a1060 nmethod 1964 0x00000230347d2c90 code [0x00000230347d2e40, 0x00000230347d3088]
Event: 26.897 Thread 0x00000230501a1060 1965       3       java.util.concurrent.ThreadPoolExecutor::beforeExecute (1 bytes)
Event: 26.897 Thread 0x00000230501a1060 nmethod 1965 0x00000230347d3190 code [0x00000230347d3320, 0x00000230347d3428]
Event: 26.897 Thread 0x00000230501a1060 1966       3       java.util.concurrent.ScheduledThreadPoolExecutor$ScheduledFutureTask::run (57 bytes)
Event: 26.898 Thread 0x00000230501a1060 nmethod 1966 0x00000230347d3490 code [0x00000230347d36c0, 0x00000230347d3b58]
Event: 27.071 Thread 0x00000230501a1060 1967       3       java.util.concurrent.locks.AbstractQueuedSynchronizer$Node::clearStatus (12 bytes)
Event: 27.071 Thread 0x00000230501a1060 nmethod 1967 0x00000230347d3d10 code [0x00000230347d3ec0, 0x00000230347d4078]
Event: 27.071 Thread 0x00000230501a1060 1968   !   3       java.util.concurrent.locks.AbstractQueuedSynchronizer::reacquire (64 bytes)
Event: 27.071 Thread 0x00000230501a1060 nmethod 1968 0x00000230347d4110 code [0x00000230347d42e0, 0x00000230347d4650]
Event: 27.071 Thread 0x00000230501a1060 1969       3       java.util.concurrent.locks.ReentrantLock$NonfairSync::tryAcquire (27 bytes)
Event: 27.072 Thread 0x00000230501a1060 nmethod 1969 0x00000230347d4810 code [0x00000230347d49e0, 0x00000230347d4c68]
Event: 27.175 Thread 0x00000230501a1060 1970       3       java.util.concurrent.locks.AbstractQueuedSynchronizer$ConditionObject::awaitNanos (202 bytes)
Event: 27.176 Thread 0x00000230501a1060 nmethod 1970 0x00000230347d4d10 code [0x00000230347d5000, 0x00000230347d5e90]
Event: 27.568 Thread 0x00000230501a1060 1971       3       java.util.concurrent.locks.AbstractQueuedSynchronizer$Node::getAndUnsetStatus (14 bytes)
Event: 27.569 Thread 0x00000230501a1060 nmethod 1971 0x00000230347d6490 code [0x00000230347d6660, 0x00000230347d6938]
Event: 28.075 Thread 0x00000230501a1060 1972       3       org.gradle.internal.logging.console.ThrottlingOutputEventListener::renderNow (40 bytes)
Event: 28.075 Thread 0x00000230501a1060 nmethod 1972 0x00000230347d6a90 code [0x00000230347d6c80, 0x00000230347d71a0]
Event: 30.871 Thread 0x00000230501a1060 1973       3       java.lang.invoke.BoundMethodHandle::makeReinvoker (27 bytes)
Event: 30.871 Thread 0x00000230501a1060 nmethod 1973 0x00000230347d7310 code [0x00000230347d74e0, 0x00000230347d77c8]

GC Heap History (4 events):
Event: 0.569 GC heap before
{Heap before GC invocations=0 (full 0):
 garbage-first heap   total 520192K, used 24576K [0x0000000607c00000, 0x0000000800000000)
  region size 4096K, 6 young (24576K), 0 survivors (0K)
 Metaspace       used 8854K, committed 8960K, reserved 1114112K
  class space    used 815K, committed 896K, reserved 1048576K
}
Event: 0.573 GC heap after
{Heap after GC invocations=1 (full 0):
 garbage-first heap   total 520192K, used 1572K [0x0000000607c00000, 0x0000000800000000)
  region size 4096K, 1 young (4096K), 1 survivors (4096K)
 Metaspace       used 8854K, committed 8960K, reserved 1114112K
  class space    used 815K, committed 896K, reserved 1048576K
}
Event: 1.495 GC heap before
{Heap before GC invocations=1 (full 0):
 garbage-first heap   total 520192K, used 46628K [0x0000000607c00000, 0x0000000800000000)
  region size 4096K, 11 young (45056K), 1 survivors (4096K)
 Metaspace       used 15644K, committed 15872K, reserved 1114112K
  class space    used 1826K, committed 1920K, reserved 1048576K
}
Event: 1.502 GC heap after
{Heap after GC invocations=2 (full 0):
 garbage-first heap   total 520192K, used 12194K [0x0000000607c00000, 0x0000000800000000)
  region size 4096K, 2 young (8192K), 2 survivors (8192K)
 Metaspace       used 15644K, committed 15872K, reserved 1114112K
  class space    used 1826K, committed 1920K, reserved 1048576K
}

Dll operation events (3 events):
Event: 0.011 Loaded shared library C:\Program Files\Android\Android Studio1\jbr\bin\java.dll
Event: 0.018 Loaded shared library C:\Program Files\Android\Android Studio1\jbr\bin\zip.dll
Event: 0.165 Loaded shared library C:\Program Files\Android\Android Studio1\jbr\bin\verify.dll

Deoptimization events (20 events):
Event: 1.732 Thread 0x00000230312df790 Uncommon trap: trap_request=0xffffffde fr.pc=0x000002303bf73284 relative=0x00000000000000e4
Event: 1.732 Thread 0x00000230312df790 Uncommon trap: reason=class_check action=maybe_recompile pc=0x000002303bf73284 method=java.util.AbstractList$Itr.next()Ljava/lang/Object; @ 14 c2
Event: 1.732 Thread 0x00000230312df790 DEOPT PACKING pc=0x000002303bf73284 sp=0x000000b5a9afcef0
Event: 1.732 Thread 0x00000230312df790 DEOPT UNPACKING pc=0x000002303b9c4422 sp=0x000000b5a9afce88 mode 2
Event: 1.738 Thread 0x00000230312df790 Uncommon trap: trap_request=0xffffff45 fr.pc=0x000002303bfc3a18 relative=0x0000000000000618
Event: 1.738 Thread 0x00000230312df790 Uncommon trap: reason=unstable_if action=reinterpret pc=0x000002303bfc3a18 method=java.lang.Integer.getChars(II[B)I @ 25 c2
Event: 1.738 Thread 0x00000230312df790 DEOPT PACKING pc=0x000002303bfc3a18 sp=0x000000b5a9afda40
Event: 1.738 Thread 0x00000230312df790 DEOPT UNPACKING pc=0x000002303b9c4422 sp=0x000000b5a9afd940 mode 2
Event: 1.740 Thread 0x00000230312df790 Uncommon trap: trap_request=0xffffff45 fr.pc=0x000002303bfa6f78 relative=0x00000000000001b8
Event: 1.740 Thread 0x00000230312df790 Uncommon trap: reason=unstable_if action=reinterpret pc=0x000002303bfa6f78 method=sun.nio.fs.NativeBuffers.getNativeBufferFromCache(I)Lsun/nio/fs/NativeBuffer; @ 34 c2
Event: 1.740 Thread 0x00000230312df790 DEOPT PACKING pc=0x000002303bfa6f78 sp=0x000000b5a9afd970
Event: 1.740 Thread 0x00000230312df790 DEOPT UNPACKING pc=0x000002303b9c4422 sp=0x000000b5a9afd920 mode 2
Event: 1.753 Thread 0x00000230312df790 Uncommon trap: trap_request=0xffffffde fr.pc=0x000002303bf72ea8 relative=0x0000000000000088
Event: 1.753 Thread 0x00000230312df790 Uncommon trap: reason=class_check action=maybe_recompile pc=0x000002303bf72ea8 method=java.util.AbstractList$Itr.hasNext()Z @ 8 c2
Event: 1.753 Thread 0x00000230312df790 DEOPT PACKING pc=0x000002303bf72ea8 sp=0x000000b5a9afdff0
Event: 1.753 Thread 0x00000230312df790 DEOPT UNPACKING pc=0x000002303b9c4422 sp=0x000000b5a9afdf88 mode 2
Event: 1.753 Thread 0x00000230312df790 Uncommon trap: trap_request=0xffffff45 fr.pc=0x000002303bfa3650 relative=0x0000000000000290
Event: 1.753 Thread 0x00000230312df790 Uncommon trap: reason=unstable_if action=reinterpret pc=0x000002303bfa3650 method=jdk.internal.misc.Unsafe.copyMemory(Ljava/lang/Object;JLjava/lang/Object;JJ)V @ 16 c2
Event: 1.753 Thread 0x00000230312df790 DEOPT PACKING pc=0x000002303bfa3650 sp=0x000000b5a9afe010
Event: 1.753 Thread 0x00000230312df790 DEOPT UNPACKING pc=0x000002303b9c4422 sp=0x000000b5a9afdfd8 mode 2

Classes loaded (20 events):
Event: 1.741 Loading class sun/nio/ch/SelectionKeyImpl done
Event: 1.741 Loading class java/lang/invoke/ConstantBootstraps
Event: 1.741 Loading class java/lang/invoke/ConstantBootstraps done
Event: 1.747 Loading class java/lang/Long$LongCache
Event: 1.747 Loading class java/lang/Long$LongCache done
Event: 1.753 Loading class java/nio/channels/spi/AbstractSelector$1
Event: 1.753 Loading class java/nio/channels/spi/AbstractSelector$1 done
Event: 1.771 Loading class java/util/concurrent/Executors$AutoShutdownDelegatedExecutorService
Event: 1.771 Loading class java/util/concurrent/Executors$AutoShutdownDelegatedExecutorService done
Event: 1.771 Loading class java/io/BufferedReader
Event: 1.772 Loading class java/io/BufferedReader done
Event: 1.772 Loading class sun/nio/cs/StreamDecoder
Event: 1.772 Loading class sun/nio/cs/StreamDecoder done
Event: 16.865 Loading class java/lang/invoke/MethodHandle$1
Event: 16.865 Loading class java/lang/invoke/MethodHandle$1 done
Event: 30.872 Loading class java/io/ObjectInputStream
Event: 30.873 Loading class java/io/ObjectInput
Event: 30.873 Loading class java/io/ObjectInput done
Event: 30.873 Loading class java/io/ObjectStreamConstants
Event: 30.873 Loading class java/io/ObjectStreamConstants done

Classes unloaded (0 events):
No events

Classes redefined (0 events):
No events

Internal exceptions (20 events):
Event: 1.507 Thread 0x00000230312df790 Exception <a 'java/lang/NoSuchMethodError'{0x0000000627447df0}: 'java.lang.Object java.lang.invoke.DirectMethodHandle$Holder.invokeStatic(java.lang.Object, java.lang.Object, java.lang.Object, java.lang.Object, java.lang.Object, java.lang.Object, java.lang.Object, java.lang.Object, java.lang.Object, java.lang.Object, java.lang.Object, java.lang.Object, java.lang.Object, java.lang.Object, java.lang.Object, java.lang.Object)'> (0x0000000627447df0) 
thrown [s\src\hotspot\share\interpreter\linkResolver.cpp, lin
Event: 1.509 Thread 0x00000230312df790 Exception <a 'java/lang/NoSuchMethodError'{0x00000006274e6380}: 'java.lang.Object java.lang.invoke.DirectMethodHandle$Holder.invokeStatic(java.lang.Object, java.lang.Object, java.lang.Object, java.lang.Object, java.lang.Object, java.lang.Object, java.lang.Object, java.lang.Object, java.lang.Object, java.lang.Object, java.lang.Object, java.lang.Object, java.lang.Object, java.lang.Object, java.lang.Object, java.lang.Object, java.lang.Object)'> (0x00000006274e6380) 
thrown [s\src\hotspot\share\interpreter\lin
Event: 1.511 Thread 0x00000230312df790 Exception <a 'java/lang/NoSuchMethodError'{0x000000062750db70}: 'java.lang.Object java.lang.invoke.DirectMethodHandle$Holder.invokeStatic(java.lang.Object, java.lang.Object, java.lang.Object, java.lang.Object, java.lang.Object, java.lang.Object, java.lang.Object, java.lang.Object, java.lang.Object, java.lang.Object, java.lang.Object, java.lang.Object, java.lang.Object, java.lang.Object, java.lang.Object, java.lang.Object, java.lang.Object, java.lang.Object)'> (0x000000062750db70) 
thrown [s\src\hotspot\sha
Event: 1.514 Thread 0x00000230312df790 Exception <a 'java/lang/NoSuchMethodError'{0x00000006275363b8}: 'java.lang.Object java.lang.invoke.DirectMethodHandle$Holder.invokeStatic(java.lang.Object, java.lang.Object, java.lang.Object, java.lang.Object, java.lang.Object, java.lang.Object, java.lang.Object, java.lang.Object, java.lang.Object, java.lang.Object, java.lang.Object, java.lang.Object, java.lang.Object, java.lang.Object, java.lang.Object, java.lang.Object, java.lang.Object, java.lang.Object, java.lang.Object)'> (0x00000006275363b8) 
thrown 
Event: 1.515 Thread 0x00000230312df790 Exception <a 'java/lang/NoSuchMethodError'{0x0000000627560328}: 'java.lang.Object java.lang.invoke.DirectMethodHandle$Holder.invokeStatic(java.lang.Object, java.lang.Object, java.lang.Object, java.lang.Object, java.lang.Object, java.lang.Object, java.lang.Object, java.lang.Object, java.lang.Object, java.lang.Object, java.lang.Object, java.lang.Object, java.lang.Object, java.lang.Object, java.lang.Object, java.lang.Object, java.lang.Object, java.lang.Object, java.lang.Object, java.lang.Object)'> (0x00000006
Event: 1.517 Thread 0x00000230312df790 Exception <a 'java/lang/NoSuchMethodError'{0x000000062758af28}: 'java.lang.Object java.lang.invoke.DirectMethodHandle$Holder.invokeStatic(java.lang.Object, java.lang.Object, java.lang.Object, java.lang.Object, java.lang.Object, java.lang.Object, java.lang.Object, java.lang.Object, java.lang.Object, java.lang.Object, java.lang.Object, java.lang.Object, java.lang.Object, java.lang.Object, java.lang.Object, java.lang.Object, java.lang.Object, java.lang.Object, java.lang.Object, java.lang.Object, java.lang.Obj
Event: 1.518 Thread 0x00000230312df790 Exception <a 'java/lang/NoSuchMethodError'{0x00000006275b6830}: 'java.lang.Object java.lang.invoke.DirectMethodHandle$Holder.invokeStatic(java.lang.Object, java.lang.Object, java.lang.Object, java.lang.Object, java.lang.Object, java.lang.Object, java.lang.Object, java.lang.Object, java.lang.Object, java.lang.Object, java.lang.Object, java.lang.Object, java.lang.Object, java.lang.Object, java.lang.Object, java.lang.Object, java.lang.Object, java.lang.Object, java.lang.Object, java.lang.Object, java.lang.Obj
Event: 1.521 Thread 0x00000230312df790 Exception <a 'java/lang/NoSuchMethodError'{0x00000006275e2d20}: 'java.lang.Object java.lang.invoke.DirectMethodHandle$Holder.invokeStatic(java.lang.Object, java.lang.Object, java.lang.Object, java.lang.Object, java.lang.Object, java.lang.Object, java.lang.Object, java.lang.Object, java.lang.Object, java.lang.Object, java.lang.Object, java.lang.Object, java.lang.Object, java.lang.Object, java.lang.Object, java.lang.Object, java.lang.Object, java.lang.Object, java.lang.Object, java.lang.Object, java.lang.Obj
Event: 1.524 Thread 0x00000230312df790 Exception <a 'java/lang/NoSuchMethodError'{0x000000062760fd28}: 'java.lang.Object java.lang.invoke.DirectMethodHandle$Holder.invokeStatic(java.lang.Object, java.lang.Object, java.lang.Object, java.lang.Object, java.lang.Object, java.lang.Object, java.lang.Object, java.lang.Object, java.lang.Object, java.lang.Object, java.lang.Object, java.lang.Object, java.lang.Object, java.lang.Object, java.lang.Object, java.lang.Object, java.lang.Object, java.lang.Object, java.lang.Object, java.lang.Object, java.lang.Obj
Event: 1.527 Thread 0x00000230312df790 Exception <a 'java/lang/NoSuchMethodError'{0x000000062763e600}: 'java.lang.Object java.lang.invoke.DirectMethodHandle$Holder.invokeStatic(java.lang.Object, java.lang.Object, java.lang.Object, java.lang.Object, java.lang.Object, java.lang.Object, java.lang.Object, java.lang.Object, java.lang.Object, java.lang.Object, java.lang.Object, java.lang.Object, java.lang.Object, java.lang.Object, java.lang.Object, java.lang.Object, java.lang.Object, java.lang.Object, java.lang.Object, java.lang.Object, java.lang.Obj
Event: 1.532 Thread 0x00000230312df790 Exception <a 'java/lang/NoSuchMethodError'{0x0000000627662f98}: 'java.lang.Object java.lang.invoke.DirectMethodHandle$Holder.invokeSpecial(java.lang.Object, java.lang.Object, java.lang.Object, java.lang.Object, java.lang.Object, java.lang.Object, java.lang.Object, java.lang.Object, java.lang.Object, java.lang.Object, java.lang.Object, java.lang.Object, java.lang.Object, java.lang.Object, java.lang.Object, java.lang.Object, java.lang.Object, java.lang.Object, java.lang.Object, java.lang.Object, java.lang.Ob
Event: 1.533 Thread 0x00000230312df790 Exception <a 'java/lang/NoSuchMethodError'{0x0000000627678a30}: 'java.lang.Object java.lang.invoke.DirectMethodHandle$Holder.newInvokeSpecial(java.lang.Object, java.lang.Object, java.lang.Object, java.lang.Object, java.lang.Object, java.lang.Object, java.lang.Object, java.lang.Object, java.lang.Object, java.lang.Object, java.lang.Object, java.lang.Object, java.lang.Object, java.lang.Object, java.lang.Object, java.lang.Object, java.lang.Object, java.lang.Object, java.lang.Object, java.lang.Object, java.lang
Event: 1.533 Thread 0x00000230312df790 Exception <a 'java/lang/NoSuchMethodError'{0x000000062767ebe8}: 'java.lang.Object java.lang.invoke.Invokers$Holder.linkToTargetMethod(java.lang.Object, java.lang.Object, java.lang.Object, java.lang.Object, java.lang.Object, java.lang.Object, java.lang.Object, java.lang.Object, java.lang.Object, java.lang.Object, java.lang.Object, java.lang.Object, java.lang.Object, java.lang.Object, java.lang.Object, java.lang.Object, java.lang.Object, java.lang.Object, java.lang.Object, java.lang.Object, java.lang.Object,
Event: 1.533 Thread 0x00000230312df790 Exception <a 'java/lang/NoSuchMethodError'{0x0000000627684060}: 'java.lang.Object java.lang.invoke.DirectMethodHandle$Holder.invokeVirtual(java.lang.Object, java.lang.Object, java.lang.Object, java.lang.Object, java.lang.Object, java.lang.Object, java.lang.Object, java.lang.Object, java.lang.Object, java.lang.Object)'> (0x0000000627684060) 
thrown [s\src\hotspot\share\interpreter\linkResolver.cpp, line 784]
Event: 1.550 Thread 0x00000230312df790 Exception <a 'java/lang/NoSuchMethodError'{0x0000000627776890}: 'java.lang.Object java.lang.invoke.DirectMethodHandle$Holder.invokeVirtual(java.lang.Object, java.lang.Object, java.lang.Object, java.lang.Object, java.lang.Object, java.lang.Object, java.lang.Object, java.lang.Object, java.lang.Object)'> (0x0000000627776890) 
thrown [s\src\hotspot\share\interpreter\linkResolver.cpp, line 784]
Event: 1.568 Thread 0x00000230312df790 Exception <a 'java/lang/NoSuchMethodError'{0x000000062708a448}: 'java.lang.Object java.lang.invoke.DirectMethodHandle$Holder.invokeVirtual(java.lang.Object, java.lang.Object, java.lang.Object, java.lang.Object, java.lang.Object, java.lang.Object, java.lang.Object, java.lang.Object)'> (0x000000062708a448) 
thrown [s\src\hotspot\share\interpreter\linkResolver.cpp, line 784]
Event: 1.592 Thread 0x00000230312df790 Exception <a 'java/lang/NoSuchMethodError'{0x0000000627168208}: 'java.lang.Object java.lang.invoke.DirectMethodHandle$Holder.invokeStaticInit(java.lang.Object, java.lang.Object, int, int, int, int)'> (0x0000000627168208) 
thrown [s\src\hotspot\share\interpreter\linkResolver.cpp, line 784]
Event: 1.601 Thread 0x00000230312df790 Exception <a 'sun/nio/fs/WindowsException'{0x000000062718ff80}> (0x000000062718ff80) 
thrown [s\src\hotspot\share\prims\jni.cpp, line 537]
Event: 1.617 Thread 0x00000230312df790 Exception <a 'sun/nio/fs/WindowsException'{0x0000000627227ea8}> (0x0000000627227ea8) 
thrown [s\src\hotspot\share\prims\jni.cpp, line 537]
Event: 1.617 Thread 0x00000230312df790 Implicit null exception at 0x000002303bf5ada4 to 0x000002303bf5b400

ZGC Phase Switch (0 events):
No events

VM Operations (20 events):
Event: 1.495 Executing VM operation: G1CollectForAllocation (G1 Evacuation Pause)
Event: 1.502 Executing VM operation: G1CollectForAllocation (G1 Evacuation Pause) done
Event: 1.589 Executing VM operation: HandshakeAllThreads (Deoptimize)
Event: 1.589 Executing VM operation: HandshakeAllThreads (Deoptimize) done
Event: 1.716 Executing VM operation: HandshakeAllThreads (Deoptimize)
Event: 1.716 Executing VM operation: HandshakeAllThreads (Deoptimize) done
Event: 2.719 Executing VM operation: Cleanup
Event: 2.719 Executing VM operation: Cleanup done
Event: 6.747 Executing VM operation: Cleanup
Event: 6.747 Executing VM operation: Cleanup done
Event: 15.799 Executing VM operation: Cleanup
Event: 15.799 Executing VM operation: Cleanup done
Event: 17.818 Executing VM operation: Cleanup
Event: 17.818 Executing VM operation: Cleanup done
Event: 19.840 Executing VM operation: Cleanup
Event: 19.840 Executing VM operation: Cleanup done
Event: 22.853 Executing VM operation: Cleanup
Event: 22.853 Executing VM operation: Cleanup done
Event: 27.893 Executing VM operation: Cleanup
Event: 27.893 Executing VM operation: Cleanup done

Memory protections (0 events):
No events

Nmethod flushes (0 events):
No events

Events (20 events):
Event: 0.061 Thread 0x00000230312df790 Thread added: 0x000002305019ca50
Event: 0.061 Thread 0x00000230312df790 Thread added: 0x000002305019d0c0
Event: 0.061 Thread 0x00000230312df790 Thread added: 0x000002305019e200
Event: 0.062 Thread 0x00000230312df790 Thread added: 0x00000230501a1060
Event: 0.094 Thread 0x00000230312df790 Thread added: 0x0000023050353af0
Event: 0.147 Loaded shared library C:\Program Files\Android\Android Studio1\jbr\bin\net.dll
Event: 0.151 Loaded shared library C:\Program Files\Android\Android Studio1\jbr\bin\nio.dll
Event: 0.157 Loaded shared library C:\Program Files\Android\Android Studio1\jbr\bin\zip.dll
Event: 0.224 Loaded shared library C:\Program Files\Android\Android Studio1\jbr\bin\jimage.dll
Event: 0.342 Thread 0x00000230501a1060 Thread added: 0x00000230504bdd20
Event: 0.676 Thread 0x00000230501a1060 Thread added: 0x0000023050c94f20
Event: 0.884 Thread 0x0000023050c94f20 Thread exited: 0x0000023050c94f20
Event: 1.176 Loaded shared library C:\Program Files\Android\Android Studio1\jbr\bin\management.dll
Event: 1.179 Loaded shared library C:\Program Files\Android\Android Studio1\jbr\bin\management_ext.dll
Event: 1.233 Loaded shared library C:\Users\vansh\.gradle\native\1def1411415f61bf3af743bc5b6707747c0891f09f0c88961ee8f79bc544acac\windows-amd64\native-platform.dll
Event: 1.266 Thread 0x00000230312df790 Thread added: 0x000002305565ae70
Event: 1.438 Loaded shared library C:\Program Files\Android\Android Studio1\jbr\bin\extnet.dll
Event: 1.706 Thread 0x00000230504bdd20 Thread exited: 0x00000230504bdd20
Event: 1.720 Thread 0x000002305019e200 Thread added: 0x00000230557a1130
Event: 3.269 Thread 0x00000230557a1130 Thread exited: 0x00000230557a1130


Dynamic libraries:
0x00007ff6e92a0000 - 0x00007ff6e92aa000 	C:\Program Files\Android\Android Studio1\jbr\bin\java.exe
0x00007ffc33720000 - 0x00007ffc33987000 	C:\Windows\SYSTEM32\ntdll.dll
0x00007ffc31900000 - 0x00007ffc319c9000 	C:\Windows\System32\KERNEL32.DLL
0x00007ffc30f50000 - 0x00007ffc31341000 	C:\Windows\System32\KERNELBASE.dll
0x00007ffc30e00000 - 0x00007ffc30f4b000 	C:\Windows\System32\ucrtbase.dll
0x00007ffc1b110000 - 0x00007ffc1b128000 	C:\Program Files\Android\Android Studio1\jbr\bin\jli.dll
0x00007ffc32010000 - 0x00007ffc321d5000 	C:\Windows\System32\USER32.dll
0x00007ffc303a0000 - 0x00007ffc303c7000 	C:\Windows\System32\win32u.dll
0x00007ffc318d0000 - 0x00007ffc318fb000 	C:\Windows\System32\GDI32.dll
0x00007ffc30460000 - 0x00007ffc3058a000 	C:\Windows\System32\gdi32full.dll
0x00007ffbfcf40000 - 0x00007ffbfcf5b000 	C:\Program Files\Android\Android Studio1\jbr\bin\VCRUNTIME140.dll
0x00007ffc31350000 - 0x00007ffc313f3000 	C:\Windows\System32\msvcp_win.dll
0x00007ffc0a980000 - 0x00007ffc0ac13000 	C:\Windows\WinSxS\amd64_microsoft.windows.common-controls_6595b64144ccf1df_6.0.26100.7922_none_3e089e1ee3342171\COMCTL32.dll
0x00007ffc33570000 - 0x00007ffc33619000 	C:\Windows\System32\msvcrt.dll
0x00007ffc32380000 - 0x00007ffc323b1000 	C:\Windows\System32\IMM32.DLL
0x00007ffc2d440000 - 0x00007ffc2d44c000 	C:\Program Files\Android\Android Studio1\jbr\bin\vcruntime140_1.dll
0x00007ffbdeb70000 - 0x00007ffbdebfd000 	C:\Program Files\Android\Android Studio1\jbr\bin\msvcp140.dll
0x00007ffb6d250000 - 0x00007ffb6dee6000 	C:\Program Files\Android\Android Studio1\jbr\bin\server\jvm.dll
0x00007ffc33620000 - 0x00007ffc336db000 	C:\Windows\System32\ADVAPI32.dll
0x00007ffc32f80000 - 0x00007ffc33027000 	C:\Windows\System32\sechost.dll
0x00007ffc32dd0000 - 0x00007ffc32ee8000 	C:\Windows\System32\RPCRT4.dll
0x00007ffc32ef0000 - 0x00007ffc32f64000 	C:\Windows\System32\WS2_32.dll
0x00007ffc2fe60000 - 0x00007ffc2febe000 	C:\Windows\SYSTEM32\POWRPROF.dll
0x00007ffc1a9f0000 - 0x00007ffc1a9fb000 	C:\Windows\SYSTEM32\VERSION.dll
0x00007ffc1adf0000 - 0x00007ffc1ae25000 	C:\Windows\SYSTEM32\WINMM.dll
0x00007ffc2fe40000 - 0x00007ffc2fe54000 	C:\Windows\SYSTEM32\UMPDC.dll
0x00007ffc2ed90000 - 0x00007ffc2edab000 	C:\Windows\SYSTEM32\kernel.appcore.dll
0x00007ffc154e0000 - 0x00007ffc154ea000 	C:\Program Files\Android\Android Studio1\jbr\bin\jimage.dll
0x00007ffc2c030000 - 0x00007ffc2c272000 	C:\Windows\SYSTEM32\DBGHELP.DLL
0x00007ffc31b90000 - 0x00007ffc31f12000 	C:\Windows\System32\combase.dll
0x00007ffc323c0000 - 0x00007ffc32497000 	C:\Windows\System32\OLEAUT32.dll
0x00007ffc04770000 - 0x00007ffc047ab000 	C:\Windows\SYSTEM32\dbgcore.DLL
0x00007ffc30000000 - 0x00007ffc300a5000 	C:\Windows\System32\bcryptPrimitives.dll
0x00007ffbfcf20000 - 0x00007ffbfcf40000 	C:\Program Files\Android\Android Studio1\jbr\bin\java.dll
0x00007ffbf3fd0000 - 0x00007ffbf3fe8000 	C:\Program Files\Android\Android Studio1\jbr\bin\zip.dll
0x00007ffc32600000 - 0x00007ffc32d5f000 	C:\Windows\System32\SHELL32.dll
0x00007ffc30230000 - 0x00007ffc3039a000 	C:\Windows\System32\wintypes.dll
0x00007ffc30590000 - 0x00007ffc30df4000 	C:\Windows\System32\windows.storage.dll
0x00007ffc31550000 - 0x00007ffc31647000 	C:\Windows\System32\SHCORE.dll
0x00007ffc31f20000 - 0x00007ffc31f87000 	C:\Windows\System32\shlwapi.dll
0x00007ffc2ff20000 - 0x00007ffc2ff49000 	C:\Windows\SYSTEM32\profapi.dll
0x00007ffc14c60000 - 0x00007ffc14c70000 	C:\Program Files\Android\Android Studio1\jbr\bin\net.dll
0x00007ffc1cbe0000 - 0x00007ffc1cd07000 	C:\Windows\SYSTEM32\WINHTTP.dll
0x00007ffc2f300000 - 0x00007ffc2f36b000 	C:\Windows\system32\mswsock.dll
0x00007ffbf1a30000 - 0x00007ffbf1a46000 	C:\Program Files\Android\Android Studio1\jbr\bin\nio.dll
0x00007ffc11c90000 - 0x00007ffc11ca0000 	C:\Program Files\Android\Android Studio1\jbr\bin\verify.dll
0x00007ffc0c760000 - 0x00007ffc0c769000 	C:\Program Files\Android\Android Studio1\jbr\bin\management.dll
0x00007ffbfcef0000 - 0x00007ffbfcefb000 	C:\Program Files\Android\Android Studio1\jbr\bin\management_ext.dll
0x00007ffc31830000 - 0x00007ffc31838000 	C:\Windows\System32\PSAPI.DLL
0x00007ffbe9ee0000 - 0x00007ffbe9f07000 	C:\Users\vansh\.gradle\native\1def1411415f61bf3af743bc5b6707747c0891f09f0c88961ee8f79bc544acac\windows-amd64\native-platform.dll
0x00007ffc2e830000 - 0x00007ffc2e863000 	C:\Windows\SYSTEM32\IPHLPAPI.DLL
0x00007ffc32f70000 - 0x00007ffc32f7a000 	C:\Windows\System32\NSI.dll
0x00007ffbf42d0000 - 0x00007ffbf42d9000 	C:\Program Files\Android\Android Studio1\jbr\bin\extnet.dll
0x00007ffc2f5f0000 - 0x00007ffc2f60b000 	C:\Windows\SYSTEM32\CRYPTSP.dll
0x00007ffc2ecf0000 - 0x00007ffc2ed29000 	C:\Windows\system32\rsaenh.dll
0x00007ffc2f3b0000 - 0x00007ffc2f3e2000 	C:\Windows\SYSTEM32\USERENV.dll
0x00007ffc2fef0000 - 0x00007ffc2ff1a000 	C:\Windows\SYSTEM32\bcrypt.dll
0x00007ffc2f5e0000 - 0x00007ffc2f5ec000 	C:\Windows\SYSTEM32\CRYPTBASE.dll
0x00007ffbf3e30000 - 0x00007ffbf3e38000 	C:\Windows\system32\wshunix.dll

JVMTI agents: none

dbghelp: loaded successfully - version: 4.0.5 - missing functions: none
symbol engine: initialized successfully - sym options: 0x614 - pdb path: .;C:\Program Files\Android\Android Studio1\jbr\bin;C:\Windows\SYSTEM32;C:\Windows\WinSxS\amd64_microsoft.windows.common-controls_6595b64144ccf1df_6.0.26100.7922_none_3e089e1ee3342171;C:\Program Files\Android\Android Studio1\jbr\bin\server;C:\Users\vansh\.gradle\native\1def1411415f61bf3af743bc5b6707747c0891f09f0c88961ee8f79bc544acac\windows-amd64

VM Arguments:
jvm_args: -Dorg.gradle.appname=gradlew 
java_command: org.gradle.wrapper.GradleWrapperMain -q -Ptarget-platform=android-arm,android-arm64,android-x64 -Ptarget=lib\main.dart -Pbase-application-name=android.app.Application -Pdart-defines=RkxVVFRFUl9WRVJTSU9OPTMuMzguOA==,RkxVVFRFUl9DSEFOTkVMPXN0YWJsZQ==,RkxVVFRFUl9HSVRfVVJMPWh0dHBzOi8vZ2l0aHViLmNvbS9mbHV0dGVyL2ZsdXR0ZXIuZ2l0,RkxVVFRFUl9GUkFNRVdPUktfUkVWSVNJT049YmQ3YTRhNmI1NQ==,RkxVVFRFUl9FTkdJTkVfUkVWSVNJT049ZGIzNzNlYjg1YQ==,RkxVVFRFUl9EQVJUX1ZFUlNJT049My4xMC43 -Pdart-obfuscation=false -Ptrack-widget-creation=true -Ptree-shake-icons=true assembleRelease
java_class_path (initial): E:\needin_app (4)\needin_app (2)\needin_app\android\\gradle\wrapper\gradle-wrapper.jar
Launcher Type: SUN_STANDARD

[Global flags]
     intx CICompilerCount                          = 4                                         {product} {ergonomic}
     uint ConcGCThreads                            = 2                                         {product} {ergonomic}
     uint G1ConcRefinementThreads                  = 8                                         {product} {ergonomic}
   size_t G1HeapRegionSize                         = 4194304                                   {product} {ergonomic}
    uintx GCDrainStackTargetSize                   = 64                                        {product} {ergonomic}
   size_t InitialHeapSize                          = 532676608                                 {product} {ergonomic}
   size_t MarkStackSize                            = 4194304                                   {product} {ergonomic}
   size_t MaxHeapSize                              = 8459911168                                {product} {ergonomic}
   size_t MaxNewSize                               = 5075107840                                {product} {ergonomic}
   size_t MinHeapDeltaBytes                        = 4194304                                   {product} {ergonomic}
   size_t MinHeapSize                              = 8388608                                   {product} {ergonomic}
    uintx NonNMethodCodeHeapSize                   = 5839372                                {pd product} {ergonomic}
    uintx NonProfiledCodeHeapSize                  = 122909434                              {pd product} {ergonomic}
    uintx ProfiledCodeHeapSize                     = 122909434                              {pd product} {ergonomic}
    uintx ReservedCodeCacheSize                    = 251658240                              {pd product} {ergonomic}
     bool SegmentedCodeCache                       = true                                      {product} {ergonomic}
   size_t SoftMaxHeapSize                          = 8459911168                             {manageable} {ergonomic}
     bool UseCompressedOops                        = true                           {product lp64_product} {ergonomic}
     bool UseG1GC                                  = true                                      {product} {ergonomic}
     bool UseLargePagesIndividualAllocation        = false                                  {pd product} {ergonomic}

Logging:
Log output configuration:
 #0: stdout all=warning uptime,level,tags foldmultilines=false
 #1: stderr all=off uptime,level,tags foldmultilines=false

Release file:
JAVA_VERSION="21.0.9" 
MODULES="java.base java.compiler java.datatransfer java.xml java.prefs java.desktop java.instrument java.logging java.management java.security.sasl java.naming java.rmi java.management.rmi java.net.http java.scripting java.security.jgss java.transaction.xa java.sql java.sql.rowset java.xml.crypto java.se java.smartcardio jdk.accessibility jdk.internal.jvmstat jdk.attach jdk.charsets jdk.internal.opt jdk.zipfs jdk.compiler jdk.crypto.ec jdk.crypto.cryptoki jdk.dynalink jdk.hotspot.agent jdk.httpserver jdk.internal.ed jdk.internal.le jdk.internal.vm.ci jdk.jartool jdk.javadoc jdk.jcmd jdk.jdeps jdk.jdwp.agent jdk.jdi jdk.jfr jdk.jlink jdk.jsobject jdk.localedata jdk.management jdk.management.agent jdk.management.jfr jdk.naming.dns jdk.naming.rmi jdk.net jdk.sctp jdk.security.auth jdk.security.jgss jdk.unsupported jdk.unsupported.desktop jdk.xml.dom" 
IMPLEMENTOR="JetBrains s.r.o." 
JAVA_RUNTIME_VERSION="21.0.9+-14649483-b1163.86" 
LIBC="default" 
OS_ARCH="x86_64" 
OS_NAME="Windows" 
SOURCE=".:git:554d0c326095" 

Environment Variables:
JAVA_HOME=C:\Program Files\Android\Android Studio1\jbr
CLASSPATH=E:\needin_app (4)\needin_app (2)\needin_app\android\\gradle\wrapper\gradle-wrapper.jar
PATH=C:\Program Files\Android\Android Studio1\jbr\bin;C:\Windows\system32;C:\Windows;C:\Windows\System32\Wbem;C:\Windows\System32\WindowsPowerShell\v1.0\;C:\Windows\System32\OpenSSH\;C:\Program Files\dotnet\;C:\Program Files\Git\cmd;C:\Program Files\Git\bin;C:\Program Files\nodejs\;C:\Program Files\Tesseract-OCR;;C:\Program Files\Docker\Docker\resources\bin;C:\Windows\system32;C:\Windows;C:\Windows\System32\Wbem;C:\Windows\System32\WindowsPowerShell\v1.0\;C:\Windows\System32\OpenSSH\;C:\Program Files\dotnet\;C:\Program Files\Git\cmd;C:\Program Files\Git\bin;C:\Program Files\nodejs\;C:\Program Files\Tesseract-OCR;C:\Program Files\Docker\Docker\resources\bin;C:\Users\vansh\AppData\Local\Microsoft\WindowsApps;C:\Users\vansh\Downloads\Microsoft VS Code\bin;C:\Users\vansh\AppData\Roaming\npm;C:\Program Files\MongoDB\Server\8.2\bin;C:\Users\vansh\AppData\Local\Programs\Ollama;C:\Users\vansh\AppData\Local\Programs\cursor\resources\app\bin;C:\Users\vansh\Downloads\flutter\bin;C:\Users\vansh\AppData\Local\Programs\Antigravity\bin;C:\Users\vansh\AppData\Local\Google\Cloud SDK\google-cloud-sdk\bin;C:\Users\vansh\AppData\Local\Pub\Cache\bin;C:\Users\vansh\AppData\Local\Microsoft\WinGet\Packages\Google.PlatformTools_Microsoft.Winget.Source_8wekyb3d8bbwe\platform-tools;;E:\Ollama
USERNAME=vansh
OS=Windows_NT
PROCESSOR_IDENTIFIER=Intel64 Family 6 Model 189 Stepping 1, GenuineIntel
TMP=C:\Users\vansh\AppData\Local\Temp
TEMP=C:\Users\vansh\AppData\Local\Temp




Periodic native trim disabled

JNI global refs:
JNI global refs: 19, weak refs: 0

JNI global refs memory usage: 835, weak refs: 833

Process memory usage:
Resident Set Size: 124200K (0% of 33041060K total physical memory with 1737384K free physical memory)

OOME stack traces (most recent first):
Classloader memory used:
Loader bootstrap                                                                       : 13108K
Loader org.gradle.internal.classloader.VisitableURLClassLoader                         : 4430K
Loader java.net.URLClassLoader                                                         : 234K
Loader jdk.internal.loader.ClassLoaders$AppClassLoader                                 : 147K
Loader jdk.internal.loader.ClassLoaders$PlatformClassLoader                            : 110K

Classes loaded by more than one classloader:
Class org.gradle.cli.AbstractPropertiesCommandLineConverter                           : loaded 2 times (x 83B)
Class org.gradle.cli.CommandLineParser                                                : loaded 2 times (x 79B)
Class org.gradle.internal.service.UnknownServiceException                             : loaded 2 times (x 83B)
Class org.gradle.cli.SystemPropertiesCommandLineConverter                             : loaded 2 times (x 83B)
Class org.gradle.cli.CommandLineArgumentException                                     : loaded 2 times (x 82B)
Class org.gradle.cli.CommandLineParser$KnownOptionParserState                         : loaded 2 times (x 76B)
Class org.gradle.internal.InternalTransformer                                         : loaded 2 times (x 70B)
Class org.gradle.internal.classpath.DefaultClassPath$ImmutableUniqueList              : loaded 2 times (x 199B)
Class org.gradle.cli.CommandLineParser$OptionAwareParserState                         : loaded 2 times (x 77B)
Class org.gradle.cli.ParsedCommandLine                                                : loaded 2 times (x 80B)
Class org.gradle.internal.classpath.ClassPath                                         : loaded 2 times (x 70B)
Class org.gradle.cli.CommandLineParser$UnknownOptionParserState                       : loaded 2 times (x 76B)
Class org.gradle.cli.ParsedCommandLineOption                                          : loaded 2 times (x 76B)
Class org.gradle.api.UncheckedIOException                                             : loaded 2 times (x 82B)
Class org.gradle.cli.CommandLineParser$AfterFirstSubCommand                           : loaded 2 times (x 77B)
Class org.gradle.api.internal.classpath.ModuleRegistry                                : loaded 2 times (x 70B)
Class org.gradle.internal.installation.GradleInstallation$1                           : loaded 2 times (x 75B)
Class org.gradle.cli.CommandLineOption                                                : loaded 2 times (x 86B)
Class org.gradle.cli.CommandLineParser$BeforeFirstSubCommand                          : loaded 2 times (x 77B)
Class org.gradle.internal.service.ServiceLookupException                              : loaded 2 times (x 82B)
Class org.gradle.cli.CommandLineParser$OptionParserState                              : loaded 2 times (x 75B)
Class org.gradle.internal.classloader.ClasspathUtil                                   : loaded 2 times (x 71B)
Class org.gradle.api.specs.Spec                                                       : loaded 2 times (x 70B)
Class org.gradle.internal.classpath.DefaultClassPath                                  : loaded 2 times (x 90B)
Class org.gradle.internal.Cast                                                        : loaded 2 times (x 71B)
Class org.gradle.api.Action                                                           : loaded 2 times (x 70B)
Class org.gradle.cli.AbstractCommandLineConverter                                     : loaded 2 times (x 79B)
Class org.gradle.api.GradleException                                                  : loaded 2 times (x 82B)
Class org.gradle.internal.IoActions                                                   : loaded 2 times (x 71B)
Class org.gradle.cli.CommandLineConverter                                             : loaded 2 times (x 70B)
Class org.gradle.cli.CommandLineParser$MissingOptionArgState                          : loaded 2 times (x 77B)
Class org.gradle.cli.CommandLineParser$ParserState                                    : loaded 2 times (x 76B)
Class org.gradle.cli.CommandLineParser$OptionString                                   : loaded 2 times (x 73B)
Class org.gradle.internal.installation.CurrentGradleInstallationLocator               : loaded 2 times (x 71B)
Class org.gradle.internal.installation.CurrentGradleInstallation                      : loaded 2 times (x 73B)
Class org.gradle.util.internal.GUtil                                                  : loaded 2 times (x 71B)
Class org.gradle.cli.CommandLineParser$AfterOptions                                   : loaded 2 times (x 77B)
Class org.gradle.internal.installation.GradleInstallation                             : loaded 2 times (x 75B)

---------------  S Y S T E M  ---------------

OS:
 Windows 11 , 64 bit Build 26100 (10.0.26100.7920)
OS uptime: 14 days 2:10 hours
Hyper-V role detected

CPU: total 8 (initial active 8) (8 cores per cpu, 1 threads per core) family 6 model 189 stepping 1 microcode 0x125, cx8, cmov, fxsr, mmx, 3dnowpref, sse, sse2, sse3, ssse3, sse4.1, sse4.2, popcnt, lzcnt, tsc, tscinvbit, avx, avx2, aes, erms, clmul, bmi1, bmi2, adx, sha, fma, vzeroupper, clflush, clflushopt, clwb, hv, serialize, rdtscp, rdpid, fsrm, f16c, cet_ibt, cet_ss
Processor Information for processor 0
  Max Mhz: 2200, Current Mhz: 2024, Mhz Limit: 2200
Processor Information for processor 1
  Max Mhz: 2200, Current Mhz: 2024, Mhz Limit: 2200
Processor Information for processor 2
  Max Mhz: 2200, Current Mhz: 2024, Mhz Limit: 2200
Processor Information for processor 3
  Max Mhz: 2200, Current Mhz: 2024, Mhz Limit: 2200
Processor Information for processor 4
  Max Mhz: 2200, Current Mhz: 2000, Mhz Limit: 2200
Processor Information for processor 5
  Max Mhz: 2200, Current Mhz: 2000, Mhz Limit: 2200
Processor Information for processor 6
  Max Mhz: 2200, Current Mhz: 2000, Mhz Limit: 2200
Processor Information for processor 7
  Max Mhz: 2200, Current Mhz: 2000, Mhz Limit: 2200

Memory: 4k page, system-wide physical 32266M (1696M free)
TotalPageFile size 48238M (AvailPageFile size 16M)
current process WorkingSet (physical memory assigned to process): 121M, peak: 125M
current process commit charge ("private bytes"): 622M, peak: 626M

vm_info: OpenJDK 64-Bit Server VM (21.0.9+-14649483-b1163.86) for windows-amd64 JRE (21.0.9+-14649483-b1163.86), built on 2025-12-30T22:08:35Z by "builder" with MS VC++ 16.10 / 16.11 (VS2019)

END.
